iso3,t,y,Training mean,Persistence,Damped trend,Single-feature OLS (schooling),Random forest (raw),Gradient boosting (raw),"Ridge (raw, Set A)",Ours: Ridge + engineered (Set C),Random forest (Set C),Set C w/o education
DZA,1980,4.5092,4.84992224137931,6.9945,6.406140000000001,5.280426638851995,6.300256799767543,6.588332884934698,6.383691067122696,6.165766977092353,5.684512249999991,6.158683395585532
BEN,1980,6.7407,4.84992224137931,6.9892,7.180720000000001,6.491075861343187,6.775316630482681,6.840312957733203,6.616199253911407,6.911655910020529,7.035118750000013,6.624196095227557
BWA,1980,4.5095,4.84992224137931,6.2917,5.90626,4.4274177063383044,5.314669239891587,5.18100858069145,5.440581609186608,5.335895070815758,5.0900874999999886,5.631247742928131
BDI,1980,7.3651,4.84992224137931,7.3526,7.482679999999999,6.440065360395524,7.325933654856794,7.386613352199232,6.948720637370838,7.243011315910248,7.414959500000005,6.923149088837478
CMR,1980,6.3624,4.84992224137931,6.6131,6.867260000000001,4.834934930575741,5.949670146847103,6.283615653508155,6.014915932843526,6.047078150822373,5.895376499999987,6.314224046255108
CAF,1980,6.0494,4.84992224137931,6.1302,6.4339200000000005,6.183312505625622,5.920591016897317,6.009232610258649,6.035916386325475,5.9866953912262515,6.549585499999996,5.897611171099157
COG,1980,5.2665,4.84992224137931,6.0648,5.71596,3.676429775719939,4.136077308072209,4.484539661150083,5.146373065722384,4.940515813675126,4.7483467499999765,5.443524428937583
EGY,1980,4.5121,4.84992224137931,5.4938,5.1874400000000005,5.6278648286399635,5.009168541456891,4.639393352133934,5.029136060640119,4.926187192968141,4.357619750000003,4.941180544517914
GAB,1980,5.4587,4.84992224137931,5.6641,5.992180000000001,2.889167711094346,4.72114525598192,4.771738438270354,4.831132717908529,4.70480961684456,5.554294249999999,5.481331877975591
GMB,1980,6.2457,4.84992224137931,6.4137,6.397020000000001,6.665078347909102,6.5044076243258155,6.299954618875745,6.397412261582632,6.269927486327525,6.217274750000023,5.966484497125905
GHA,1980,5.7369,4.84992224137931,6.4735,6.1273,3.848731912254266,6.057157364159438,6.089690471643712,5.983559232505703,5.349610907459318,5.129675999999985,5.82301564737508
CIV,1980,6.7186,4.84992224137931,7.5858,7.19724,5.996840785494722,7.484182506798009,7.495555465496897,6.9681279252787975,7.08729412809587,6.949385999999988,6.82593747670127
KEN,1980,6.1355,4.84992224137931,7.5305,7.21274,4.948858382692189,7.161956241361412,6.347350186380201,6.663699682602686,6.689498056794667,6.540677749999985,6.817510717006829
LSO,1980,4.8134,4.84992224137931,5.7456,5.6506799999999995,3.685498309221745,5.161845476569033,5.104371405604086,5.509277894837732,4.780178584780651,5.426857749999991,5.301541737214979
LBR,1980,6.3699,4.84992224137931,6.872,7.02572,6.175377538811542,7.034715746748162,6.881325441513229,6.833041491345016,6.672087067059728,6.965631750000013,6.493028276700759
MWI,1980,6.7402,4.84992224137931,7.5183,7.70934,5.547381593811429,7.285656350808498,7.5979668096129584,7.5347083291110195,7.124106008304241,7.239962000000016,7.113131566735824
MLI,1980,7.3113,4.84992224137931,7.3651,7.49986,6.827178384253897,7.539647264066792,7.4964249745103,7.5041956609272145,7.392643530588581,7.367599000000008,6.93752995497012
MRT,1980,6.1749,4.84992224137931,6.6709,6.62062,5.820571165553355,6.603480429856113,6.663674148069133,6.418961566184508,6.2648156296405695,6.346399000000012,6.184033847480165
MUS,1980,2.2962,4.84992224137931,2.8033,2.3309800000000003,3.3766013868164553,2.3803963888590998,2.27476070130955,2.448211953759445,2.3188634461232107,2.4947125000000008,2.3533420402110936
MAR,1980,4.0599,4.84992224137931,5.7836,5.1655999999999995,6.109630670923443,5.104368470966709,5.324584799919696,5.460131972512766,5.192715474635537,4.396580749999993,5.021162994262532
MOZ,1980,6.3191,4.84992224137931,6.5299,6.374979999999999,6.6288042139018755,6.6038484058120135,6.570787115742812,6.639619436341225,6.317624414725364,5.9525435000000115,5.990542686536527
NER,1980,7.8064,4.84992224137931,7.7825,8.0747,6.961506036749409,7.864803179994205,7.944295291603084,7.819878226360512,7.956035230384926,7.819829250000001,7.418438814820429
RWA,1980,6.8031,4.84992224137931,8.1153,8.13834,6.059186953319643,7.6716967005657635,7.618500254246372,7.26838095603464,7.834261757958368,7.711851249999986,7.563803992696501
SEN,1980,6.3963,4.84992224137931,7.292,7.339639999999999,6.009310019059707,6.833127992775173,7.002331296522052,6.669580256528275,6.994696325093727,6.976661249999987,6.817389422038897
SLE,1980,6.5673,4.84992224137931,6.5618,6.58076,6.382253459321507,6.607513974860407,6.632254595777734,6.68983546699265,6.356410977706595,6.430135750000018,6.124920690166666
ZAF,1980,3.7243,4.84992224137931,4.7796,4.28568,4.1559284846279665,3.7893432846335413,3.6914579352966053,4.33644103338676,3.845850518791031,3.4452445000000056,4.167671682918318
SDN,1980,6.0742,4.84992224137931,6.5918,6.263,6.395289476230354,6.216771889801214,6.261182194005504,6.019070561794393,6.232198219875262,5.772065750000015,5.942895556289605
SWZ,1980,5.2947,4.84992224137931,6.5745,6.415499999999999,3.7314077600746414,5.807324384296555,5.740785094769957,6.192837371812803,5.489126468112994,5.602075249999988,6.029320458140162
TZA,1980,6.2012,4.84992224137931,6.9911,6.859700000000001,5.177838853612807,6.862234146981223,6.702113657122544,6.740256119983109,6.338120943607495,6.224921500000015,6.43117184329552
TGO,1980,6.0671,4.84992224137931,6.8756,6.620360000000001,5.702113446686005,6.644894753103187,6.799397993564961,6.426478976577279,6.337691117972177,6.22223750000001,6.249677719536118
TUN,1980,3.4407,4.84992224137931,5.0331,3.9065400000000006,4.8887793482427195,4.010688111792375,3.8834078696953656,4.810809940213669,3.93982651739018,3.294828000000009,4.0204668973097935
UGA,1980,7.0136,4.84992224137931,7.1133,7.007459999999999,5.8200043822094925,7.130411443658891,7.0686801390990395,7.009579676417551,6.681027994167331,6.16315525000002,6.559579837062236
COD,1980,6.6494,4.84992224137931,6.4948,6.585519999999999,5.9809708518665605,6.380692535307475,6.4974902335654106,6.246926049145104,6.201051893333174,6.267395499999992,6.1062547464699435
ZMB,1980,6.5667,4.84992224137931,7.1391,6.80022,4.421183089555812,6.583359078102063,6.721596423465261,6.4032820876977885,6.132434443790994,5.792832750000006,6.442868813553513
ZWE,1980,4.8762,4.84992224137931,6.5173,6.13906,4.612755859781478,5.729106725329744,5.567447832474537,5.99926548085338,5.601374555250345,5.0768405,5.844188608909212
BRB,1980,1.8416,4.84992224137931,1.7767,0.9723399999999999,1.7986765575020929,1.7625439059904773,1.6970479150971158,1.2736521852473945,1.3140924844805735,1.7063840000000081,1.2038284174181872
CAN,1980,1.6963,4.84992224137931,1.6576,1.48756,1.0811288441716398,1.6779064264858194,1.8173683072346816,1.2304025982735372,1.4246395297217433,1.9658167499999957,1.4763176589035893
CRI,1980,3.1675,4.84992224137931,3.5833,3.31894,3.0076254299616965,2.844622322567009,2.761929982470485,2.928732491361931,2.825246007435922,2.8469624999999996,3.199996971650438
DOM,1980,3.4109,4.84992224137931,4.3024,3.1835199999999992,3.858367229099935,3.654952601640943,3.6018024819535737,3.6101904020703506,3.0795729851895413,2.9957097500000027,3.3494677170564815
SLV,1980,3.964,4.84992224137931,5.1065,4.388059999999999,4.604254109623534,4.330981495076898,3.9666643536414696,4.413874810678527,4.134493384996156,3.7151537500000034,4.334507763229598
GTM,1980,5.4803,4.84992224137931,6.1708,5.88364,5.31443363948377,5.12716076112578,5.062431731321882,5.278482034450851,5.516385057085179,5.206383249999995,5.578740421531014
HTI,1980,5.4144,4.84992224137931,5.5573,5.328099999999999,5.712315546875538,5.294323401002035,5.561477614965927,5.13416855002792,5.044624982132379,4.934714250000006,5.0464368302650975
HND,1980,5.2712,4.84992224137931,6.4182,5.880719999999999,4.406446722615376,5.4777402945104905,5.328643880935486,5.513658944011649,5.376246538952491,4.908068000000007,5.656505708008104
JAM,1980,2.9546,4.84992224137931,3.5881,2.5710999999999995,2.856294277150297,2.8928658205840243,2.758114890680416,2.8246321972186053,2.460935466882692,2.576918249999998,2.750452760598434
MEX,1980,3.4436,4.84992224137931,4.739,3.53864,3.7682486774257313,3.672212218632684,3.4485067174087667,3.9004824654852928,3.410778077550032,3.5416102500000006,3.704016216625759
NIC,1980,4.5963,4.84992224137931,5.9591,5.37554,5.2090119375252675,4.91643711279576,5.056398632358106,5.139597326724188,5.1476350319102036,4.522119499999995,5.204210394464685
PAN,1980,3.072,4.84992224137931,3.7962,3.054239999999999,2.5627005050293055,3.164986708196849,3.127316291240958,3.218486487341473,2.6670140928609496,2.8587547499999992,3.1087700287553632
TTO,1980,2.3939,4.84992224137931,3.1455,3.0633000000000004,2.385297318400213,2.3946921205609764,2.1975864783510817,2.307482631262343,2.5525144143962915,2.8400817499999986,2.9050677492117094
USA,1980,2.0719,4.84992224137931,1.8611,1.9169,0.46446856604878484,1.678234220190032,1.8173683072346816,1.351968735361683,1.5566707487761078,1.9306979999999976,1.8007048132545318
ARG,1980,3.0342,4.84992224137931,3.3013,3.3381399999999997,2.313315833729622,2.782715674009461,2.896231403546003,2.489160169954073,2.689377491576798,2.8451179999999994,3.1209294145648845
BOL,1980,4.8995,4.84992224137931,5.4741,5.1455400000000004,3.368099636658511,5.397558227172279,5.2264399899323895,5.102299118653581,4.3607466283133585,4.117905749999997,4.909574466304216
BRA,1980,2.8964,4.84992224137931,4.0373,3.5838200000000007,5.358075956961215,4.020258472513501,3.312606541105358,3.5128594486278235,3.379359589458433,3.516898500000005,3.5057071204732715
CHL,1980,2.5787,4.84992224137931,2.744,2.2186400000000006,2.5899061055347254,2.470325046408381,2.520509697861712,2.2172010920913188,2.1403021605594756,2.3240175000000076,2.266518090469711
COL,1980,2.9951,4.84992224137931,3.7983,3.0791399999999998,3.754079093829158,3.064487870237609,3.07757419768251,3.115883513008468,2.858606102860004,2.7914390000000084,3.124464422298874
ECU,1980,3.6795,4.84992224137931,4.7296,3.8941599999999994,2.9809866128001388,3.706531717417135,3.6960934314625016,3.9097350546328533,3.417033448338572,3.301342249999999,3.9154395401280846
GUY,1980,3.1806,4.84992224137931,3.7701,2.9545799999999995,2.902203728003194,3.1593691307604943,3.1579974125483083,3.0464704087299896,2.6690018948400787,2.8325132500000008,3.0402666082685004
PRY,1980,4.5655,4.84992224137931,5.1016,5.011,3.8164252616540795,3.7637806041517883,3.5508290348141167,4.305118683028017,4.2475194377015155,3.9251077500000053,4.708681806057955
PER,1980,3.9119,4.84992224137931,5.0406,4.237920000000001,3.250775484478887,3.8803413751754654,4.200624533678247,4.3611587553335225,3.7481636034582233,3.551497749999997,4.222761788569888
URY,1980,2.4767,4.84992224137931,2.5896,2.0772,2.4618130698217064,2.4349718657716575,2.4169753247287153,1.9740175270481055,2.034454941029091,2.0904692500000026,2.1315715648665123
VEN,1980,3.4483,4.84992224137931,4.1995,3.615699999999999,3.353930053061939,3.1848573052938836,3.3632745853034596,3.2102268905026214,3.151350655840508,2.705651499999998,3.577075812962536
AFG,1980,7.5758,4.84992224137931,7.6432,7.764640000000001,6.853817201415454,7.629626871759781,7.7242312520572955,7.221432680908607,7.690330219652174,7.7086920000000045,7.186636828417832
BHR,1980,3.8167,4.84992224137931,4.7622,3.7347599999999996,3.456517838301127,2.8550295565255492,2.8944003065269372,3.7533079501894004,3.4493240020197193,3.709017999999993,3.829770826251597
BGD,1980,4.5062,4.84992224137931,6.3257,5.843420000000001,6.130601654646371,5.565252452885972,5.5696317608603305,5.486763730826237,5.811366117738927,5.077427000000011,5.604272769461206
MMR,1980,3.5035,4.84992224137931,4.7889,4.23738,5.465198008951306,4.49850294320526,4.134432464561172,4.118986421139059,4.085926541703574,3.636858249999997,4.14152724339051
CHN,1980,2.514,4.84992224137931,2.739,1.7405999999999997,3.037664947186431,2.321040110496446,2.5014274596264996,2.10660380413251,1.9885069995895486,2.3669270000000076,1.9765634561658114
HKG,1980,1.283,4.84992224137931,2.0614,1.38232,1.2420953138287079,1.6998051881983016,1.5317648569543088,1.0027927860759802,1.457801310620026,1.700985250000006,1.5426395711903256
IND,1980,4.0446,4.84992224137931,4.7753,4.272259999999999,5.867047399750114,5.03433218440126,4.5467161507941185,4.527298306127959,4.173687722563195,3.8769760000000004,4.158194684329208
IDN,1980,3.1137,4.84992224137931,4.4946,3.8502,4.7102425949259,4.091356348876905,3.915077870451777,3.5606074306065922,3.6198146329896406,3.625882750000003,3.813382832555398
IRN,1980,4.9338,4.84992224137931,6.6304,7.45024,4.407013505959239,5.023891702390346,5.382204766002827,5.783816523162147,6.191784240955145,6.119286000000002,6.671430924721841
IRQ,1980,5.9294,4.84992224137931,6.593,6.20912,5.557016910657099,5.1375051921030925,5.465542484538248,5.7505461623897105,5.95467559815073,5.464227500000016,5.910781594303546
ISR,1980,2.8398,4.84992224137931,3.1528,2.5993600000000003,0.8991913907916436,2.3620880627875867,2.2049982846819223,2.4674003080462326,2.1168835545740863,2.337380000000005,2.6275718760064937
JPN,1980,1.5087,4.84992224137931,1.7392,1.52152,0.6883479868746374,1.6853772718189586,1.605572633411107,1.0162369582530237,1.392383479612862,1.9724834999999958,1.5230321548447652
JOR,1980,5.5439,4.84992224137931,7.2868,6.5208400000000015,3.7172381764780686,6.102304849659544,5.828265939056003,5.938325290550809,5.831015875567895,5.655518249999995,6.321828585815276
KOR,1980,1.6025,4.84992224137931,2.7338,2.03924,1.616172320778233,2.3302868719402956,2.2058090613237287,1.7518202968471512,1.9097484464773098,2.082676,2.1550276057987103
KWT,1980,3.4865,4.84992224137931,5.1836,4.13264,4.059575316171271,3.0010407215894888,2.947640329567271,4.04411574180954,3.93397630422096,3.790403999999993,4.205225559130425
MYS,1980,3.3041,4.84992224137931,4.0345,3.474940000000001,2.791680975949924,3.2944794612893595,3.0503624649584085,2.9563811784658345,2.9353971919734567,2.7170822499999967,3.439132090263177
NPL,1980,5.2106,4.84992224137931,5.6031,5.4472200000000015,6.908228402426294,5.6750387044683395,5.663791459322029,5.554251869800383,5.416204216061271,5.677307250000005,5.133010818618242
PAK,1980,6.3637,4.84992224137931,6.7339,6.640300000000001,6.2252544730714785,6.188970083327671,6.384869034466309,5.99238688188088,6.433654455551739,6.224063250000012,6.216155877230883
PHL,1980,4.3224,4.84992224137931,5.108,4.522399999999999,2.9197740116629434,3.8172135816682453,3.554294027590209,3.874788865199734,3.8332635159091106,3.4089700000000027,4.41602204345518
SAU,1980,5.8036,4.84992224137931,7.145,6.8746399999999985,5.189174520490066,6.040524737496728,5.948163434778576,6.098594792586971,6.426260840256909,6.05828450000001,6.489654522121602
SGP,1980,1.5829,4.84992224137931,1.7388,1.3291199999999996,2.6018085557558472,1.966910053237063,1.7325216396051613,0.9046063220596863,1.5932457511281064,2.1064542499999934,1.406850447134095
LKA,1980,2.5406,4.84992224137931,3.7246,3.61504,2.3705609514597774,2.7732324688259484,2.8509686250530843,3.0040905742971207,2.884458417931521,2.798192749999997,3.4240213701060513
SYR,1980,5.561,4.84992224137931,7.1186,6.6771199999999995,5.09112100200178,6.085075526093204,5.920807897065273,6.060919576210679,6.2899118334848465,5.798231750000002,6.36202681285415
TWN,1980,1.7874,4.84992224137931,2.5297,1.9982200000000003,1.3877586332014782,2.1805452714033042,1.9515388956744224,1.4334888599978481,1.8276785414625811,1.837673249999999,2.06467705496087
THA,1980,2.065,4.84992224137931,3.2935,2.0091399999999995,4.196170102042234,2.9436519980380957,2.7645891162766962,2.9034909489646097,2.364579542520162,2.650995250000003,2.3167869372784766
ARE,1980,4.5061,4.84992224137931,5.9532,5.473319999999999,4.205805418887904,4.242573654695057,4.452028245454737,4.646895071595602,4.923430800838577,4.341376499999988,5.261293441771177
YEM,1980,8.6065,4.84992224137931,8.7101,9.11414,7.138909223378501,8.14117857851122,7.8853446429700185,8.062290460532202,9.071012320657868,8.282583749999963,8.343591736926223
AUT,1980,1.4666,4.84992224137931,1.6513,1.44526,3.4961926723715306,1.6943203243209113,1.8523002953095962,1.5451798601332447,1.7690840758636033,2.0334977500000044,1.4487777285073005
BEL,1980,1.6252,4.84992224137931,1.6928,1.6257200000000003,1.4682418680300122,1.6645958211834826,1.8173683072346816,1.2500120756252757,1.5512725621397072,1.9229224999999952,1.5709689586266404
CYP,1980,2.4023,4.84992224137931,2.298,2.52708,2.003285344636606,1.883328346454779,1.9757828392713825,2.218684948751302,2.1298713007445644,2.1892469999999964,2.309198556444608
DNK,1980,1.6644,4.84992224137931,1.5402,1.09908,0.9405665748936354,1.6959599788304767,1.8173683072346816,1.2597720559185595,1.209111821651672,1.981957499999997,1.2042535114548918
FIN,1980,1.776,4.84992224137931,1.6301,1.5731000000000002,2.4980872038289332,1.7079104648938195,1.8523002953095962,1.5052245238782977,1.6738594486155018,2.134700749999995,1.519074392636794
FRA,1980,1.7822,4.84992224137931,1.9509,1.97046,3.776750427583675,1.6769143400440982,1.803747020848353,1.6643628564931117,2.0940213123843088,2.0165702500000062,1.8618776546315345
GRC,1980,1.4663,4.84992224137931,2.2967,2.1500600000000003,2.0781007460265117,1.7490476891048905,1.8809186927097703,1.8176154225026426,1.9684988151075906,2.324036000000005,2.0813672091058453
HUN,1980,1.8571,4.84992224137931,1.9199,1.3878199999999996,1.5606275530796676,2.100862338280194,2.198980529976095,1.4110102515011,1.4884426277466818,1.7607205000000063,1.5004720023109033
ISL,1980,2.3022,4.84992224137931,2.4781,2.2837,2.1517825807286903,1.80289326965056,1.8349670787754988,1.9770036830071493,2.0663726369871513,2.125566750000003,2.220288013082723
IRL,1980,2.1103,4.84992224137931,3.2051,3.0052999999999996,0.5523199843475375,2.661909749737295,2.496705384292127,2.538045570088556,2.2576045777838667,2.6632157500000004,2.8892413052391226
ITA,1980,1.3314,4.84992224137931,1.6466,1.00964,2.3252182839507434,1.6747387607564093,1.7982819587930852,1.2869130769506993,1.3923019838534905,1.885693500000001,1.1845067103609548
LUX,1980,1.6023,4.84992224137931,1.4961,1.4178600000000001,2.5774368719697414,1.7053139961211716,1.8183039408648838,1.2861431668252647,1.5959033309452892,2.0858344999999963,1.3823614586818138
MLT,1980,2.0413,4.84992224137931,1.9932,1.8032400000000002,1.9800472275382268,2.0494790749202916,2.009320918956788,1.7370324106442547,1.752178799459211,2.065482750000002,1.7746100800617963
NLD,1980,1.614,4.84992224137931,1.5959,1.5121400000000003,1.5164184522583595,1.6805181347934843,1.861075427949679,1.0575477738720478,1.4929058009234644,1.9270599999999953,1.471310558345143
NOR,1980,1.9317,4.84992224137931,1.7224,1.4059599999999999,1.7340632563017202,1.7176774058503315,1.8492813662623449,1.457901552035803,1.495051246235818,1.9932357499999993,1.4479275450643359
POL,1980,2.0649,4.84992224137931,2.2775,2.2720999999999996,2.2163958819290634,2.2468614205833095,2.3582751569842966,1.7805597635844865,2.042504910629667,2.3624177500000076,2.1488082890510523
PRT,1980,1.5554,4.84992224137931,2.2451,1.6390999999999996,2.50715573733074,2.317115958203219,2.3333716178758928,1.9144920501423872,1.7922401239907706,2.068161000000004,1.7565761235067225
ESP,1980,1.3576,4.84992224137931,2.2121,1.5385399999999998,1.3973939500471477,1.7497359631671028,1.8707588165333418,1.6912683274746767,1.573996237780043,1.7663582500000026,1.6853118338137336
SWE,1980,2.1213,4.84992224137931,1.6719,1.5581399999999999,1.412697100331446,1.7029191623259847,1.8173683072346816,1.3190573239943575,1.5090168805501376,1.9426922499999955,1.5234873057126954
CHE,1980,1.5775,4.84992224137931,1.5469,1.46674,0.9161948911075299,1.6779064264858194,1.8173683072346816,1.1293216888892967,1.3745816428286455,1.9297607499999954,1.4281748579305167
TUR,1980,3.1075,4.84992224137931,4.4532,3.69264,4.983432166667827,4.20240675973599,4.140635211794225,3.9567976323636076,3.5764967125108607,3.65390125,3.705036723625981
GBR,1980,1.8289,4.84992224137931,1.888,1.9854399999999999,1.9534084103766691,1.650171209026644,1.6365480113530857,1.2634902240344665,1.8166620848784727,1.9993332499999983,1.8506942220816875
AUS,1980,1.908,4.84992224137931,1.9007,1.53254,0.15557164364349507,1.6805181347934843,1.861075427949679,1.2946605565614115,1.339771471175582,1.9427189999999968,1.58159335742008
FJI,1980,3.3857,4.84992224137931,4.0375,3.958179999999999,2.222630498711555,3.3582714450559865,3.1830772930375617,3.2002811859344034,3.0703960586627184,3.404273749999998,3.7315803967099854
NZL,1980,2.167,4.84992224137931,2.032,1.6424800000000004,0.31483776326897495,1.7034713498977132,1.8173683072346816,1.4541146354155563,1.4326538353632143,1.884715999999998,1.6901140187601036
PNG,1980,5.1796,4.84992224137931,5.7048,5.27316,5.556450127313235,4.975132228522973,4.8191067117356035,5.384044307857244,5.059323378866565,4.558242999999984,5.0607115435822445
TON,1980,4.9294,4.84992224137931,5.5989,5.422620000000001,2.0151877948577277,4.700361270812507,4.261298471187324,4.313612206069587,4.206507523251434,4.974745500000001,5.116822337268965
LBY,1980,4.7763,4.84992224137931,7.5434,7.02308,4.723278611834747,7.2000513255443,6.264402715766355,6.5533085614273965,6.528295102119534,6.482215749999986,6.707257018519314
NAM,1980,5.3978,4.84992224137931,6.2378,5.8838,3.453117138237949,5.576712040881813,5.486190028012214,5.808293870625962,5.02634463595599,5.242875749999978,5.600374043967012
REU,1980,2.5707,4.84992224137931,2.8737,1.94562,2.906171211410234,2.277035671846582,2.301230116083991,2.6779478475603273,2.0814622545609933,2.273933,2.14352804042901
BLZ,1980,4.8021,4.84992224137931,5.8486,5.33284,2.3371207341718643,4.7177575461934715,4.705498290260114,4.844257651274153,4.328438569799252,4.415237499999986,5.142934157604376
BRN,1980,3.2903,4.84992224137931,4.0671,2.9597400000000005,2.9458460454806388,3.272770169169489,2.9339996085320195,2.7580204672165576,2.735451904657676,2.8301547499999997,3.138849535851402
BGR,1980,1.7948,4.84992224137931,2.0563,1.8414999999999995,1.6813524053224689,2.0960437989934633,2.254051559740372,1.5733233893560334,1.7334858876060415,1.8879797500000013,1.817971464304538
CZE,1980,1.8848,4.84992224137931,2.0761,1.6509399999999994,1.4002278667664618,2.0416547220855286,2.0218112870830796,1.6728802011204196,1.6066487084464982,1.8662757500000007,1.7093928988990243
ROU,1980,1.8372,4.84992224137931,2.4347,2.2425799999999994,1.4988288663794704,2.3096271635901173,2.407960000391024,1.9363847358554223,1.9428345955729527,1.9509194999999997,2.181534068767115
RUS,1980,1.91,4.84992224137931,1.9162,1.8133599999999999,1.3169107152186137,2.04892742448924,2.0731715429349293,1.4777619403506943,1.645802244895778,1.9037017499999964,1.7559627228563355
CUB,1980,1.8059,4.84992224137931,1.6369,0.21190000000000042,1.6348761711257098,2.0694995363302375,1.8749507649542072,1.3607596651346179,0.9217221148612196,1.7402780000000055,0.700202464304331
ALB,1980,3.0137,4.84992224137931,3.5903,2.4198200000000005,1.9301702932782896,2.8654455947364705,2.8852183822002835,3.0284022980424066,2.2521863870370273,2.4894407499999986,2.6599098600036934
SVK,1980,2.076,4.84992224137931,2.3226,2.05668,1.541356919388328,2.1852274147376267,2.073350684611446,1.9393866321957907,1.8483828130599207,1.944311500000001,2.0333671722594735
DEU,1980,1.4605,4.84992224137931,1.5564,1.65144,4.044838949230835,1.6357621843658874,1.7863908818372205,1.258411050873951,1.9328629779399242,2.0679117500000026,1.5426372176915097
ARM,1980,2.7083,4.84992224137931,2.4803,1.9515800000000003,1.5050827853811017,2.2476200025094877,2.2508719605936016,2.0128664889213805,1.8170837318578852,1.8228374999999997,2.020664823217602
KHM,1980,5.642,4.84992224137931,5.7737,7.77854,5.782029898170677,5.432883740181488,5.493478471130535,5.265780804223292,6.299195422397077,5.713112750000005,6.5940713937782975
KAZ,1980,2.7448,4.84992224137931,3.0915,2.72382,2.4159036189688106,2.5912701196335917,2.396668032493008,2.6150048762058105,2.3942012927651204,2.684159249999999,2.682939646378714
KGZ,1980,3.7978,4.84992224137931,4.2252,3.57864,2.2350997322765394,3.4830121578623863,3.4223193487439363,3.4440430356158904,2.9609333671901297,3.1562914999999987,3.5629829631783165
LAO,1980,6.0574,4.84992224137931,6.3317,6.384979999999999,5.368278057150747,6.047216371036743,6.070041195678187,5.955121315647881,5.843532782318697,5.865780999999998,5.9328632746531555
MDV,1980,6.1298,4.84992224137931,7.226,7.11212,4.7221450451470215,6.40838879722054,6.69915973215822,6.498174794686532,6.417218481504486,6.1474437500000105,6.658936712832426
MNG,1980,4.2061,4.84992224137931,6.2105,5.1838999999999995,3.033697463779389,5.707826563610243,5.654939061170892,5.077623599788628,4.577646907048116,4.514057499999992,5.169428077959346
QAT,1980,4.2298,4.84992224137931,5.329,4.69096,3.5744087738246133,3.919199430135161,3.704206976667755,4.345812316951411,4.142209084689611,3.821145249999989,4.5887355261103515
TJK,1980,5.4557,4.84992224137931,6.2116,5.635479999999999,1.4756100515002308,5.501581814929357,5.490640483025664,5.018018665387663,4.348082520991499,4.813168499999986,5.442168738418055
VNM,1980,3.6019,4.84992224137931,4.7948,3.8027600000000006,3.5585388401964524,3.706244541936408,3.3660093986245987,3.6153444293849506,3.513717109433947,3.7254574999999925,3.881266776056177
HRV,1980,1.6283,4.84992224137931,1.9313,1.9073,2.1126745300021494,2.0767239859167517,2.0487308769323094,1.7118843480201829,1.8110754500018769,2.0150204999999994,1.817479971362571
EST,1980,2.0418,4.84992224137931,2.0247,2.0015400000000003,1.8094454410354888,2.0435585322724914,1.9596634927233205,1.5797685843237401,1.8215859547854323,1.8592664999999995,1.9043476671329955
LVA,1980,1.9874,4.84992224137931,1.8757,1.7893,2.1444143972584726,2.0261483853622404,2.0320906614987297,1.649160047421117,1.7540346227252095,2.007790749999998,1.7284313476298756
LTU,1980,2.0308,4.84992224137931,1.9987,1.7874999999999996,1.693821638887453,2.0411147785308184,2.0218112870830796,1.736156746758053,1.7025327400755335,1.8909855000000007,1.7668838927694899
SRB,1980,1.649,4.84992224137931,1.8626,1.78976,2.355257801175478,2.023201977546249,1.9252319686407617,1.6230926042313696,1.7842341700177875,1.9957169999999977,1.724497825848954
SVN,1980,1.4621,4.84992224137931,2.1045,2.0234999999999994,1.9437730935310005,2.0758068217909487,2.0986473084947583,1.8955105375205017,1.8631817036599667,1.9737000000000018,1.9432453132525698
MAC,1980,1.7092,4.84992224137931,1.7313,1.94394,4.411547772710143,1.728449810595514,1.5126785085127123,0.9890377705812572,2.1467460632255677,2.094105999999997,1.7752908451221394
UKR,1980,1.8447,4.84992224137931,1.9488,1.82796,1.4013614334541877,2.0504887781313914,1.9667402573188033,1.5000539117321474,1.6698361676160602,1.863456749999998,1.7752485009785541
DZA,1985,3.4869,4.703583034482759,6.0352,4.884039999999999,4.3670863283177805,4.486073981686644,4.673969520120706,5.245413214221472,4.810536350433806,4.264279499999989,4.9711469013644285
BEN,1985,6.33,4.703583034482759,7.0032,7.019999999999999,6.168571135151484,6.524139409798962,6.7192042822279525,6.4762469578968105,6.722932711480819,6.727254999999988,6.511684117787824
BWA,1985,3.7921,4.703583034482759,5.4824,4.511240000000001,2.8938991522315836,4.506003250879484,4.174325830639089,4.616242392770292,4.042343316151863,4.084091999999993,4.562167649409538
BDI,1985,7.1836,4.703583034482759,7.2937,7.223020000000001,6.407182060703213,7.002361569864738,7.148346915697117,6.678510948932707,7.063460648151113,6.80030425000001,6.730557968363552
CMR,1985,5.9187,4.703583034482759,6.5639,6.504860000000001,4.527082981413952,5.64799061716823,5.92318990084795,5.8098076022956935,5.7627069011075545,5.922153999999993,6.065014643439305
CAF,1985,5.9427,4.703583034482759,6.1191,6.10578,6.0069136171442805,5.938221089476839,5.931141343296463,5.9208352652492255,5.774151259740279,5.948710999999998,5.6808471485161345
COG,1985,5.0683,4.703583034482759,5.5866,5.012759999999999,3.1823360251143002,4.000290573912639,3.9425412127272224,4.607589687187065,4.351196482140945,4.449112749999994,4.8789585850514365
EGY,1985,3.7644,4.703583034482759,5.1157,4.661980000000001,4.602375524047444,3.7231300447676277,3.7929066751014764,4.457320825203616,4.304035461529258,3.8951335000000116,4.51211135400569
GAB,1985,4.8843,4.703583034482759,5.7133,5.77234,2.5035958981388484,4.464470457189725,4.347132398518479,4.8197148489657815,4.538133628472759,5.139294499999994,5.347398829794222
GMB,1985,5.994,4.703583034482759,6.3575,6.2900599999999995,6.500190495721056,6.3310629060749815,6.2413002099957335,6.166127019164113,6.131579258890259,5.7614770000000135,5.870288797600116
GHA,1985,5.1056,4.703583034482759,6.1192,5.694040000000001,4.119063834936865,5.36648651843597,5.499660891207258,5.619269040926713,5.103985850413091,4.607095249999987,5.452026931380672
CIV,1985,6.0378,4.703583034482759,7.2726,6.89676,5.826986585115714,6.780800710160658,6.938353170178097,6.566141128522377,6.725375053836265,6.061111750000012,6.541512159896132
KEN,1985,5.3717,4.703583034482759,6.9599,6.275180000000001,4.379819625969033,6.051142657220566,5.8251047242918625,6.020000246599023,5.831145481861395,5.702941499999997,6.081888066032862
LSO,1985,4.1253,4.703583034482759,5.4008,4.987040000000001,3.6662013358618903,4.525786885043878,4.290028802707289,5.12637792273243,4.36913573043716,4.317158249999997,4.796847535835337
LBR,1985,6.1732,4.703583034482759,6.6925,6.4771,5.914458803763448,6.666680160043077,6.71047290546326,6.603098780016159,6.240647794229156,5.9665540000000075,6.096522569253009
MWI,1985,6.3922,4.703583034482759,7.17,6.75204,5.106171213727428,7.106019796956069,6.919720646550368,7.074979365111352,6.367220507393634,5.827147000000002,6.4236247213843125
MLI,1985,7.0523,4.703583034482759,7.2612,7.136519999999999,6.698387041770984,7.266031103411361,7.245508835165419,7.253207303053522,7.107582156119312,6.355351500000008,6.670616650426382
MRT,1985,5.9622,4.703583034482759,6.4231,6.12574,5.662560958923455,5.9994607132620565,6.067408273590502,6.014308696193755,5.867902860864091,5.469874000000013,5.8028984483590795
MUS,1985,2.1375,4.703583034482759,2.0538,1.1543999999999994,2.8878093142244623,1.9479740284090195,1.876560318280217,1.7993703978384472,1.6452830034789114,1.8584522499999918,1.444936399931661
MAR,1985,3.2954,4.703583034482759,4.9877,4.0326200000000005,5.707404311521344,4.09504889715401,3.9083663692591473,4.650108261719103,4.212531979386757,3.9102792500000003,4.115576574564933
MOZ,1985,6.0193,4.703583034482759,6.4305,6.311220000000001,6.472509413870508,6.54346927230953,6.4672906652138495,6.567420295565178,6.178509863603112,5.7814980000000125,5.908694394985874
NER,1985,7.7757,4.703583034482759,7.9317,8.11074,6.8085577475361685,7.91978406179415,8.026332302478398,7.957335681999208,7.9674359962041414,7.7443237500000075,7.456841443744627
RWA,1985,6.3448,4.703583034482759,7.7858,7.3904000000000005,5.92165588504459,7.197883694154185,7.329082939347467,6.725739483552708,7.260766014616516,6.615695999999993,7.0032040902889
SEN,1985,5.8189,4.703583034482759,7.0134,6.67908,6.127049512375661,6.398508573865274,6.497270603690279,6.32812421620296,6.582176938607243,6.006941750000019,6.325914055301457
SLE,1985,6.5553,4.703583034482759,6.5917,6.627580000000001,6.193484108816977,6.598040876390571,6.525120600563315,6.663911086711606,6.322007410371649,6.4057800000000125,6.143372606801336
ZAF,1985,3.1715,4.703583034482759,4.4951,4.1537,4.0509683735845154,3.532275477013996,3.5281488369344682,4.034640454997592,3.6852323708746475,3.473067499999999,4.0030821693546965
SDN,1985,5.8556,4.703583034482759,6.2791,5.903859999999999,5.793769286895056,6.101313632705308,6.0199882416767565,5.810166092271321,5.732900918476721,5.263161250000003,5.6270127163504915
SWZ,1985,4.5227,4.703583034482759,6.2819,5.930780000000001,3.5864798201323103,5.413583340545627,5.437885310419781,5.84247951724798,5.128466884634097,5.263262999999986,5.642997584425828
TZA,1985,5.8218,4.703583034482759,6.598,6.1262799999999995,4.952818020275389,6.241874827689054,6.180180013185279,6.297976937877683,5.759101012657053,4.910385500000003,5.867035351400933
TGO,1985,5.5646,4.703583034482759,6.4574,5.955559999999999,5.214681054581579,6.047938501578422,6.1324806865528805,5.931010731179437,5.691487515750749,4.921031750000001,5.720826757821607
TUN,1985,2.67,4.703583034482759,4.5211,3.906699999999999,4.7236186625528465,3.5647529019343267,3.621166764026514,4.211247689237833,3.717471380240156,3.5111802500000038,3.875282336827032
UGA,1985,6.8711,4.703583034482759,7.0369,6.945220000000001,5.452184736859286,6.821569696437975,6.745540756692257,6.75502484657207,6.481623504911585,6.1818302500000195,6.482419446542259
COD,1985,6.6756,4.703583034482759,6.6116,6.751760000000001,5.718476744261563,6.406546944977337,6.42916015537528,6.259520810588587,6.24084734844235,6.129656249999994,6.219658658165051
ZMB,1985,6.2316,4.703583034482759,6.928,6.6746799999999995,4.441825249314262,6.217233168981241,6.456016739694044,6.28754677848851,5.991198677699941,6.079753250000005,6.29229826273965
ZWE,1985,4.1529,4.703583034482759,5.8708,5.095000000000001,4.3776051394209885,4.609259527161167,4.622286526956465,5.377906805906481,4.812119612952996,4.348908749999985,5.028400064624364
BRB,1985,1.7043,4.703583034482759,1.7692,1.7602000000000002,1.885200529597593,1.6485090713491217,1.6204721099057044,1.2592722367969982,1.6741450001856188,1.8733047499999964,1.6777809809167903
CAN,1985,1.674,4.703583034482759,1.5945,1.51878,1.4052105703090798,1.6123826390683496,1.7003775004960742,1.2340645366866467,1.4706271817844443,1.6466174999999985,1.479829171417967
CRI,1985,2.7785,4.703583034482759,3.5108,3.4238000000000004,2.7521720131567746,2.7368350462484012,2.5901556452941965,2.773122901448306,2.8577715206126735,2.742103999999991,3.23812345901
DOM,1985,3.1009,4.703583034482759,3.6856,2.9454400000000005,3.3550659758617236,2.9477133534148106,2.869039799824075,2.9991323980105618,2.7965620109221208,2.727914500000006,3.03603772286699
SLV,1985,3.5678,4.703583034482759,4.3165,3.3684999999999996,3.7990705287445232,3.570866571190469,3.374820286947684,3.656225763170517,3.249419817240752,3.1407372499999995,3.5014586228912536
GTM,1985,5.1051,4.703583034482759,5.7294,5.19972,5.1903217025530966,4.570523826668081,4.387609717873764,4.7774635474976135,4.980913166289,4.469115249999986,5.034996807174618
HTI,1985,4.8841,4.703583034482759,5.4953,5.420900000000001,5.425610898282759,4.82213826719361,5.06887473804107,4.914923295267477,4.991192535297959,4.8933217500000055,5.072490730051421
HND,1985,4.8352,4.703583034482759,5.8162,5.093800000000001,4.012214858993747,4.809828109025884,4.577028977618823,4.876762678218015,4.691998554487356,4.224457249999987,5.007804615248842
JAM,1985,2.8506,4.703583034482759,3.212,2.7606800000000007,2.6990243360037214,2.8241121611828586,2.769783291769226,2.5137337219237956,2.5201713951602027,2.8700462499999992,2.7604836217813045
MEX,1985,3.0436,4.703583034482759,4.0874,3.3054799999999993,3.2703618653990447,3.4022949548771373,3.2989266611981045,3.2698152726181315,3.038283378570329,3.3563912499999975,3.3828111124435862
NIC,1985,3.7752,4.703583034482759,5.3592,4.6393200000000006,4.879739964189941,4.399183261836087,4.1204990671905355,4.488984398308744,4.484724725453824,4.020670499999992,4.588391357952473
PAN,1985,2.8517,4.703583034482759,3.4273,2.9846199999999996,2.286022594793536,2.8097180617283266,2.8661413373536533,2.8541555903255125,2.6001118974164292,2.851723749999997,2.9635381489027184
TTO,1985,1.9668,4.703583034482759,2.9878,2.7985599999999997,2.2085155656120006,2.0008079502076255,1.915158217514369,2.1977394665441152,2.4130180823015066,2.34044825,2.6997076310509738
USA,1985,1.965,4.703583034482759,1.8545,1.84658,0.6135316293833899,1.656067154096602,1.7003775004960742,1.4436799226343835,1.548232837567466,1.6361954999999953,1.7569270729142135
ARG,1985,2.8638,4.703583034482759,3.0661,2.7838600000000002,1.9538496125869527,2.416008123690665,2.366488922830755,2.283986576195641,2.3896360013257434,2.317913250000001,2.720115675191753
BOL,1985,4.4094,4.703583034482759,5.1533,4.768339999999999,2.788711041199498,4.986907954769063,4.6960484112380545,4.667771431824188,3.982507417835234,3.7475105000000024,4.58495286976516
BRA,1985,2.567,4.703583034482759,3.4804,2.8121199999999997,4.1843911881041596,2.8789185926451806,2.845554338106937,2.93505156776512,2.8133768780750055,2.659505250000004,2.8870387493831986
CHL,1985,2.3531,4.703583034482759,2.5917,2.4089399999999994,2.3701730836192043,2.1280561417123374,2.106253203349676,2.0399001962850605,2.190142833487682,2.139523999999997,2.3385732855357193
COL,1985,2.8496,4.703583034482759,3.2247,2.5363800000000003,3.42703678867315,2.864029235002484,2.751548967405495,2.6366286923373754,2.5381694528161822,2.6269034999999947,2.640446722749466
ECU,1985,3.3814,4.703583034482759,4.1449,3.44326,2.919919369171099,3.3639061230373146,3.391142289877107,3.3820661131946044,3.0651591537967455,3.1706412499999943,3.480380052790215
GUY,1985,3.2377,4.703583034482759,3.4698,3.1094400000000006,2.8125167715909707,2.9275701453866416,2.8650591320771275,2.8172669689437275,2.7334578185122744,2.888656249999994,3.0484287049545657
PRY,1985,4.108,4.703583034482759,4.9739,4.82066,3.5244741967870805,3.725706278391448,3.5279997364788533,4.100281797410139,4.076068274727264,3.6749282500000056,4.5485545919298715
PER,1985,3.315,4.703583034482759,4.4603,3.76394,2.824142825968201,3.680914333467992,3.6073246420906937,3.792305001138975,3.3077833271367787,3.2276609999999937,3.7737409047958157
URY,1985,2.4012,4.703583034482759,2.4702,2.3269200000000003,2.4305178420534004,2.3495651240098128,2.2969220651421165,1.8817070184497742,2.1379946176548894,2.07470225,2.248637965635898
VEN,1985,3.0821,4.703583034482759,3.7939,3.3071800000000002,3.7398330135843496,2.9913502826498046,2.9713813411062717,2.874296059682015,3.0181849831041716,2.953775500000006,3.2766314473881804
AFG,1985,7.7671,4.703583034482759,7.5498,7.4377200000000006,6.682885635934677,7.46725016819685,7.60524084913073,7.246658637853699,7.40788491262065,7.404340250000015,6.943368235742612
BHR,1985,3.1278,4.703583034482759,4.2808,3.70312,3.276451703406165,2.814235238553568,2.870854438834681,3.372742802916498,3.2808448055071446,2.979444499999993,3.6744197218182872
BGD,1985,3.5878,4.703583034482759,5.5394,4.595839999999999,5.65923922910139,4.834960400958314,4.727282277632571,4.773040831215111,4.747875439353602,4.3075287499999995,4.629995149378316
MMR,1985,3.1274,4.703583034482759,4.3159,3.7483000000000004,5.23239694696593,4.03203335980884,3.9028255941526444,3.740813990632759,3.6280393870291556,3.369375249999993,3.7123431912911067
CHN,1985,1.5885,4.703583034482759,2.633,2.5058000000000002,2.9774960194202404,2.3057080173965194,2.2668341576268913,2.0034824183737263,2.3236759826007143,2.0384375000000006,2.4074848961950983
HKG,1985,1.3038,4.703583034482759,1.5041,0.8353400000000001,0.6766444960026394,1.5907910030862267,1.5166212635976386,0.6488532014480333,1.078503040506222,1.6346902500000013,1.0669588262357017
IND,1985,3.6511,4.703583034482759,4.4316,4.019160000000001,5.593911875934095,4.004438021244227,4.203922534524123,4.102120305243149,3.8597738755001485,3.711204499999998,3.9051241723143666
IDN,1985,2.809,4.703583034482759,3.7251,2.8016999999999994,4.665488390666694,2.904976055780821,2.8813728907298777,3.0039357290147533,2.9347767787386845,2.671141500000013,2.970560078919436
IRN,1985,2.8515,4.703583034482759,6.2416,5.775040000000001,4.014982967178803,4.7937608999913355,5.164900539881586,5.2315968271644655,5.167454046810762,4.650691749999989,5.541723797508798
IRQ,1985,5.3602,4.703583034482759,6.2456,5.828719999999999,4.781195312801987,4.777035248761232,5.247632771889065,5.276463354561583,5.40282426380181,5.125287999999992,5.573020617098508
ISR,1985,2.823,4.703583034482759,3.0387,2.90178,1.1654924014833288,1.9526989192679725,1.8928885088695349,2.459789234700692,2.3179566979710815,2.2146790000000016,2.7756582135275276
JPN,1985,1.4067,4.703583034482759,1.7365,1.7332599999999998,0.7032183345791667,1.6279096634589216,1.5590868446443655,1.063842743623983,1.4887866735244044,1.6388959999999975,1.6508717944567985
JOR,1985,4.6761,4.703583034482759,6.5338,5.6302,2.8595746107369036,5.06041915155805,5.3637665334144735,5.159187977392461,4.9129863058617484,4.620620499999997,5.5678677224367386
KOR,1985,1.6456,4.703583034482759,1.7051,0.4706600000000001,1.0453565062519474,2.031461365958128,1.9633187357864532,1.0160828840394491,1.0348936096768941,1.6247572499999998,0.9376223821958773
KWT,1985,3.2484,4.703583034482759,4.2178,3.058840000000001,3.6501463083885715,2.813790693294241,2.8365896587729456,3.3666212166021863,3.05811626839281,3.0568294999999988,3.2933163369425675
MYS,1985,3.3165,4.703583034482759,3.8042,3.527839999999999,2.3435992450426775,2.972969130066234,2.7992403125836347,2.7250468062764925,2.909681644347482,2.9435757499999924,3.4030399022872557
NPL,1985,4.869,4.703583034482759,5.4569,5.28146,6.385590816859785,5.210211482807017,5.179921959366289,5.167129043457461,5.134810968827081,5.100935250000003,4.980970424363923
PAK,1985,5.894,4.703583034482759,6.5854,6.4072,6.059507672660322,5.717093764118847,6.00786978962418,5.723922486096437,6.191831903319275,5.975525500000011,6.018579743916849
PHL,1985,4.0673,4.703583034482759,4.6639,4.13098,3.080469643904281,3.6303169975302274,3.5713632538924256,3.58059038973348,3.5829465532371536,3.3607884999999955,4.052064068558894
SAU,1985,4.9859,4.703583034482759,6.6488,6.05336,4.346602327748374,5.192621278299142,5.373437348289798,5.5012812598428695,5.575398416317704,4.846299499999998,5.845045850135385
SGP,1985,1.4426,4.703583034482759,1.5328,1.2856,2.6957026061816554,1.611582326899076,1.5457480054158996,0.8025090406614948,1.5472022657956175,1.870089500000002,1.3277012596477897
LKA,1985,2.3529,4.703583034482759,2.8946,1.8986,2.155367888458947,2.3293293392658,2.392539750367213,2.3111538426661884,2.030865419894448,2.035159250000004,2.1654673850547423
SYR,1985,4.697,4.703583034482759,6.4836,5.7216000000000005,4.652755093015442,5.2376923446034525,5.2033220306893355,5.383309326358411,5.450638871481964,4.879578999999998,5.600347923441367
TWN,1985,1.7818,4.703583034482759,1.8839,1.1089399999999996,1.1444547792769115,1.654342911639561,1.6061746788985565,0.9882827382910513,1.3410751003295975,1.683887750000004,1.3576566428570014
THA,1985,1.8879,4.703583034482759,2.4496,1.4369200000000006,3.879899287748125,2.3152086821316353,2.271694423754741,2.2109986181535892,1.9892363005853047,2.175873750000007,1.7464320448189237
ARE,1985,3.2783,4.703583034482759,5.1252,4.1316000000000015,3.1657273760039706,3.623327192629635,3.552333496211693,3.9772049399220437,3.800247241535276,3.752097499999993,4.2207785817139385
YEM,1985,7.525,4.703583034482759,8.8637,9.04802,7.000664455578975,8.063825674880603,7.880807804131401,7.902798989279108,9.031041458662266,8.55037974999998,8.317978834354008
AUT,1985,1.4311,4.703583034482759,1.4789,1.2720200000000002,3.235483702267353,1.5566116853316263,1.7201034419996517,1.4009266591496519,1.605541671786896,1.7494807500000042,1.300480149782477
BEL,1985,1.5637,4.703583034482759,1.5044,1.27832,1.2867355399887312,1.6181306119909862,1.7003775004960742,1.121683751501814,1.3384664153315793,1.7009294999999995,1.313289113341812
CYP,1985,2.0315,4.703583034482759,2.4322,2.5932399999999998,1.4561437609140895,1.819734181381877,1.9497229015810116,2.2378606848150926,2.095692826050638,1.9877202499999926,2.3827965192717473
DNK,1985,1.8006,4.703583034482759,1.4434,1.32724,0.8748410420525685,1.6138389807341287,1.7192477082491597,1.1762418192400004,1.2850793067657134,1.631738499999999,1.3182158387657674
FIN,1985,1.8052,4.703583034482759,1.6402,1.65232,2.540134926181573,1.5677060971216015,1.687733045526257,1.4882572263915064,1.6941681719340904,1.780136000000002,1.5707345177383818
FRA,1985,1.718,4.703583034482759,1.8165,1.65522,2.6353578477474597,1.5991998792225683,1.7739479515472374,1.519325344268439,1.7501683024126322,2.007908749999996,1.6366941614455466
GRC,1985,1.3853,4.703583034482759,1.7436,1.0798800000000002,1.5984245216259088,1.6215635317481283,1.7900160193375547,1.3769668424556882,1.360925059151691,1.597190000000002,1.2902961735947347
HUN,1985,1.568,4.703583034482759,1.8474,1.7604,1.7899776080317054,2.000699138098517,2.0166088455165676,1.4419927725018948,1.679123291686111,1.8737272499999928,1.7064343667078092
ISL,1985,2.0826,4.703583034482759,1.9416,1.2978,2.062913075078115,1.658695130870172,1.7003775004960742,1.5887283648430945,1.5585114323519718,1.6900245000000038,1.4836902872865907
IRL,1985,1.8434,4.703583034482759,2.4921,1.6365000000000007,0.5609375738673466,1.8826665776742402,1.8542150634857617,2.0241360321343382,1.6081780443554545,1.9031989999999954,1.8728763194759392
ITA,1985,1.1885,4.703583034482759,1.4155,1.13818,2.241732863832658,1.5679737905460904,1.7334495777824923,1.0927030728169944,1.3976871300768345,1.8348320000000038,1.2029477315071082
LUX,1985,1.7053,4.703583034482759,1.3863,1.2545400000000002,2.6680215243311074,1.5850798448135135,1.7192477082491597,1.2525750704894305,1.4967119583933677,1.737446500000003,1.2569661957519975
MLT,1985,1.7915,4.703583034482759,1.9479,1.8935399999999998,1.1987096997039872,1.90333636209835,1.9195620976026875,1.636336407266318,1.6713103663166593,1.633850999999996,1.8171188352384409
NLD,1985,1.5339,4.703583034482759,1.5092,1.4051600000000002,1.6654127397042369,1.5976118118592433,1.7139057121915824,1.0618937850112293,1.4428513652747474,1.6891355,1.3855423183878415
NOR,1985,1.8734,4.703583034482759,1.6747,1.6174600000000003,1.7473487419818605,1.600852040712141,1.7192477082491597,1.4612094683224153,1.5765140896610244,1.7336492499999998,1.5639505015259703
POL,1985,1.6337,4.703583034482759,2.3229,2.3773800000000005,1.935580098565591,2.128171590064125,2.0989000266545257,1.8534685927897008,2.0532041608536513,2.135111500000004,2.222922027169923
PRT,1985,1.4115,4.703583034482759,1.7294,1.1105600000000004,2.512453844331024,1.895230735759385,1.9860805074487164,1.448548291281205,1.498850224943705,1.6667205000000005,1.302166125355194
ESP,1985,1.1534,4.703583034482759,1.6374,0.94776,2.2024257276048793,1.6249814437626662,1.8189562412722473,1.2570712984256818,1.3695996332142455,1.6274760000000008,1.1780982067041563
SWE,1985,1.7304,4.703583034482759,1.7343,1.80918,1.3531701364300481,1.6224105580095696,1.7003775004960742,1.4141612068486702,1.6099244147339515,1.6859944999999974,1.6922672957504545
CHE,1985,1.4784,4.703583034482759,1.513,1.4723199999999999,1.896826583974823,1.5941215873011623,1.7003775004960742,1.2182261219210329,1.502787545875897,1.7582279999999997,1.424258704535974
TUR,1985,2.8354,4.703583034482759,3.7786,2.96908,4.413590545826702,3.1359499212102713,3.14596151668214,3.260693757821093,2.9773312668755976,3.0866547500000054,3.0831215748159813
GBR,1985,1.7094,4.703583034482759,1.7882,1.6684400000000001,1.9090062599890643,1.6202857890519848,1.6770534038794807,1.266982902584807,1.6460059291703915,1.9002462499999961,1.6337129928930594
AUS,1985,1.8248,4.703583034482759,1.8991,1.8971799999999999,0.6799662258247059,1.6597099150300922,1.7139057121915824,1.374192762955416,1.5879326579964532,1.6284772499999953,1.801330536663626
FJI,1985,3.2513,4.703583034482759,3.6634,3.214480000000001,1.9499742611278759,2.768234325209187,2.849552602088285,2.8955298643901175,2.6981376301880835,2.7534684999999954,3.1774749717265056
NZL,1985,1.9786,4.703583034482759,1.9296,1.8067199999999999,0.4286220026217249,1.686897653513665,1.7003775004960742,1.4415619464206868,1.5241003053640605,1.6845889999999928,1.7621825106565554
PNG,1985,4.7802,4.703583034482759,5.4704,5.18912,5.408448627535419,4.468961000327099,4.544885913185896,5.076394926536309,4.882107023583027,4.642054000000008,4.934572610814941
TON,1985,4.5634,4.703583034482759,5.3444,5.039,2.616534712089087,4.394182777514825,4.009302377558396,4.185907510229428,4.129406732480534,4.3815662500000006,4.80514293320995
LBY,1985,3.4422,4.703583034482759,6.3276,4.868640000000001,3.7298678241181515,5.077364008598147,5.215291701574287,5.40250090242513,4.773733420357035,4.43423875,5.069310230614778
NAM,1985,4.4173,4.703583034482759,5.8766,5.44316,3.1895331063954426,4.763433696165195,4.854337728321535,5.403834618827308,4.6487486939238725,4.3967672500000035,5.224034163947364
REU,1985,2.2715,4.703583034482759,2.5098,2.07312,2.5501001156477696,2.0222487293309896,2.0886981811296566,2.2727438027067146,2.064720861627008,2.0042789999999986,2.1220223655053614
BLZ,1985,3.8762,4.703583034482759,4.9971,3.975299999999999,2.3768165432633364,3.5860991156963236,3.598842232218605,4.192516670029394,3.5238962581736724,3.592269249999991,4.0871474065791755
BRN,1985,2.7865,4.703583034482759,3.6125,3.0669799999999996,2.676879470523283,2.5613412989526005,2.436502725735271,2.54059099872089,2.7311470410116048,2.7057535000000015,3.076912315148334
BGR,1985,1.2472,4.703583034482759,1.9669,1.8596200000000005,1.8243021495263854,1.925012148217605,2.026109149434282,1.5359505502725281,1.7509288964729515,1.9209664999999954,1.805199952138774
CZE,1985,1.2755,4.703583034482759,1.9495,1.7975800000000002,1.4362133819816947,1.9578344257961637,1.9356216309882341,1.6918654998889107,1.667653730571001,1.775293749999992,1.764365542164184
ROU,1985,1.337,4.703583034482759,2.3086,2.1572800000000005,1.575683173478497,2.2755250257942428,2.256290266765989,1.8797187753377957,1.9126890922059974,2.055902750000002,2.095364875970921
RUS,1985,1.352,4.703583034482759,2.0944,2.3082399999999996,0.7369892544368359,2.0341093495579265,1.989382909603509,1.6012503141031558,1.802977625656676,1.7428577499999967,2.101091841960437
CUB,1985,1.4806,4.703583034482759,1.7725,1.93522,1.1444547792769115,1.972868622139966,1.8853741639185773,1.3962857959389514,1.6387878028976206,1.622195999999998,1.7762665051270994
ALB,1985,2.7622,4.703583034482759,3.2141,2.7626600000000003,1.637731657853688,2.700874175428169,2.839331095284146,2.653598266385927,2.371384881887513,2.7067945000000004,2.762350640737751
SVK,1985,1.5226,4.703583034482759,2.2507,2.1644200000000002,1.5635463584942175,2.0404890920180816,1.9970922809275609,1.9635961666751922,1.900175247304308,1.9482437500000014,2.078200566957638
DEU,1985,1.2618,4.703583034482759,1.378,1.1639199999999998,3.5549233868226846,1.5731457470937915,1.6882125761287008,1.166342903025134,1.584641774347392,1.7428857500000061,1.2035676241637403
ARM,1985,2.0672,4.703583034482759,2.6436,2.83956,1.179886564045614,2.258159918896623,2.239358516931263,2.186067328740302,2.202823924375674,1.899554249999997,2.5968670211126295
KHM,1985,5.0762,4.703583034482759,6.3134,6.96104,5.788786692161957,5.43488652509202,5.544683434612751,5.479594257173236,6.166315624410192,6.470071750000016,6.227142364326129
KAZ,1985,2.2535,4.703583034482759,3.2076,3.3469199999999995,2.398407787106764,2.661515410210224,2.665469054144965,2.7311577766656163,2.7064193352530115,2.834078249999997,3.0847264082381356
KGZ,1985,3.2912,4.703583034482759,4.2026,4.17548,2.22567783635934,3.3849533747961966,3.396830938460646,3.444524526032116,3.269856103395468,3.2869484999999963,3.908428525220133
LAO,1985,5.3554,4.703583034482759,6.3278,6.32312,5.051362671663342,5.812789151326441,5.901889237824065,5.789339041447198,5.716788123948104,5.768582750000005,5.877824275127031
MDV,1985,4.2924,4.703583034482759,6.9395,6.5957,4.437949897855185,5.957353981887951,5.87303300875388,6.0523552656543576,5.964917251015234,5.87867625,6.252596334311915
MNG,1985,2.7355,4.703583034482759,5.2618,4.123360000000001,2.8817194762173424,4.1864299770820415,4.334337449527306,4.401149246611871,3.794884219993,3.8640642499999966,4.266056194830686
QAT,1985,3.5567,4.703583034482759,4.6419,3.8173799999999996,3.2244112695271347,3.5602394854695025,3.526238181058537,3.7958785938196895,3.4764651546430168,3.4741834999999925,3.869726554480668
TJK,1985,4.6638,4.703583034482759,5.9442,5.623320000000001,1.3974598673909262,4.794440931476925,5.122657624997473,4.814112946483245,4.284942099625755,5.2791889999999775,5.348845504032294
VNM,1985,2.7001,4.703583034482759,4.2059,3.499219999999999,4.380926869243055,3.301764282448614,3.1970818454241123,3.2086454748502495,3.337604147050758,3.314169499999998,3.533748592311552
HRV,1985,1.5793,4.703583034482759,1.8282,1.70448,2.1188288604162224,1.9393222627565123,1.9356216309882341,1.6784324416292677,1.6991921171446758,1.9631034999999946,1.6683446434621256
EST,1985,1.3722,4.703583034482759,2.1267,2.2491,1.956617720772008,1.961129597621201,1.9225852853579362,1.752796363193717,1.959824514511261,2.005195249999998,2.080009338220949
LVA,1985,1.2522,4.703583034482759,2.0614,2.28424,1.6465896040458632,1.955226347321901,1.9686937082746523,1.7793248938098585,1.9144292283927844,1.818929999999996,2.075707293493545
LTU,1985,1.5515,4.703583034482759,2.0972,2.2154,1.2441066739388869,1.9510244712378384,1.9414554931110222,1.808504621333777,1.8389462868888478,1.7558094999999967,2.0505107210021314
SRB,1985,1.4683,4.703583034482759,1.8,1.72488,2.3447064883167,1.9955821531840625,1.9546494513445591,1.5996667138651568,1.7325028311256268,1.9358877499999947,1.6693908206163015
SVN,1985,1.2877,4.703583034482759,1.7192,1.2568400000000004,1.3908164077467942,1.9449111318402061,1.9640792862923127,1.6543676244787688,1.3952036928300546,1.7496934999999991,1.379749780814942
MAC,1985,1.3674,4.703583034482759,2.2354,2.8403199999999993,3.8256443673210496,1.7257320293668965,1.5357660448689807,1.3680230792964099,2.4813482747339806,2.1343252499999954,2.448300521373684
UKR,1985,1.3987,4.703583034482759,2.0328,2.1336,1.0946288319459239,1.960259647646342,1.9167514232351481,1.5876153137639242,1.7706261618918586,1.697161999999996,1.981538613879286
DZA,1990,2.5898,4.553193218390804,4.5092,2.678,3.9849475304163966,3.5419348776395676,3.452102368297587,3.8929461954914673,3.0933605894853997,3.57141100000001,3.116940164721277
BEN,1990,5.9374,4.553193218390804,6.7407,6.425700000000001,5.89268637345981,6.305671062999741,6.328160790707601,6.089923646073996,6.209114760350178,5.980796500000014,6.034089970527609
BWA,1990,3.2943,4.553193218390804,4.5095,3.3420199999999998,1.7939448771573132,3.530283146950796,3.495038219074953,3.839470366648236,3.0465081315790936,3.524999249999995,3.508737565602476
BDI,1990,6.8715,4.553193218390804,7.3651,7.45078,6.105670715610607,6.850543933738513,7.056229098617154,6.572175994010011,7.072447038409893,7.106996750000011,6.836438657933153
CMR,1990,5.5141,4.553193218390804,6.3624,6.1206,4.191494058698656,5.343662220668324,5.419602445234118,5.55106238274689,5.371668119609261,5.01686699999998,5.734359098722665
CAF,1990,5.8509,4.553193218390804,6.0494,5.96576,5.624444128937395,5.776296189988861,5.816505400037908,5.748026400174705,5.541386005679399,5.032259500000018,5.543937142042435
COG,1990,4.7242,4.553193218390804,5.2665,4.8823799999999995,3.1861221262286454,3.75513927469451,3.606908824786631,4.279550995202928,4.160420456799323,4.0397637500000085,4.65702316371882
EGY,1990,3.505,4.553193218390804,4.5121,3.78778,4.033767618919477,3.438772974029575,3.0521861821220058,3.7772663405341853,3.549872028045051,3.5176775000000045,3.7725124493705344
GAB,1990,4.4692,4.553193218390804,5.4587,5.153180000000001,2.6855820979498195,4.274461753558407,4.206729944177654,4.688356889236128,4.234979119885263,4.6516477499999915,4.877609247425296
GMB,1990,5.7163,4.553193218390804,6.2457,6.111540000000001,6.043974999370452,5.96494486702391,6.04662260831978,5.833065126396206,5.829812687067441,5.386489000000004,5.692072372080043
GHA,1990,4.8268,4.553193218390804,5.7369,5.2781400000000005,4.233339848844153,4.813196611101604,4.906319142776153,5.165153584087507,4.75174163149609,4.308357999999983,5.039388920670868
CIV,1990,5.7735,4.553193218390804,6.7186,6.053800000000001,5.61049553222223,6.30708348370747,6.317414261173398,6.052310028978793,5.956844213007791,5.262484499999989,5.807711897629023
KEN,1990,5.1355,4.553193218390804,6.1355,5.1462200000000005,3.9393463488475864,4.6940386282752256,4.743357571345248,5.285400693225228,4.805017064216413,4.1554122500000075,5.087749764959018
LSO,1990,3.6053,4.553193218390804,4.8134,4.108519999999999,3.5552234546914883,3.8091126000646836,3.5856256420145267,4.613198168785513,3.735155484301681,3.6998049999999942,4.057094351381823
LBR,1990,5.8748,4.553193218390804,6.3699,5.982780000000001,5.785925960139889,6.245611161542735,6.047267746466428,6.205505085412199,5.778834318248676,5.2121372500000085,5.655433878071242
MWI,1990,6.0021,4.553193218390804,6.7402,6.2244399999999995,5.177016065074008,6.737579403816211,6.49052397699785,6.604626808215353,5.9008067653802,5.1823284999999855,5.915209316212866
MLI,1990,6.8865,4.553193218390804,7.3113,7.3714200000000005,6.644301142611617,7.338332725703733,7.201004192813059,7.088046513421469,7.201991163491736,7.2030015,6.772593748802958
MRT,1990,5.4558,4.553193218390804,6.1749,5.87706,5.51714723112843,5.181607505014962,5.247891304812115,5.623872677652989,5.5483455987605,5.361528999999986,5.531341388085758
MUS,1990,1.9765,4.553193218390804,2.2962,2.58708,2.519271906345923,1.9981425405009619,1.7865193934911423,1.9347721345100672,2.247039947221414,2.1932157500000007,2.3627648716419865
MAR,1990,2.7744,4.553193218390804,4.0599,2.9465399999999997,5.282167024926794,3.2868589905757086,3.5422307023787445,3.7565520666835472,3.142276408594727,3.390537249999996,3.1331213776888474
MOZ,1990,5.8296,4.553193218390804,6.3191,6.185419999999999,6.599236445531851,6.4618978645746985,6.273169462367027,6.289679001050274,6.061969809109545,5.956449999999995,5.758889182831151
NER,1990,7.8286,4.553193218390804,7.8064,7.65604,6.63464442180881,7.761667245159995,7.836758891697386,7.785173030156892,7.636549307152473,7.4523897500000125,7.097217488887717
RWA,1990,5.9667,4.553193218390804,6.8031,5.62386,5.546653878025896,6.2645510096576436,6.402934582653673,5.892622869549669,5.8111107241850375,5.324770249999988,5.580841329068129
SEN,1990,5.4978,4.553193218390804,6.3963,5.65578,6.142151660865656,5.734257873839445,5.853163796839739,5.724791540132081,5.76562390358893,4.944161500000012,5.470895158810418
SLE,1990,6.3545,4.553193218390804,6.5673,6.53802,5.869081055941837,6.546842979375413,6.455615120590062,6.541479352013653,6.144128536588592,6.256278250000001,6.0454559475169125
ZAF,1990,2.4135,4.553193218390804,3.7243,2.79934,3.20328962987808,2.906262761678346,2.8398951664069005,3.4310632351260306,2.7637110255931994,2.8040530000000063,2.940052020914699
SDN,1990,5.5956,4.553193218390804,6.0742,5.828320000000001,5.506417541347533,4.945691656135237,5.385282501320285,5.366405844675284,5.468826058382389,5.417462249999992,5.470712528347926
SWZ,1990,4.0298,4.553193218390804,5.2947,4.110059999999999,3.7505038087038063,4.469595013985992,4.2790418154628584,4.997672110953922,3.974925351389845,4.123920249999995,4.2103619682097255
TZA,1990,5.6697,4.553193218390804,6.2012,5.72504,4.516603659059823,5.733269979781641,5.668510843810048,5.828897770789998,5.226671868099094,4.677933999999994,5.449990933896154
TGO,1990,5.1652,4.553193218390804,6.0671,5.59874,4.806841767633076,5.062933596215109,5.304810956020343,5.462401740782641,5.186978433900044,4.423741249999989,5.333036752236762
TUN,1990,2.0255,4.553193218390804,3.4407,2.1442200000000007,4.2451425076031395,2.8634061781176627,2.8358351313079817,3.226078700537739,2.5364305679804025,2.3391687500000105,2.4638239193821327
UGA,1990,6.7876,4.553193218390804,7.0136,6.98564,4.8449321663552585,6.449577755760344,6.285554413420439,6.485969600781836,6.243487195566736,6.532409500000015,6.450784648547511
COD,1990,6.7018,4.553193218390804,6.6494,6.69476,5.285922416350108,6.188371883243331,6.335147677702909,6.111816919520106,6.075487429096947,5.948417750000012,6.163905553561142
ZMB,1990,5.9208,4.553193218390804,6.5667,6.13314,4.516067174570779,6.18550636757629,6.031298203007606,6.037124947616655,5.569816099886678,5.132360249999989,5.8064291084672455
ZWE,1990,4.0088,4.553193218390804,4.8762,3.6826799999999995,3.2510367494030703,3.6970219259400094,3.6204495854195025,4.480273343562846,3.5367652671112877,3.480421999999992,3.8257730543797437
BRB,1990,1.9331,4.553193218390804,1.8416,1.9284799999999997,2.0637965751468625,1.7065541382078238,1.619153819421475,1.4278526279255797,1.8190801423839429,1.880379249999998,1.8303525823317335
CAN,1990,1.5105,4.553193218390804,1.6963,1.8184599999999997,1.3808518205927949,1.7654091722564422,1.7389566886137298,1.4048330796280775,1.6668110779000305,1.738436499999996,1.719456454760882
CRI,1990,2.4127,4.553193218390804,3.1675,2.75554,2.8030722010506377,2.6027671335469065,2.5503485904257035,2.5297361427315557,2.564068926379643,2.7376585000000007,2.7379553191926536
DOM,1990,2.8688,4.553193218390804,3.4109,3.0812599999999994,2.8813989364511827,3.0322993470374744,2.837085432152397,2.699640244930574,2.765068781860828,3.0089772499999974,3.0071462153514004
SLV,1990,3.0761,4.553193218390804,3.964,3.5410000000000004,3.445780618926343,3.169036204339184,2.9660328785523538,3.201447257203104,3.148883252961604,2.5745432499999996,3.453432803024578
GTM,1990,4.5825,4.553193218390804,5.4803,5.181379999999999,5.047723303214204,4.340874513440218,4.055970635526336,4.4711178797911195,4.771431859396352,4.703091749999988,4.901081945907747
HTI,1990,4.3896,4.553193218390804,5.4144,5.317319999999999,5.087959639892566,4.553542208122619,4.474818670451671,4.6740773465572305,4.800044683184139,4.791262749999996,4.960411198526894
HND,1990,4.2893,4.553193218390804,5.2712,4.6172,3.8685303962936683,4.117567446820822,4.136781803195297,4.365530973701199,4.193600245969042,4.117302499999996,4.502082486335909
JAM,1990,2.3446,4.553193218390804,2.9546,2.64572,2.3298928817130986,2.4056872029071257,2.4051648411508446,2.3373534702113172,2.416744366389802,2.3678895000000004,2.6057778762915365
MEX,1990,2.714,4.553193218390804,3.4436,2.6710400000000005,2.8663773707579265,2.822763260517404,2.791630623053841,2.7355229267814467,2.60606859043535,2.6985737500000018,2.775510702554924
NIC,1990,3.1196,4.553193218390804,4.5963,3.68082,4.403405431871364,3.6344647993099635,3.558858164127502,3.786252326287892,3.600300038180903,3.5343470000000012,3.7360713736385955
PAN,1990,2.7439,4.553193218390804,3.072,2.64564,2.3400860870049494,2.476858200836375,2.467542915930075,2.6064509027127762,2.4473360725620705,2.4287922500000065,2.6428945480651134
TTO,1990,1.7323,4.553193218390804,2.3939,1.6812199999999997,1.8524216864631997,2.1229089787429287,1.8430984708065652,1.8439853466395455,1.8362372560541638,1.8086422499999986,1.859329780195437
USA,1990,2.0301,4.553193218390804,2.0719,2.3327799999999996,0.7537014528993891,1.866996741159393,1.7591638087118138,1.7234664108444209,1.9036608960268921,1.9089427499999994,2.1417505649924657
ARG,1990,2.5906,4.553193218390804,3.0342,2.9959199999999995,1.7826787028873716,2.4707815825401296,2.37778221812456,2.334785909666268,2.5211235495230224,2.211502250000003,2.837557278642189
BOL,1990,3.9906,4.553193218390804,4.8995,4.594939999999999,2.451138376237229,4.102772139719407,4.259130782053017,4.353678820955341,3.775026272642336,3.300880250000002,4.3712869480671115
BRA,1990,2.2472,4.553193218390804,2.8964,2.1955999999999998,3.377110604328605,2.6524000949070707,2.456024557575102,2.4587412133490325,2.3295667583132023,2.4261309999999914,2.321830444870789
CHL,1990,2.0456,4.553193218390804,2.5787,2.5631,2.0997410359128663,2.0170021598740315,2.025167773401865,2.0664979323753974,2.2647173704620958,1.970978999999998,2.438046701527375
COL,1990,2.5737,4.553193218390804,2.9951,2.7195799999999997,3.3030757448404184,2.5855507412155676,2.4390973645510963,2.448405788502721,2.5583030663096515,2.4724367499999906,2.6621681437622504
ECU,1990,3.1019,4.553193218390804,3.6795,3.12102,2.760689926416096,2.8476306062774883,2.8636870223570305,2.9996864160972523,2.836163852595657,2.8296545000000024,3.115627835901357
GUY,1990,3.0565,4.553193218390804,3.1806,2.83356,2.932364962910442,2.9070634879705,2.74488712138555,2.6838448969207285,2.6123648628070386,2.798592749999999,2.7881258735772034
PRY,1990,3.5079,4.553193218390804,4.5655,4.075419999999999,3.400179437357533,3.627081917212172,3.5660697635525924,3.755667942877931,3.5962287554479575,3.4551595,3.959094177626884
PER,1990,2.8451,4.553193218390804,3.9119,3.25382,2.6576849045194884,3.2169594981124185,3.2002899051477707,3.317407146771891,2.937565110609518,3.0067735,3.267533951607664
URY,1990,2.1963,4.553193218390804,2.4767,2.4845,2.8540382275098954,2.1002960549354044,2.110142914746601,1.9668379966485805,2.285988309833174,2.0820250000000047,2.3593920362012932
VEN,1990,2.7897,4.553193218390804,3.4483,3.0335800000000006,3.784838816002675,2.800980159261093,2.8054088511971145,2.6278791629972718,2.849486873306783,2.9457024999999994,2.9908592508252427
AFG,1990,7.5661,4.553193218390804,7.5758,7.607,6.513935411773723,7.36090692039775,7.17225559799788,6.805835208260962,7.420192115829204,7.673262999999995,6.995290826947494
BHR,1990,2.7978,4.553193218390804,3.8167,3.2597799999999997,2.744058907255706,2.6709111435967987,2.652748244106188,2.999401692752584,2.9250127694119965,2.9460464999999987,3.2409134445263095
BGD,1990,3.2789,4.553193218390804,4.5062,3.2663599999999997,5.424871899012719,3.7383051881860108,3.5340448256923103,3.852664351151536,3.536375022812096,3.3312562499999996,3.4630614292603195
MMR,1990,2.8133,4.553193218390804,3.5035,2.5286199999999996,5.021972047740052,2.9051936343657956,2.838237800072549,3.1259139795111732,2.7885296187698625,2.478466500000005,2.7104595812044856
CHN,1990,1.6281,4.553193218390804,2.514,2.3711999999999995,3.0933103096238903,2.366561250296349,2.211660608164866,1.9843914505500324,2.2745876192233383,2.1103260000000064,2.3043644708632107
HKG,1990,1.0265,4.553193218390804,1.283,1.01768,0.29876260618937334,1.6624736147834602,1.528686110488443,0.6104468627977977,1.126456143461683,1.6621892499999975,1.1162466474823671
IND,1990,3.3498,4.553193218390804,4.0446,3.5801999999999996,5.244613110693656,3.3780288489613475,3.6986470492093164,3.6387065922134716,3.3857507834321074,3.2941130000000034,3.5020712513906638
IDN,1990,2.5033,4.553193218390804,3.1137,2.3800200000000005,3.9844110459273523,2.6413835968372337,2.6561042447750407,2.4760857726118406,2.5221192369465175,2.3962630000000065,2.499406948217272
IRN,1990,1.9992,4.553193218390804,4.9338,3.364439999999999,3.631940736624899,3.56488957017039,3.562912639111765,4.102250418574923,3.4980424098649703,3.312785249999989,3.65627841744407
IRQ,1990,4.9196,4.553193218390804,5.9294,5.549960000000001,3.938273379869497,4.277176698492195,4.560388390398147,4.890262697107953,4.8763681203485145,4.944466249999982,5.260671665106738
ISR,1990,2.9212,4.553193218390804,2.8398,2.60112,1.5412606828171986,1.9568572494084011,1.9721329434779926,2.4154148048021886,2.2875483105688477,2.0870287500000035,2.5431277217701025
JPN,1990,1.346,4.553193218390804,1.5087,1.2353399999999999,0.7531649684103447,1.7579747450026701,1.5816430207002534,1.0362976958861694,1.3185956413516458,1.6681949999999972,1.3160903623588247
JOR,1990,3.8639,4.553193218390804,5.5439,4.356019999999999,2.571310901783271,4.3213155748219325,4.329932906614053,4.263585764813518,3.9169570247110768,4.278753250000007,4.4343388305812415
KOR,1990,1.4672,4.553193218390804,1.6025,1.47938,0.7488730924979854,1.7536786019668458,1.6309157965872292,0.9970589120595101,1.4403212172419648,1.6591489999999962,1.489741572704629
KWT,1990,2.8871,4.553193218390804,3.4865,2.6089399999999996,3.416810456517923,2.452938236564253,2.4090492987981706,2.8132898240385664,2.6492186136945257,2.600684750000006,2.752458511259462
MYS,1990,2.9417,4.553193218390804,3.3041,2.7039800000000005,1.64909406511521,2.449102937523407,2.4827826661739443,2.3179529144777815,2.457246166097256,2.6221662500000047,2.750782074902135
NPL,1990,3.9837,4.553193218390804,5.2106,4.91504,5.946334822364293,4.117338100121751,4.373876756521217,4.661034456971482,4.699159499145685,4.296240499999999,4.658593581513774
PAK,1990,5.3519,4.553193218390804,6.3637,6.097659999999999,5.635710303207337,5.280178137466991,5.567932924097823,5.3325620445958695,5.778385868463156,5.275609750000002,5.721238420027332
PHL,1990,3.754,4.553193218390804,4.3224,3.9126000000000003,2.6888010048840885,3.3828316353612053,3.350071319531202,3.2994236990174555,3.340795617546817,3.4452787499999995,3.786092231512425
SAU,1990,4.2055,4.553193218390804,5.8036,4.789360000000001,3.8894532913664173,4.284792192277925,4.586452723877334,4.656121129301565,4.501485473560425,4.2081674999999885,4.772174173332554
SGP,1990,1.3416,4.553193218390804,1.5829,1.64302,2.7977073561601893,1.5840262925066384,1.5923713570957767,0.9754128950669605,1.7152280736345582,1.6214002500000049,1.5800675490059022
LKA,1990,2.2131,4.553193218390804,2.5406,2.1157999999999997,1.5106810669416433,2.0617084360229305,2.043230404790548,2.001260205587187,2.013025690992433,2.0604035000000067,2.162125583478644
SYR,1990,4.068,4.553193218390804,5.561,4.45388,4.594930394460368,4.396539534293054,3.9559301542717162,4.546654773714699,4.4183191948536695,4.2674299999999965,4.497479142833646
TWN,1990,1.4718,4.553193218390804,1.7874,1.6716000000000004,0.8706550715111621,1.654196455837416,1.5073962157510417,0.9945150555459299,1.5772111311579287,1.7652447499999975,1.661662794664697
THA,1990,1.734,4.553193218390804,2.065,1.6034799999999996,3.1839761882724664,2.0821118439601487,2.1239098927409814,1.8442789663109704,1.8609492235135199,2.0403630000000006,1.709355503316337
ARE,1990,2.7332,4.553193218390804,4.5061,3.7631799999999993,2.6973847567088063,3.360946051093925,3.345915896573139,3.5812408289303845,3.3453612273246534,3.4884459999999926,3.7561016735328314
YEM,1990,6.3174,4.553193218390804,8.6065,8.297860000000002,6.626060669984092,7.923613923651013,7.281044242490918,7.264941188542915,8.413930148746442,7.359484250000008,7.729101985371515
AUT,1990,1.3638,4.553193218390804,1.4666,1.4518399999999996,3.2354786992207707,1.6149013981219693,1.7217056040469425,1.420844456947715,1.6544097730374654,1.570340000000008,1.4304756704503547
BEL,1990,1.6631,4.553193218390804,1.6252,1.77016,1.1877174045366554,1.6283915561511413,1.7389566886137298,1.2831886216759738,1.6092528482414141,1.6994344999999962,1.6684572543153595
CYP,1990,1.6378,4.553193218390804,2.4023,2.3664199999999997,1.2601428105577077,1.7687200282997242,1.9802826788635408,2.1839277191138917,2.0532762772952853,1.9164912500000049,2.266185285163377
DNK,1990,1.7649,4.553193218390804,1.6644,1.9296000000000002,1.3132547749731458,1.7462952864103627,1.7408360384069324,1.4477690351129522,1.6966101149523136,1.7497617499999967,1.7749192568360201
FIN,1990,1.7256,4.553193218390804,1.776,1.93896,2.6356890404686504,1.7344645202961209,1.724932867395661,1.6368061982447148,1.8664607546373144,1.7886732499999978,1.8157685083282384
FRA,1990,1.8757,4.553193218390804,1.7822,1.74104,2.326673974778829,1.7576035371561654,1.7357294252650113,1.5274795678550475,1.7558524761663064,1.8006592499999965,1.7009790410897856
GRC,1990,1.3309,4.553193218390804,1.4663,1.1335399999999998,0.7923283361106166,1.6562214811313287,1.7389566886137298,1.168593758108878,1.270893789170048,1.659638499999997,1.242616954162342
HUN,1990,1.3196,4.553193218390804,1.8571,1.86874,2.075599233905849,1.7667345476063554,1.7804219051316648,1.5008088310259038,1.8000884260787582,1.8830959999999985,1.8000188659858956
ISL,1990,2.0713,4.553193218390804,2.3022,2.7349200000000002,1.8459838725946613,1.8076908561295204,1.8640707276033588,1.8892281127325274,2.238011030849156,1.9978902499999978,2.451874373296142
IRL,1990,1.8927,4.553193218390804,2.1103,1.65214,1.0450125304507316,1.8743364232468316,1.7276775831622495,1.8527422813193617,1.6688471793912631,1.8919060000000014,1.7523998798161675
ITA,1990,1.2491,4.553193218390804,1.3314,1.2304799999999998,2.0294615678479935,1.5958901936963545,1.7176667938763284,1.0714807385023937,1.4051468596853942,1.6726167500000013,1.2570978057987783
LUX,1990,1.761,4.553193218390804,1.6023,1.8615,2.3422320249611293,1.672038613993613,1.7423952717271562,1.450516445089284,1.7608255776848805,1.6597577500000014,1.7150891432743411
MLT,1990,1.6715,4.553193218390804,2.0413,2.1533800000000003,0.9259129738827792,1.7549433484552568,1.7700917652449522,1.682972014439862,1.8414725876057374,1.9019434999999976,2.0262366430259324
NLD,1990,1.7211,4.553193218390804,1.614,1.7397600000000002,1.63246304595482,1.7213593008896593,1.752856125531222,1.239671424080245,1.6405563922822841,1.7417429999999983,1.6469789847986407
NOR,1990,1.8539,4.553193218390804,1.9317,2.2401,2.13353955872269,1.8622081720203996,1.724932867395661,1.7668364532306913,1.9748902544493316,1.8306482499999976,2.042697669821305
POL,1990,1.3656,4.553193218390804,2.0649,1.7553,1.9017782594553245,1.894084446777107,1.948302476867375,1.7203519063742756,1.7884636970110503,1.952559000000004,1.7988817877813492
PRT,1990,1.5378,4.553193218390804,1.5554,1.3465999999999998,2.533756987550133,1.5462004708318988,1.7789819403028635,1.3062169068773546,1.561056934855929,1.6136522500000023,1.396505380045871
ESP,1990,1.2102,4.553193218390804,1.3576,1.0218399999999999,2.585259498498437,1.5731566047887287,1.8026419352210634,1.1096823650510723,1.3854717287283727,1.6486452500000006,1.142315810618315
SWE,1990,1.5418,4.553193218390804,2.1213,2.5857000000000006,1.541797167306243,1.8817996881594923,1.7417014043803183,1.8164512691344492,2.1004633552449588,1.8685759999999985,2.3065848898101358
CHE,1990,1.4859,4.553193218390804,1.5775,1.6548999999999998,2.3041416262389465,1.7119969338682361,1.7564190929452252,1.3537360544149601,1.6671720557445444,1.639612250000002,1.5853660968755965
TUR,1990,2.4867,4.553193218390804,3.1075,2.30218,4.336881355229806,2.7932239964155285,2.7612552155697694,2.6552216376970192,2.525896038927229,2.4273892500000085,2.4515268225382854
GBR,1990,1.641,4.553193218390804,1.8289,1.87774,2.0053197658409765,1.7199099249267606,1.6350437906113577,1.4109286024602667,1.789290180236475,1.956189999999998,1.7964010012043765
AUS,1990,1.7645,4.553193218390804,1.908,1.9186799999999997,1.135141924610263,1.844111801718523,1.7389566886137298,1.5108147373491567,1.7349543387007844,1.7306625000000009,1.8455910313875044
FJI,1990,2.9919,4.553193218390804,3.3857,3.0524599999999995,1.415186827891664,2.7166120579611626,2.7802394832844883,2.697171416398768,2.5941218448091528,2.785486499999999,2.98217997215147
NZL,1990,1.9773,4.553193218390804,2.167,2.4518799999999996,0.6968340970606373,1.8739458040248365,1.7417014043803183,1.7008518926032732,1.96977176795962,1.9460049999999984,2.242111752004198
PNG,1990,4.5247,4.553193218390804,5.1796,4.83064,5.213497010329056,3.980086776487383,4.01576063879285,4.737658931666102,4.503009812111901,3.9525865000000073,4.598993112392253
TON,1990,4.159,4.553193218390804,4.9294,4.4314,2.144269248503587,3.5700183275560464,3.379902652676697,3.9133591713483598,3.6646630908232893,3.5967792500000035,4.284280504702619
LBY,1990,2.9056,4.553193218390804,4.7763,2.9147399999999997,3.1002846079814725,3.559284259250702,3.535309010104353,4.094485386868599,3.1628475435775316,3.698239749999999,3.3411445714732495
NAM,1990,3.9913,4.553193218390804,5.3978,4.82324,3.0911643716677113,4.621381909406112,4.204244862680551,4.944850992373889,4.166913652441201,4.142135250000003,4.663700755934784
REU,1990,2.4991,4.553193218390804,2.5707,2.64378,2.3754940632819084,2.019991792020806,2.0391363998987346,2.3297002128761983,2.324055001371768,2.1217780000000004,2.4831070124653807
BLZ,1990,3.6328,4.553193218390804,4.8021,4.568100000000001,1.8990958370100999,3.5504688486684888,3.5029484602043,3.9224853800166173,3.6402900887641545,3.495650250000001,4.324621440673608
BRN,1990,2.398,4.553193218390804,3.2903,2.90366,2.81326540634249,2.416822366464942,2.378511618794961,2.4144082443704864,2.655870626912339,2.914381500000003,2.864203920447216
BGR,1990,1.2905,4.553193218390804,1.7948,1.5882799999999997,3.1083318753171456,1.8622542551494468,1.8386097591633304,1.5744179790747372,1.778884119557206,1.8780702499999984,1.6148552249464991
CZE,1990,1.1464,4.553193218390804,1.8848,1.80716,1.413040889935484,1.8609987532879482,1.7222366249204408,1.5551876865709184,1.7130689639645715,1.7210032499999968,1.7724617446966695
ROU,1990,1.3032,4.553193218390804,1.8372,1.2715199999999998,1.8663542032617997,2.0779609187998536,2.120227503750191,1.6090307839604132,1.5320608109712532,1.646411500000002,1.441421957731308
RUS,1990,1.1898,4.553193218390804,1.91,1.68872,0.710782693775803,1.7691382105288944,1.7311967424586685,1.3499785876400843,1.5983152943335517,1.8416764999999986,1.7105717692239728
CUB,1990,1.6077,4.553193218390804,1.8059,1.8459800000000002,1.270872500338605,1.8405549577880453,1.942280971171642,1.5270076810411615,1.6940473249235888,1.8292297500000023,1.7703850939608974
ALB,1990,2.2169,4.553193218390804,3.0137,2.77322,1.741905881719965,2.3376665140181134,2.3928704598189614,2.4512202496588276,2.4217709236776455,2.156196249999999,2.699698111842184
SVK,1990,1.2934,4.553193218390804,2.076,1.86636,1.407676045045036,1.8605963319978007,1.7199176370071882,1.7130823411376945,1.7845599679527253,1.8236097500000015,1.8679093754445235
DEU,1990,1.3862,4.553193218390804,1.4605,1.5594999999999999,2.561654180980464,1.608942342980427,1.7389566886137298,1.2297856720179663,1.6260515617887221,1.638217250000005,1.4920528223998826
ARM,1990,1.4698,4.553193218390804,2.7083,2.7859399999999996,0.9854627521667556,2.335149425671465,2.268427736952075,2.09264479742907,2.271089927037563,1.9876127499999994,2.610524888955633
KHM,1990,3.7944,4.553193218390804,5.642,4.8363200000000015,5.503735118902309,4.859934920203749,4.605523156743415,4.806457503883902,4.823344735526668,4.3247892499999905,4.748719957908455
KAZ,1990,1.8981,4.553193218390804,2.7448,2.1894400000000007,2.6158391143739923,2.3286574830318796,2.286981868513098,2.298238094486681,2.2094831918686615,2.2936295000000113,2.2702065546918995
KGZ,1990,2.5764,4.553193218390804,3.7978,3.3120399999999997,2.4076831326245984,3.038537906918651,3.0327135115539345,3.028317023278393,2.906264667802099,2.9994934999999976,3.265758446391237
LAO,1990,4.4286,4.553193218390804,6.0574,5.732920000000001,5.016070718360559,5.261902345817441,5.322666325070233,5.421091913441813,5.291419591810455,5.135725999999978,5.409118326396287
MDV,1990,2.6906,4.553193218390804,6.1298,5.158160000000001,4.437740439170233,4.799091040429517,4.80328550919418,5.195934057777592,4.941617297202794,4.350881,5.092988739277847
MNG,1990,2.2546,4.553193218390804,4.2061,2.9392600000000004,2.750496721124244,3.555150654036832,3.488445894835662,3.6393680855544512,2.914823462199286,3.058153250000004,3.175107660774169
QAT,1990,3.0729,4.553193218390804,4.2298,3.7352800000000004,3.0439537366317664,3.3113539539649413,3.1914115894955737,3.4444159938720187,3.280468999263145,3.1339802499999974,3.652178720438809
TJK,1990,3.49,4.553193218390804,5.4557,4.8695,1.4554231645700262,4.404742627705534,4.2329979850337205,4.284594694096041,3.8521756542276524,4.1814935000000055,4.7093180090352575
VNM,1990,2.0277,4.553193218390804,3.6019,2.8771000000000004,4.755339256684771,2.6511496678072324,2.658244274485778,2.782985260577295,2.9262211478546787,2.4698500000000094,2.9471756463021688
HRV,1990,1.4227,4.553193218390804,1.6283,1.3884200000000002,3.034297015828959,1.683810436923308,1.766398083913596,1.4384595384485155,1.6485232940293604,1.6462285000000014,1.4442518611182638
EST,1990,1.3473,4.553193218390804,2.0418,1.9399199999999996,2.2054284802546973,1.8812102905547885,1.9623262980854443,1.652248890366832,1.8888857667464203,1.9409440000000004,1.9004758207859882
LVA,1990,1.2445,4.553193218390804,1.9874,1.8986000000000003,1.6603602393851506,1.7397756559652684,1.733941458225257,1.6098073869272387,1.8016338514499965,1.8598229999999942,1.8588806032668166
LTU,1990,1.3831,4.553193218390804,2.0308,1.9511200000000004,1.1566013041720558,1.787945231943016,1.7691427996801845,1.6185232755624246,1.7812142820256822,1.7497187499999958,1.9036005170753092
SRB,1990,1.3525,4.553193218390804,1.649,1.4678,3.2746420669210425,1.8135999000653853,1.8353824958146119,1.395601324129521,1.710868255569908,1.5892807500000046,1.497630511267488
SVN,1990,1.2533,4.553193218390804,1.4621,1.1535799999999998,1.744051819676144,1.7739185275287628,1.7171729212405997,1.3734406281212457,1.3772233380296197,1.6836009999999986,1.2531089187351605
MAC,1990,0.9328,4.553193218390804,1.7092,1.0777600000000005,3.685052701040337,1.6101458605770889,1.5687113621775768,1.064947955290303,1.6113276739484386,1.596500500000001,1.2866044246564807
UKR,1990,1.1085,4.553193218390804,1.8447,1.61898,0.9747330623858583,1.832840957642758,1.8386097591633304,1.3378701253511611,1.581246928737568,1.8526125,1.6487612426317217
DZA,1995,2.5619,4.387256551724138,3.4869,2.26014,3.3901740981059634,2.7080783955905186,2.806959864881518,2.9603090670244763,2.4844357321838912,2.575383500000009,2.4786400842964182
BEN,1995,5.6916,4.387256551724138,6.33,5.83716,5.741622532017471,5.594001368504807,5.4768505635721825,5.645144859589084,5.654289135065527,4.797699000000005,5.504322658702899
BWA,1995,3.082,4.387256551724138,3.7921,2.93122,1.4617431472457727,3.0661912389600654,3.0542957513613787,3.381199932071966,2.659060323410099,2.976107999999996,2.9840398966208372
BDI,1995,6.7076,4.387256551724138,7.1836,6.965800000000001,5.622120093055475,6.595025305505214,6.805014721751569,6.3453071260679765,6.564248124545733,6.252996250000013,6.447144359984998
CMR,1995,5.4209,4.387256551724138,5.9187,5.386260000000001,3.963891559494312,4.965498795175196,5.243800819195035,5.225051454638496,4.7672723759106495,4.619064750000003,5.108487701421169
CAF,1995,5.812,4.387256551724138,5.9427,5.81466,5.462959765057416,5.454080678894004,5.6574455455064365,5.578668356235747,5.35516433035302,5.168352000000004,5.3845232250875235
COG,1995,4.6689,4.387256551724138,5.0683,4.8304599999999995,3.532413726781969,3.6654447102757333,3.7360169465611768,4.219134702633348,4.106941180107711,3.8311842499999984,4.52688911349038
EGY,1995,3.2535,4.387256551724138,3.7644,2.86716,3.3843576077140085,2.5470560163208678,2.751237738043644,3.021824954504996,2.8103104205998433,3.0181937500000027,2.9361865120061603
GAB,1995,4.2097,4.387256551724138,4.8843,4.195019999999999,2.44843142646297,3.561659724804341,3.6624393495005334,4.261039080384142,3.582652133198088,3.5267232499999968,4.076969250399869
GMB,1995,5.7082,4.387256551724138,5.994,5.691959999999999,5.590393781826626,5.377157296845994,5.494733759476596,5.4035811641360025,5.364760931645212,5.245161249999985,5.321331006327393
GHA,1995,4.4965,4.387256551724138,5.1056,4.348039999999999,4.421279213043548,3.915237436750142,3.978819981589846,4.59570936561305,4.086741112074201,3.954318999999997,4.2335928984368945
CIV,1995,5.4989,4.387256551724138,6.0378,5.220839999999999,5.125074550470178,5.186000561159175,5.330495466035199,5.4770420908158295,5.06189384090268,4.412993999999995,5.036916194402686
KEN,1995,4.8008,4.387256551724138,5.3717,4.455139999999999,3.97129436544771,4.471691092615653,4.376459425809625,4.712166859026229,4.153276712171454,3.86238124999999,4.373550453154866
LSO,1995,3.4278,4.387256551724138,4.1253,3.2995800000000006,3.2405316634765606,3.3344841401882417,3.553126445390185,4.079138102638328,3.0811353955646545,3.2538477499999914,3.30664861657553
LBR,1995,5.5192,4.387256551724138,6.1732,5.937159999999999,5.967408113596113,6.16057232987505,5.963348737169081,6.124045914224914,5.673529468800374,5.588151999999996,5.52445751467061
MWI,1995,5.8483,4.387256551724138,6.3922,5.9746,5.348216272779747,6.170571684669308,6.061354647344424,6.166225961511664,5.627874099169968,5.3503692500000035,5.607747126355047
MLI,1995,6.7084,4.387256551724138,7.0523,6.741499999999999,6.573380658067124,7.080008202420841,6.808013632379632,6.719826287156897,6.740283739058752,5.922097500000003,6.2702310909564325
MRT,1995,5.3764,4.387256551724138,5.9622,5.7069600000000005,5.501560110385849,4.8148749409550815,4.983309292330581,5.359987123439286,5.330165568770147,5.331489249999993,5.3220926610236825
MUS,1995,1.824,4.387256551724138,2.1375,1.9470600000000007,2.617109647829682,1.7413709912790267,1.741989407582414,1.8218118603065934,1.9415682724619314,2.0238332500000054,1.9136122034450564
MAR,1995,2.6131,4.387256551724138,3.2954,2.378,5.005043339654366,2.69727890082242,2.6203143169716165,3.03846146231749,2.642436495745927,2.44495975000001,2.500544657741384
MOZ,1995,5.5003,4.387256551724138,6.0193,5.659540000000001,6.622027668618025,6.101499329463022,6.222581840878131,5.915912055612406,5.644509940654974,5.727012249999996,5.307838106598972
NER,1995,7.7687,4.387256551724138,7.7757,7.738859999999999,6.51944592897808,7.786687641707261,7.787338171764402,7.490840040341348,7.595697556434899,7.836330749999997,7.094954655965868
RWA,1995,5.5003,4.387256551724138,6.3448,5.794840000000001,4.833721259018583,6.063748705947553,5.767031978792128,5.852877504624859,5.3728373036286,4.77496325,5.481737940228798
SEN,1995,5.1333,4.387256551724138,5.8189,5.1260200000000005,6.109647742272118,5.128400341894466,5.304261824760915,5.247720358291955,5.161244286959518,4.412828499999998,4.917558447038757
SLE,1995,5.8072,4.387256551724138,6.5553,6.5409,5.689802890343685,6.473828601041601,6.457647386094274,6.44342780217623,6.0618500633546555,6.310550250000014,6.008472851716366
ZAF,1995,2.5125,4.387256551724138,3.1715,2.50814,2.435212130117616,2.585430373571769,2.6305040938369246,2.9713267642361822,2.4191272700392346,2.558882250000001,2.5486136404071673
SDN,1995,5.3972,4.387256551724138,5.8556,5.593279999999999,5.406909948553118,4.8049154482054925,5.115447677504417,5.089373548799237,5.200431959911565,5.3494364999999995,5.221503446109814
SWZ,1995,3.7038,4.387256551724138,4.5227,3.596300000000001,3.7767063232441047,3.6222170470268584,3.6730485870452916,4.379772656277395,3.418377842089447,3.484878750000005,3.6017036695363887
TZA,1995,5.5791,4.387256551724138,5.8218,5.3665199999999995,4.598417784071287,5.2718443663221874,5.301660974038858,5.435073761591037,4.881005907753075,4.426357249999995,5.069638215238263
TGO,1995,5.0378,4.387256551724138,5.5646,4.961600000000001,4.729024431963381,4.605600417310595,4.731629322017112,4.9599679984735205,4.621654488361716,4.125611999999986,4.744761963024718
TUN,1995,1.9534,4.387256551724138,2.67,1.7451599999999998,3.6344666945680997,2.2385823687120783,2.1890539431497826,2.4431904669926157,2.0864319652186487,2.1855452500000028,1.931857639381323
UGA,1995,6.5252,4.387256551724138,6.8711,6.7001,4.813099156719831,6.168916072949515,6.242298171613622,6.206268301282906,6.001615208553939,6.042863750000006,6.194761285028852
COD,1995,6.5264,4.387256551724138,6.6756,6.70704,5.525354843807486,6.054306000043368,6.06176838829465,6.019136193503706,6.144887701621755,6.3303657500000075,6.145799520865929
ZMB,1995,5.6975,4.387256551724138,6.2316,5.82948,3.7608431676296803,5.595595459646583,5.720682844780132,5.690991595533797,5.022703639588679,5.054820999999984,5.472650463780519
ZWE,1995,3.6933,4.387256551724138,4.1529,3.2849399999999997,2.712288581516228,3.4041830174199816,3.527487843024222,3.9453695707028493,3.026432536943819,3.4046379999999976,3.3049677698421602
BRB,1995,1.7381,4.387256551724138,1.7043,1.53954,2.1205928770981988,1.566815296797348,1.613205252781849,1.3861445672448092,1.6131591650249049,1.7245549999999978,1.5390920676507167
CAN,1995,1.5656,4.387256551724138,1.674,1.64724,1.185724239554788,1.7137834598721353,1.700804606628379,1.4188957419621038,1.5611922822642406,1.7117674999999961,1.5985766660203824
CRI,1995,2.0382,4.387256551724138,2.7785,2.3117000000000005,2.818042952279058,2.2585742185505673,2.242754053947603,2.244852068967519,2.2749828223016046,2.302883500000006,2.317840845703268
DOM,1995,2.5742,4.387256551724138,3.1009,2.7289000000000008,2.7508889268446612,2.8797523890776593,2.7040489287665865,2.425883784889258,2.5256139717485544,2.7551367500000072,2.6682268480944815
SLV,1995,2.4404,4.387256551724138,3.5678,3.09236,3.369551995807212,2.9789879207838066,2.811147341140502,2.818724978872403,2.855491990529532,2.808698500000006,3.0242231424854342
GTM,1995,3.9743,4.387256551724138,5.1051,4.654860000000001,4.897702653330095,3.8098174954120507,3.627407978716941,4.090939279837759,4.308120616488336,3.8539802500000144,4.426464434794311
HTI,1995,3.835,4.387256551724138,4.8841,4.24774,4.854872133171149,3.729638512448364,3.627106502969049,4.172840761363604,4.021027500152674,3.290847750000004,4.110078693052301
HND,1995,3.577,4.387256551724138,4.8352,4.312,3.8565508731700406,3.856134169152927,3.5961042436272472,3.976647781955338,3.8563917379528188,3.8219840000000067,4.137163355033347
JAM,1995,2.1475,4.387256551724138,2.8506,2.7258,1.692816447362555,2.216622032500505,2.258909291056891,2.226562341061089,2.360072067338809,2.009138250000001,2.598001282068901
MEX,1995,2.4947,4.387256551724138,3.0436,2.5636,2.6694580613572825,2.4692252852570857,2.5361221961307985,2.420883742617974,2.433415564315485,2.4646050000000077,2.548613388500616
NIC,1995,2.7646,4.387256551724138,3.7752,2.7898799999999992,3.9242336704582517,3.0155273327762204,3.0227579111460616,3.079931591976206,2.8322580149542222,3.0008970000000055,2.890518787783459
PAN,1995,2.6431,4.387256551724138,2.8517,2.58734,2.149146557204163,2.310485069796808,2.330619724049458,2.4252871968642262,2.3456100418081482,2.233338499999997,2.51120180636261
TTO,1995,1.6247,4.387256551724138,1.9668,1.4542800000000002,1.7187262681994477,1.9006928352183179,1.930636774867073,1.5859772962647671,1.6035520866218933,1.6413830000000025,1.5570618186847849
USA,1995,2.0402,4.387256551724138,1.965,1.8367200000000004,0.7981344707090194,1.9203979990108124,1.7924269771798194,1.6918076375141076,1.6765596471933204,1.7846130000000011,1.7971481998140408
ARG,1995,2.4259,4.387256551724138,2.8638,2.65932,2.001619209990016,2.2418945433663136,2.278846906995934,2.2366850190518153,2.3649252643352665,2.064605999999996,2.5597820555423305
BOL,1995,3.5584,4.387256551724138,4.4094,3.82128,2.356425123899308,3.520415787581233,3.8537905582548024,3.858315505823697,3.282689530051605,3.294022000000002,3.712324031295396
BRA,1995,1.9422,4.387256551724138,2.567,2.1717200000000005,3.145881501643828,2.3897687096622473,2.2447124915395653,2.2133454640812413,2.1946194917498008,2.149041500000001,2.172093319873444
CHL,1995,1.8248,4.387256551724138,2.3531,2.08238,1.8979799266424435,1.806808755183051,1.8818495113262046,1.873613161449141,1.9832616691642002,2.0112742500000067,2.057546689573328
COL,1995,2.3087,4.387256551724138,2.8496,2.6750000000000003,3.133190977152289,2.557964651372871,2.464307730239176,2.3082908782122926,2.4771063524715773,2.320365249999999,2.565772303433204
ECU,1995,2.7998,4.387256551724138,3.3814,3.0236800000000006,2.9306713571414713,2.929742623358143,2.9034026025550346,2.7452431721798742,2.7377096518541473,3.1010617499999973,2.930174175440909
GUY,1995,2.6476,4.387256551724138,3.2377,3.3062199999999993,2.297202676272123,2.8448822927608575,2.755892597364558,2.662870059519239,2.7607357508599026,2.7320815000000067,3.068710833103859
PRY,1995,2.9731,4.387256551724138,4.108,3.5589999999999993,3.604326698900693,3.3953388229760875,3.3450736993358783,3.377591777835357,3.223715195872196,3.2641939999999994,3.4651201366539284
PER,1995,2.6433,4.387256551724138,3.315,2.5987199999999997,2.4056009063040236,2.757824228705635,2.656923683699517,2.7708255775786474,2.490373741154312,2.6128445000000107,2.644736972101705
URY,1995,2.0971,4.387256551724138,2.4012,2.3105999999999995,2.659940167988627,2.012641845138175,1.950033534037906,1.8428534528957528,2.1654456605721815,2.0609370000000053,2.2142310235800693
VEN,1995,2.6288,4.387256551724138,3.0821,2.64266,3.417141462650485,2.519449781020495,2.3319333681409433,2.364582721387911,2.5485808937063865,2.777876,2.6088486258274957
AFG,1995,6.8575,4.387256551724138,7.7671,7.99666,6.34336490165797,7.392004561912159,7.09600324305396,6.561499706407627,7.625271930494865,7.8181722500000035,7.25478023927774
BHR,1995,2.6695,4.387256551724138,3.1278,2.3011200000000005,2.355896352045494,2.272916130564681,2.384818645523497,2.4027488737466696,2.3128225159666793,2.3518890000000074,2.406465568298346
BGD,1995,2.8457,4.387256551724138,3.5878,2.4857200000000006,4.9373605423661555,2.5164361608444663,2.683993896214979,3.031895032134619,2.7543128272359114,2.5537547500000017,2.6480662011372873
MMR,1995,2.5146,4.387256551724138,3.1274,2.6760800000000007,4.558231123181413,2.7331844015719584,2.7088429994068157,2.7740110073717887,2.6839997636935076,2.7632752500000053,2.6422284715431172
CHN,1995,1.6238,4.387256551724138,1.5885,0.47790000000000044,2.8175141804252433,2.1154659064745776,2.0267184217602328,1.3272406447759137,1.2013149722077316,1.5114747499999999,0.8396704292308428
HKG,1995,0.9574,4.387256551724138,1.3038,1.3287600000000002,0.4935618829120698,1.662185713888369,1.4111883232483744,0.6982130858312012,1.2673539549179629,1.55994425,1.2972527554477398
IND,1995,2.9584,4.387256551724138,3.6511,3.1789,4.791948282567265,2.9717900627684033,2.9395632606571365,3.1652357099551383,3.050001032324011,2.4939430000000105,3.101384044277437
IDN,1995,2.4524,4.387256551724138,2.809,2.44336,4.2615901131916765,2.468010561222568,2.401400720852291,2.2563126546755483,2.477533662519188,2.2816474999999987,2.4089823966961967
IRN,1995,1.756,4.387256551724138,2.8515,0.3527400000000007,2.6826773577026364,2.348450147672834,2.4130705430033617,2.3995006904053637,1.4493429402333011,2.0445447500000067,1.1054517094101253
IRQ,1995,4.4457,4.387256551724138,5.3602,4.67716,3.9221185830429945,4.017636742165011,3.953832541560429,4.195565305794758,4.232253466027389,3.9460362499999984,4.510077254289265
ISR,1995,2.7933,4.387256551724138,2.823,2.80284,1.2803744013875193,2.0511761022024952,2.0521738184636305,2.2931980072911777,2.346126960256515,2.009155000000001,2.6389354187972636
JPN,1995,1.2455,4.387256551724138,1.4067,1.2843000000000002,0.6252260745117941,1.7012253497522187,1.6295279093885444,1.0361106482463938,1.286780247273366,1.6369032499999994,1.2973532928013651
JOR,1995,3.6533,4.387256551724138,4.6761,3.63474,2.6176384196834954,3.274800312826996,3.287518170031739,3.5839862283937736,3.3145566099207975,3.562007499999994,3.6677283265092573
KOR,1995,1.1151,4.387256551724138,1.6456,1.69732,0.6067190596282983,1.6108630400542865,1.6138907055457197,1.0440798547325296,1.5195614608105221,1.6301257500000015,1.6223331488006267
KWT,1995,2.731,4.387256551724138,3.2484,2.9626800000000006,3.24423306645326,2.3546231298536218,2.3830075780991584,2.568584770161971,2.708986326830515,3.128142750000001,2.855522546259702
MYS,1995,2.3912,4.387256551724138,3.3165,3.33138,1.5251957697034713,2.5080964139819617,2.3542992407307146,2.285635467141142,2.716595133016009,2.8082175000000085,3.106032599512189
NPL,1995,3.1153,4.387256551724138,4.869,4.459079999999999,5.795028489252701,3.6799282738300287,3.557220774920326,4.121110389066066,4.264718179995092,3.8016137499999885,4.238905154065137
PAK,1995,4.5947,4.387256551724138,5.894,5.330360000000001,5.3836439869852954,4.552604108217502,4.826919490673373,4.826213212928703,5.103168451367377,4.6449809999999925,5.066585763148237
PHL,1995,3.4479,4.387256551724138,4.0673,3.761180000000001,2.5986026329461867,3.403024169659511,3.3409829056210816,3.0574265312165103,3.1915067416672365,3.450026750000004,3.581201386200825
SAU,1995,3.161,4.387256551724138,4.9859,4.004659999999999,3.564668809864632,3.6741025231354048,3.5131433014844835,3.8748049280786083,3.732427890702381,3.5697237499999845,3.9849354530431116
SGP,1995,1.0721,4.387256551724138,1.4426,1.2742400000000003,1.3142158000316257,1.565324028201823,1.4111883232483744,0.8122862824782735,1.3578483158803687,1.6544089999999978,1.300817566095061
LKA,1995,2.263,4.387256551724138,2.3529,2.12766,0.9250397156244152,1.8010069575469154,1.931771712714169,1.7632111981624599,1.9086402602574397,1.9027367500000059,2.085975932264817
SYR,1995,3.6055,4.387256551724138,4.697,3.6602000000000006,4.725323028986683,3.6045488604654774,3.429652478903402,3.777138747142179,3.6616393282603483,3.4161032500000017,3.6894451612419537
TWN,1995,1.1332,4.387256551724138,1.7818,1.77508,0.911291647425247,1.7049365813910635,1.6055028123225328,1.0838457719861112,1.6157650801260206,1.5577849999999966,1.708400687800843
THA,1995,1.644,4.387256551724138,1.8879,1.6753799999999999,2.858229613168932,1.941791022321584,2.0611832356619963,1.6605983827160409,1.7875207796084127,1.9684957499999913,1.6746248772869472
ARE,1995,2.2318,4.387256551724138,3.2783,1.8049400000000004,2.0967981436765624,2.487830944363111,2.4515529916044696,2.6655755076251104,2.114860662987217,1.9346210000000092,2.135391584422234
YEM,1995,5.5634,4.387256551724138,7.525,6.2272,6.248185967971423,7.223383455748826,6.247253410284751,6.255394077596,6.689126450557449,5.912268249999996,6.075646532105434
AUT,1995,1.406,4.387256551724138,1.4311,1.3885000000000003,2.4494889701705977,1.6875080765858197,1.6647857565298447,1.3469136643994575,1.5128630327060897,1.590917500000001,1.369556954891952
BEL,1995,1.7542,4.387256551724138,1.5637,1.4899000000000002,1.1212140733894622,1.6373163691558836,1.6915325444844511,1.284917702923849,1.4608195604530434,1.6192579999999939,1.4695134632678535
CYP,1995,1.4788,4.387256551724138,2.0315,1.5865399999999998,1.2333137063980621,1.7791360647053542,1.8139024707975904,1.8292680986425425,1.6289459167912015,1.6692022500000006,1.6579096965233218
DNK,1995,1.7982,4.387256551724138,1.8006,1.9640399999999998,1.578072955084885,1.8144712290974965,1.7098743411766073,1.5989123459461116,1.7648395752411443,1.6009277499999959,1.8323958643672782
FIN,1995,1.8006,4.387256551724138,1.8052,1.8402399999999999,2.349551089799724,1.799621765784499,1.6730750095354074,1.6691351664082892,1.7878394996622826,1.675328499999996,1.7557731066778657
FRA,1995,1.9159,4.387256551724138,1.718,1.64096,1.6748382043328736,1.760394815459705,1.67917726956951,1.4759399593158413,1.6166133772555282,1.7085999999999957,1.6066282571132517
GRC,1995,1.3575,4.387256551724138,1.3853,1.2881,1.2465330027434147,1.5296918067600642,1.645074413512253,1.1703173892160126,1.342952417260812,1.6057302499999986,1.2939063410445106
HUN,1995,1.3123,4.387256551724138,1.568,1.2210800000000002,1.4559266568538183,1.5216848571320367,1.6305270959069698,1.2426774107921084,1.3801490903654772,1.597415749999999,1.3015827175077614
ISL,1995,2.0456,4.387256551724138,2.0826,1.8190799999999996,1.6172020722671316,1.7781940757937147,1.7569000783593687,1.7779158011365648,1.7772687131998257,1.6357107500000023,1.818129889795192
IRL,1995,1.8654,4.387256551724138,1.8434,1.5231199999999998,1.5304834882416118,1.8223460978024957,1.7420831804958385,1.697636615350727,1.5839133764590234,1.7540272499999947,1.56670586370422
ITA,1995,1.3325,4.387256551724138,1.1885,1.0170199999999998,1.7377620549367565,1.6147496489513753,1.669905207425582,1.0186003529675127,1.226396428571035,1.5863952499999987,1.0696989493164235
LUX,1995,1.6308,4.387256551724138,1.7053,1.8289,2.460593179100695,1.7903470687747274,1.6919246703285131,1.5793185219712083,1.7688883468185677,1.676155999999999,1.7213893934211177
MLT,1995,1.3771,4.387256551724138,1.7915,1.49174,0.43486820713869845,1.6695822810783918,1.651821926471601,1.4212058333758169,1.4521011449234384,1.718952749999998,1.532808986254388
NLD,1995,1.7055,4.387256551724138,1.5339,1.43778,1.5844182173306551,1.642813282334372,1.6915325444844511,1.2353574678682864,1.4759501235667307,1.586162249999999,1.4285982180567696
NOR,1995,1.8355,4.387256551724138,1.8734,1.80344,1.6108568100213616,1.8547499794052058,1.7585015759627929,1.7028243000082584,1.7179977098545467,1.6984387499999958,1.7512269583364857
POL,1995,1.2441,4.387256551724138,1.6337,1.1162599999999996,1.648928383495981,1.5399656897883198,1.7220001669260776,1.3403775098292443,1.3706385527734501,1.457331999999992,1.2535660303320197
PRT,1995,1.408,4.387256551724138,1.4115,1.23882,1.9672490394920965,1.4801585142314377,1.745893942842854,1.1787247302735375,1.3980337335114927,1.5844895000000003,1.270053001449007
ESP,1995,1.3294,4.387256551724138,1.1534,0.9083600000000001,1.9360515001170615,1.5752534057186143,1.645074413512253,0.9769638359120099,1.1906986751682522,1.4539449999999972,0.9917709952517662
SWE,1995,1.7721,4.387256551724138,1.7304,1.2613199999999996,1.4421785886546497,1.7872182766008728,1.700804606628379,1.5657057573224678,1.4362768260744079,1.4982124999999906,1.3711946523346064
CHE,1995,1.4163,4.387256551724138,1.4784,1.35948,2.79794962183412,1.6220117781265706,1.705897801115826,1.3367817473667905,1.5459048989811355,1.6034812500000042,1.3642038974498232
TUR,1995,2.1972,4.387256551724138,2.8354,2.50888,3.8491480672166425,2.384625211817874,2.4130705430033617,2.362403743792892,2.4721327031754523,2.3329645000000014,2.457399600665589
GBR,1995,1.7611,4.387256551724138,1.7094,1.566,1.7869378373414713,1.6952806577773192,1.6274407693620638,1.3520743593831193,1.5934902486860638,1.7184117499999971,1.5571281228172102
AUS,1995,1.8495,4.387256551724138,1.8248,1.72496,1.3369529897456345,1.7689541507576234,1.751785625744895,1.4986087697951622,1.6462303073530054,1.663735499999995,1.6886015518343798
FJI,1995,2.9166,4.387256551724138,3.2513,3.0900200000000004,1.2766729984108216,2.510032431365936,2.517194626735668,2.557652389359181,2.57407218806814,2.789020000000004,2.936417982795213
NZL,1995,1.961,4.387256551724138,1.9786,1.75252,0.5771078358147057,1.9213652462709048,1.7645075818384854,1.5814735529469588,1.6229317313561995,1.8848699999999992,1.7478911552640324
PNG,1995,4.2203,4.387256551724138,4.7802,4.30092,5.005043339654366,3.596218521414757,3.646993029736549,4.283667925023167,4.0182567796151565,3.6116212500000073,4.1151907767505085
TON,1995,4.1951,4.387256551724138,4.5634,4.124199999999999,2.001619209990016,3.5985652204284855,3.4354886196940453,3.641583246188807,3.4003689982446783,3.6188779999999956,3.944885912930906
LBY,1995,2.7648,4.387256551724138,3.4422,1.8412800000000005,2.6847924451178926,2.8675107238755215,2.8634751047448113,2.9835117383685557,2.2277046184656717,2.2333827500000076,2.2029593505263607
NAM,1995,3.5711,4.387256551724138,4.4173,3.2407,3.3108583200338417,3.4585684550023204,3.4503385137926306,4.169205967216046,3.165029325196392,3.3953822499999973,3.3492597983173535
REU,1995,2.4856,4.387256551724138,2.2715,1.9124600000000003,2.3617128424374485,1.9012844321213478,1.8568645611292784,2.127522912015145,1.9356046770200885,2.1399860000000035,1.9283985539660167
BLZ,1995,3.1727,4.387256551724138,3.8762,2.7651199999999996,1.8276532700851615,3.2188457454322066,3.0636997248800832,3.15031797944465,2.6448036314832883,3.127653250000001,2.9024935183449325
BRN,1995,2.0241,4.387256551724138,2.7865,2.181940000000001,2.9719155617389745,2.0453912377260877,2.0726072037215935,2.1193172986537743,2.236774820160735,2.246785500000003,2.238396329216489
BGR,1995,1.3579,4.387256551724138,1.2472,0.5900800000000003,2.3638279298527065,1.492240818623492,1.7109618300962202,1.1205744658846646,1.1202812369070152,1.2695374999999922,0.8171403115150357
CZE,1995,1.281,4.387256551724138,1.2755,0.5443400000000002,0.8711049865353715,1.6683882675474435,1.619938095677958,1.0645062277536645,0.964050581279698,1.3741614999999994,0.7960866679185421
ROU,1995,1.3938,4.387256551724138,1.337,0.73676,1.6825571657708158,1.6491989095615605,1.7888016225555807,1.1882193951764703,1.1391552876280957,1.3968377499999953,0.9339058645665128
RUS,1995,1.2989,4.387256551724138,1.352,0.6824000000000003,1.408865961864358,1.6182597630443496,1.7993906227845924,1.0498582816234534,1.0934540585316723,1.384222999999998,0.9038018290328709
CUB,1995,1.486,4.387256551724138,1.4806,1.0902399999999997,1.5474041875636644,1.4765732465513641,1.7397801942402524,1.3750265441821599,1.3117438754881272,1.4916962499999977,1.1954361201904704
ALB,1995,1.7868,4.387256551724138,2.7622,2.4604,1.9566736024158131,2.293762316537519,2.3446606386629694,2.14826851254526,2.2509687767360766,2.2024460000000015,2.4069357130072495
SVK,1995,1.2623,4.387256551724138,1.5226,0.8585199999999998,1.4358333264088796,1.5628032907311677,1.619938095677958,1.311407719833201,1.213168757456606,1.4354585000000006,1.061127070791113
DEU,1995,1.3445,4.387256551724138,1.2618,1.0233600000000003,2.8005934811031903,1.594417043478233,1.682561400127811,1.2034648675026394,1.349752090578587,1.3652109999999993,1.0936815625055831
ARM,1995,1.4921,4.387256551724138,2.0672,1.2978800000000006,1.5791304987925132,2.0065011083079742,2.0384532553547916,1.629855650692992,1.548741031995021,1.468196500000003,1.486063540015265
KHM,1995,3.2379,4.387256551724138,5.0762,4.39724,5.329180486042437,3.7610661041592044,3.8317342731251753,4.282616018047426,4.266648984343861,3.703401250000011,4.2565230345774365
KAZ,1995,2.2743,4.387256551724138,2.2535,1.6639399999999995,2.010608331504856,2.1361738078410752,2.043332432287717,1.907119472295029,1.7918967051500307,1.7106925000000024,1.7671548350277182
KGZ,1995,2.6448,4.387256551724138,3.2912,2.68328,2.471168616176978,2.6116065734876717,2.618898413369805,2.629112055842578,2.5266342136337747,2.6975130000000083,2.691438177006759
LAO,1995,3.6848,4.387256551724138,5.3554,4.513000000000001,4.998169305554782,4.656453833378397,4.3533954975395135,4.761984054912257,4.390658866789145,3.8886542500000085,4.405501588677677
MDV,1995,2.1989,4.387256551724138,4.2924,2.087519999999999,4.359941678001108,3.147782829109192,3.34766975740135,3.668705828461256,2.7603153429395197,3.939600000000021,2.5897718378501886
MNG,1995,1.9905,4.387256551724138,2.7355,0.97078,2.7112310378086004,2.3540944073024743,2.4335351846966193,2.51998733658726,1.6853423259542772,2.035574250000007,1.4625935631659708
QAT,1995,2.6347,4.387256551724138,3.5567,2.7489800000000004,2.9052903081583916,2.8177680934833917,2.680435084584751,2.865138721403275,2.662365863869738,2.7737422500000095,2.8051890187941892
TJK,1995,3.3979,4.387256551724138,4.6638,3.71352,1.7213701274685187,3.6970459064522543,3.682764340157369,3.732433293677047,3.2065596863041184,3.569231499999994,3.713930477531792
VNM,1995,1.8871,4.387256551724138,2.7001,1.6179399999999997,4.283269759198056,2.306435937449493,2.2381711556661767,2.085460344902682,2.102499602856786,2.1804812500000015,1.860039251785269
HRV,1995,1.5057,4.387256551724138,1.5793,1.5204999999999997,2.955523634270735,1.5342589748880309,1.6914016855105685,1.346391696669806,1.6544701625335954,1.6303285000000003,1.493017956565104
EST,1995,1.5147,4.387256551724138,1.3722,0.5686800000000004,1.6547448738879358,1.535725158626163,1.7325891671550893,1.1772112509800614,1.0739500495555325,1.424871749999997,0.8377752712000475
LVA,1995,1.3894,4.387256551724138,1.2522,0.36995999999999996,1.9159581696721242,1.616947753948532,1.7776265871271384,1.1457089938405196,0.9850105759779164,1.4331082499999983,0.680035687827723
LTU,1995,1.2912,4.387256551724138,1.5515,0.9763400000000001,1.8477466005300993,1.533313891211412,1.7108251314976353,1.309103858381441,1.3100216393104218,1.4920002499999996,1.1431260039999747
SRB,1995,1.3358,4.387256551724138,1.4683,1.2514599999999998,3.0898316851395284,1.488006310174323,1.7019906857395801,1.2199162940289225,1.5257165509860235,1.4340730000000033,1.2934979062640815
SVN,1995,1.2629,4.387256551724138,1.2877,1.0784200000000002,1.5727852365467436,1.628707326772269,1.6405388918078079,1.171968666729784,1.2612044046126867,1.4591609999999964,1.135382420627082
MAC,1995,0.862,4.387256551724138,1.3674,0.9572399999999999,3.090360456993343,1.519520865212912,1.4470490527313713,0.8577417223709385,1.3759026204644336,1.316149999999997,1.0808931704287206
UKR,1995,1.2208,4.387256551724138,1.3987,0.8635000000000002,1.3655066698515985,1.520433322269042,1.7325891671550893,1.0694946360389985,1.1776891913392435,1.4102132499999964,1.030463012178478
