iso3,year,15-19,20-24,25-29,30-34,35-39,40-44,45-49,50-54,55-59,60-64,65-69,70-74
AFG,1950,0.31,0.04,0.03,0.03,0.01,0.01,0.01,0.01,0.01,0.01,0.0,0.0
AFG,1955,0.31,0.04,0.04,0.03,0.03,0.01,0.01,0.01,0.01,0.01,0.01,0.01
AFG,1960,0.32,0.1,0.04,0.04,0.03,0.03,0.01,0.01,0.01,0.01,0.01,0.01
AFG,1965,0.31,0.09,0.09,0.04,0.04,0.03,0.03,0.01,0.01,0.01,0.01,0.01
AFG,1970,0.39,0.36,0.09,0.09,0.04,0.04,0.03,0.03,0.01,0.01,0.01,0.01
AFG,1975,0.49,0.36,0.37,0.09,0.1,0.04,0.04,0.03,0.03,0.01,0.01,0.01
AFG,1980,0.64,0.73,0.37,0.37,0.1,0.1,0.04,0.04,0.02,0.02,0.0,0.0
AFG,1985,0.98,0.92,0.74,0.37,0.37,0.1,0.1,0.04,0.04,0.03,0.03,0.01
AFG,1990,1.12,1.29,0.93,0.74,0.37,0.37,0.1,0.1,0.04,0.04,0.03,0.03
AFG,1995,1.54,1.35,1.3,0.93,0.75,0.37,0.37,0.1,0.1,0.04,0.04,0.03
AFG,2000,2.0,1.8,1.37,1.3,0.94,0.75,0.37,0.37,0.1,0.1,0.04,0.04
AFG,2005,1.66,2.36,1.81,1.37,1.3,0.94,0.75,0.37,0.37,0.1,0.1,0.04
AFG,2010,4.13,2.33,2.16,1.81,1.37,1.31,0.94,0.75,0.37,0.37,0.1,0.1
ALB,1950,2.46,2.54,4.73,1.56,1.6,1.5,1.69,1.6,1.74,1.52,1.39,1.4
ALB,1955,2.02,3.09,2.55,4.73,1.58,1.58,1.53,1.67,1.71,1.71,1.58,1.59
ALB,1960,3.84,3.7,3.15,2.59,4.83,0.85,0.77,0.65,0.61,0.47,0.35,0.31
ALB,1965,4.22,3.74,3.71,3.23,2.65,4.96,0.88,0.77,0.64,0.57,0.41,0.36
ALB,1970,6.68,5.62,3.75,3.71,3.23,2.65,4.96,0.85,0.74,0.56,0.47,0.41
ALB,1975,8.08,7.83,5.63,3.86,3.83,3.32,2.73,5.13,0.84,0.65,0.54,0.48
ALB,1980,9.53,9.18,7.85,5.85,4.01,3.98,3.44,2.83,5.34,0.74,0.56,0.48
ALB,1985,10.03,10.1,9.2,8.15,6.14,4.21,4.17,3.6,2.96,5.63,5.33,5.3
ALB,1990,10.18,10.0,10.12,9.53,8.56,6.52,4.47,4.44,3.82,3.14,6.03,5.86
ALB,1995,9.24,10.3,10.02,9.85,9.18,8.11,6.1,4.12,4.08,3.24,2.66,5.1
ALB,2000,9.82,10.73,11.04,10.98,10.86,10.55,9.87,7.82,5.37,5.38,4.55,3.83
ALB,2005,10.11,10.74,10.75,10.98,10.95,10.82,10.51,9.85,7.82,5.54,5.49,4.69
ALB,2010,9.21,11.19,10.93,10.74,10.91,10.91,10.75,10.46,9.79,7.83,5.62,5.62
ARE,1950,0.24,0.77,0.77,0.3,0.3,0.12,0.11,0.1,0.1,0.1,0.07,0.07
ARE,1955,0.42,1.79,0.77,0.77,0.3,0.3,0.12,0.11,0.1,0.1,0.08,0.07
ARE,1960,0.76,1.79,1.8,0.78,0.78,0.3,0.3,0.12,0.11,0.1,0.09,0.09
ARE,1965,1.28,3.87,1.8,1.8,0.78,0.78,0.3,0.3,0.12,0.11,0.1,0.1
ARE,1970,1.91,3.87,3.9,1.8,1.8,0.78,0.78,0.3,0.3,0.12,0.11,0.11
ARE,1975,2.89,3.83,3.9,3.9,1.8,1.8,0.78,0.78,0.3,0.3,0.12,0.12
ARE,1980,4.33,6.11,4.29,4.09,4.1,1.86,1.84,0.82,0.77,0.3,0.29,0.13
ARE,1985,6.07,8.2,6.15,4.84,4.34,4.34,1.92,1.9,0.88,0.78,0.29,0.32
ARE,1990,7.15,9.67,8.27,6.58,5.52,4.63,4.63,2.0,1.95,0.95,0.93,0.63
ARE,1995,8.1,10.82,9.62,8.72,7.13,6.34,4.98,4.98,2.1,2.03,1.03,1.06
ARE,2000,9.27,10.56,10.47,9.77,9.3,7.77,7.33,5.41,5.4,2.22,2.12,1.2
ARE,2005,9.76,10.34,10.66,10.5,9.97,9.97,8.54,8.55,5.92,5.92,2.36,2.36
ARE,2010,9.83,10.32,10.39,10.66,10.53,9.96,9.95,8.55,8.53,5.92,5.92,2.5
ARG,1950,5.67,5.21,5.17,4.85,4.75,4.51,4.49,3.61,3.61,3.61,3.57,3.57
ARG,1955,6.1,5.18,5.2,5.15,4.98,4.88,4.75,4.72,4.24,4.24,4.21,4.22
ARG,1960,6.73,6.71,5.2,5.19,5.15,5.14,5.05,5.05,5.02,5.02,5.02,5.02
ARG,1965,7.03,6.94,6.84,5.54,5.53,5.29,5.29,4.98,4.98,4.69,4.66,4.71
ARG,1970,7.28,7.81,6.99,6.97,5.95,5.94,5.47,5.46,4.91,4.91,4.28,4.28
ARG,1975,8.13,8.37,8.19,6.64,6.62,6.1,6.09,5.84,5.83,5.56,5.5,5.18
ARG,1980,8.4,9.0,8.34,8.37,6.18,6.17,6.19,6.19,6.19,6.19,6.2,6.2
ARG,1985,9.26,9.74,9.51,8.63,8.64,6.75,6.74,6.4,6.4,5.9,5.85,5.92
ARG,1990,9.59,10.5,9.8,9.83,8.84,8.85,7.25,7.23,6.59,6.58,5.55,5.55
ARG,1995,9.21,10.27,10.33,9.69,9.72,8.8,8.83,7.49,7.47,6.5,6.45,5.97
ARG,2000,9.01,10.05,10.19,10.04,9.51,9.54,8.73,8.77,7.73,7.72,6.36,6.37
ARG,2005,9.52,10.69,10.56,10.38,9.8,9.82,9.24,9.28,7.89,7.9,7.89,7.9
ARG,2010,9.02,10.81,10.68,10.56,10.38,9.8,9.82,9.24,9.28,7.89,7.9,8.04
ARM,1950,6.26,7.46,7.32,7.65,7.66,7.23,7.03,6.78,6.63,6.41,5.7,5.7
ARM,1955,6.48,7.62,7.49,7.32,7.63,7.64,7.18,7.01,6.65,6.61,5.87,5.87
ARM,1960,6.82,9.61,7.66,7.49,7.33,7.64,7.6,7.18,6.9,6.66,6.06,6.06
ARM,1965,7.06,9.61,9.67,7.66,7.5,7.33,7.6,7.6,7.06,6.9,6.5,6.5
ARM,1970,7.45,10.76,9.66,9.67,7.67,7.5,7.33,7.63,7.51,7.09,6.7,6.7
ARM,1975,7.72,10.76,10.85,9.67,9.68,7.67,7.5,7.33,7.5,7.51,6.87,6.88
ARM,1980,9.41,10.82,10.85,10.86,9.69,9.69,7.67,7.5,7.32,7.63,7.17,7.16
ARM,1985,10.29,11.43,10.9,10.87,10.9,9.7,9.69,7.68,7.5,7.33,7.16,7.16
ARM,1990,10.56,12.51,11.51,10.91,10.91,10.91,9.7,9.7,7.67,7.5,7.33,7.33
ARM,1995,8.76,12.52,12.6,11.52,10.94,10.91,10.9,9.7,9.69,7.67,7.51,7.51
ARM,2000,8.87,10.23,12.62,12.61,11.54,10.94,10.9,10.9,9.69,9.69,7.67,7.68
ARM,2005,9.07,10.41,10.29,12.62,12.64,11.54,10.93,10.9,10.88,9.69,9.69,7.84
ARM,2010,9.32,10.47,10.51,10.3,12.65,12.63,11.53,10.93,10.88,10.89,9.69,9.77
AUS,1950,8.54,8.63,8.69,8.16,8.08,7.63,7.61,7.14,7.24,7.27,7.01,7.0
AUS,1955,8.9,9.41,8.68,8.69,8.16,8.08,7.62,7.61,7.14,7.12,6.88,6.86
AUS,1960,9.45,9.48,9.47,8.68,8.69,8.16,8.08,7.62,7.6,7.04,6.8,6.78
AUS,1965,10.06,10.21,9.54,9.48,8.68,8.69,8.16,8.08,7.62,7.61,6.94,6.92
AUS,1970,11.18,10.72,10.16,10.05,9.3,9.29,8.76,8.74,8.06,8.04,7.04,7.02
AUS,1975,11.33,12.67,11.05,10.52,10.23,9.72,9.64,9.35,9.3,8.87,8.79,8.38
AUS,1980,12.02,12.98,12.83,11.29,10.82,10.36,10.07,9.93,9.85,9.85,9.59,9.56
AUS,1985,11.24,12.36,12.96,12.53,11.11,10.68,10.23,9.9,9.89,9.74,9.69,9.52
AUS,1990,9.82,12.66,12.56,12.79,12.28,10.97,10.58,10.12,9.75,9.86,9.63,9.65
AUS,1995,10.03,11.77,12.86,12.46,12.61,12.04,10.82,10.47,10.0,9.61,9.37,9.22
AUS,2000,9.59,11.3,11.74,12.62,12.25,12.35,11.8,10.64,10.31,9.85,9.41,9.3
AUS,2005,10.47,11.55,12.21,12.12,12.87,12.47,12.46,11.82,10.65,10.32,9.82,9.46
AUS,2010,10.95,11.26,12.39,12.22,11.91,12.85,12.13,12.09,11.12,10.3,10.21,10.1
AUT,1950,3.48,3.79,3.56,6.86,6.73,6.71,6.62,6.63,6.31,6.29,6.07,6.07
AUT,1955,3.6,3.76,3.75,3.59,6.79,6.74,6.68,6.67,6.6,6.34,6.12,6.1
AUT,1960,3.74,6.1,3.73,3.78,3.56,6.82,6.73,6.75,6.65,6.64,6.18,6.17
AUT,1965,3.93,6.42,6.11,4.55,4.62,4.4,7.72,7.39,7.32,6.99,6.74,6.61
AUT,1970,4.55,7.41,6.41,6.13,5.18,5.36,5.09,8.52,7.84,7.82,7.06,7.05
AUT,1975,4.8,7.96,7.4,6.95,5.98,5.55,5.58,5.41,8.71,8.15,7.9,7.67
AUT,1980,4.93,8.46,7.96,7.42,7.4,5.89,5.87,5.81,5.67,8.94,8.26,8.26
AUT,1985,5.09,9.14,8.74,8.13,7.63,7.46,5.98,5.91,5.86,5.83,8.78,8.55
AUT,1990,5.47,8.77,9.19,9.03,8.26,7.85,7.46,6.09,5.91,5.88,5.78,9.12
AUT,1995,6.05,11.04,9.18,9.36,9.08,8.41,7.83,7.63,6.13,6.03,5.89,6.03
AUT,2000,6.3,11.53,11.14,9.48,9.48,9.17,8.54,7.85,7.74,6.17,6.04,6.12
AUT,2005,6.01,10.93,11.47,11.15,9.74,9.71,9.35,8.75,7.88,7.88,6.14,6.28
AUT,2010,5.99,10.77,11.58,11.62,11.01,9.92,9.49,9.54,8.42,8.21,7.6,6.71
BDI,1950,0.87,0.11,0.06,0.06,0.05,0.05,0.05,0.05,0.04,0.04,0.04,0.04
BDI,1955,0.91,0.24,0.11,0.06,0.06,0.05,0.05,0.05,0.04,0.04,0.04,0.04
BDI,1960,0.96,1.21,0.24,0.11,0.06,0.06,0.05,0.05,0.05,0.04,0.04,0.04
BDI,1965,1.04,1.23,1.19,0.24,0.11,0.06,0.05,0.05,0.05,0.05,0.04,0.04
BDI,1970,1.14,0.9,1.21,1.2,0.24,0.11,0.06,0.06,0.05,0.05,0.05,0.05
BDI,1975,1.29,0.91,0.88,1.23,1.19,0.24,0.11,0.06,0.06,0.05,0.05,0.05
BDI,1980,1.51,1.3,0.9,0.9,1.21,1.21,0.24,0.11,0.06,0.06,0.05,0.05
BDI,1985,1.57,1.33,1.28,0.92,0.89,1.23,1.19,0.24,0.11,0.06,0.06,0.06
BDI,1990,2.4,1.47,1.31,1.3,0.9,0.9,1.21,1.21,0.24,0.1,0.05,0.05
BDI,1995,3.12,2.45,1.44,1.32,1.27,0.91,0.88,1.23,1.21,0.24,0.11,0.06
BDI,2000,3.4,3.14,2.39,1.45,1.29,1.29,0.89,0.89,1.23,1.21,0.24,0.11
BDI,2005,3.4,3.37,3.07,2.43,1.42,1.31,1.27,0.9,0.89,1.23,1.21,0.25
BDI,2010,4.79,3.5,3.4,3.22,2.44,1.48,1.32,1.32,0.93,0.92,1.26,1.29
BEL,1950,7.81,7.37,7.25,6.14,6.35,6.33,6.6,6.08,6.23,6.18,6.11,6.11
BEL,1955,8.07,7.39,7.37,7.44,6.6,6.57,6.89,6.86,6.38,6.36,6.31,6.31
BEL,1960,8.46,7.48,7.39,7.37,7.57,6.5,6.8,6.78,6.86,6.38,6.35,6.36
BEL,1965,8.82,8.17,7.83,7.27,7.25,6.99,6.73,6.41,6.53,6.34,6.07,6.08
BEL,1970,9.75,9.31,8.18,8.14,7.16,7.14,6.9,6.9,6.47,6.45,6.12,6.12
BEL,1975,9.35,10.28,9.51,8.47,8.2,7.34,7.17,6.66,6.75,6.16,6.13,5.82
BEL,1980,9.47,10.9,10.27,9.65,8.69,8.24,7.46,7.16,6.76,6.77,6.16,6.22
BEL,1985,9.72,11.6,10.88,10.36,9.75,8.86,8.26,7.55,7.15,6.66,6.56,6.36
BEL,1990,9.8,12.31,11.58,10.96,10.43,9.84,9.0,8.28,7.62,7.13,6.56,6.5
BEL,1995,9.71,12.8,12.34,11.82,11.14,10.71,10.04,9.3,8.45,7.84,7.33,6.88
BEL,2000,9.8,12.47,12.79,12.33,11.71,11.08,10.54,9.96,9.2,8.3,7.72,7.25
BEL,2005,8.9,11.99,12.77,12.54,11.88,11.89,10.6,10.63,9.57,9.6,7.86,7.87
BEL,2010,8.59,11.95,12.5,12.74,12.33,12.33,11.18,11.2,10.02,10.08,8.55,8.56
BEN,1950,0.47,0.34,0.34,0.34,0.33,0.32,0.3,0.03,0.02,0.02,0.01,0.01
BEN,1955,0.53,0.34,0.34,0.34,0.33,0.33,0.31,0.3,0.03,0.02,0.02,0.01
BEN,1960,0.63,0.35,0.34,0.34,0.33,0.33,0.33,0.31,0.3,0.03,0.02,0.02
BEN,1965,0.78,0.35,0.34,0.34,0.34,0.33,0.33,0.33,0.31,0.3,0.29,0.29
BEN,1970,1.0,0.35,0.35,0.35,0.34,0.34,0.33,0.33,0.33,0.31,0.3,0.3
BEN,1975,1.28,0.36,0.35,0.35,0.34,0.34,0.34,0.33,0.33,0.33,0.31,0.31
BEN,1980,1.57,1.04,0.35,0.35,0.35,0.35,0.34,0.34,0.34,0.33,0.33,0.33
BEN,1985,2.15,1.57,1.16,0.5,0.49,0.39,0.38,0.33,0.33,0.31,0.3,0.32
BEN,1990,2.54,2.13,1.56,1.33,0.67,0.66,0.43,0.43,0.32,0.32,0.27,0.28
BEN,1995,2.94,2.18,2.11,1.66,1.5,0.88,0.86,0.49,0.49,0.31,0.3,0.23
BEN,2000,3.26,2.69,2.16,2.22,1.77,1.74,1.12,1.12,0.56,0.56,0.29,0.29
BEN,2005,4.73,2.95,2.66,2.17,2.2,1.78,1.72,1.13,1.12,0.57,0.56,0.31
BEN,2010,6.27,4.71,2.96,2.72,2.18,2.24,1.78,1.75,1.14,1.14,0.57,0.6
BGD,1950,0.43,0.23,0.23,0.23,0.23,0.23,0.23,0.23,0.23,0.23,0.22,0.22
BGD,1955,0.49,0.23,0.23,0.23,0.23,0.23,0.23,0.23,0.23,0.23,0.23,0.23
BGD,1960,0.57,0.45,0.23,0.23,0.23,0.23,0.23,0.23,0.23,0.23,0.23,0.23
BGD,1965,0.86,0.59,0.51,0.31,0.28,0.29,0.26,0.26,0.25,0.25,0.25,0.25
BGD,1970,1.15,0.58,0.64,0.47,0.35,0.28,0.29,0.22,0.22,0.19,0.19,0.19
BGD,1975,1.45,0.96,0.59,0.59,0.38,0.37,0.25,0.25,0.14,0.14,0.09,0.09
BGD,1980,2.09,1.8,1.33,1.33,0.81,0.62,0.68,0.68,0.45,0.45,0.4,0.4
BGD,1985,3.08,2.48,2.06,1.61,1.61,1.07,0.91,0.81,0.8,1.14,1.12,1.1
BGD,1990,3.21,3.24,2.5,2.38,1.96,1.96,1.39,1.27,0.96,0.94,2.0,2.04
BGD,1995,4.23,3.98,3.26,2.84,2.78,2.4,2.4,1.78,1.72,1.14,1.11,3.22
BGD,2000,6.99,5.54,3.97,3.54,3.28,3.28,2.94,2.94,2.27,2.27,1.37,1.37
BGD,2005,7.94,8.53,5.56,3.97,3.54,3.28,3.27,2.94,2.94,2.27,2.27,1.43
BGD,2010,9.34,9.09,8.55,5.56,3.97,3.54,3.27,3.27,2.94,2.94,2.27,2.38
BGR,1950,6.73,4.23,4.24,2.94,2.93,2.22,2.21,1.77,2.27,1.15,1.12,1.12
BGR,1955,8.09,8.34,4.25,4.24,2.94,2.94,2.22,2.21,1.77,2.28,1.15,1.14
BGR,1960,7.45,8.41,7.83,4.27,4.26,2.99,2.98,2.32,2.32,1.97,2.42,1.42
BGR,1965,4.21,7.05,6.13,5.74,4.28,4.27,3.02,3.02,2.46,2.45,2.23,2.67
BGR,1970,8.96,7.54,8.86,8.78,7.16,4.7,4.3,3.3,3.27,2.69,2.64,2.39
BGR,1975,9.27,10.22,7.59,9.12,9.15,7.24,5.01,4.33,3.47,3.43,2.9,2.9
BGR,1980,8.97,10.63,10.33,7.94,9.4,9.52,7.32,5.3,4.32,3.61,3.56,3.1
BGR,1985,8.93,10.54,10.76,10.45,8.3,9.72,9.89,7.4,5.59,4.3,3.75,3.77
BGR,1990,5.14,10.16,10.68,10.66,10.42,9.09,8.91,8.84,6.35,6.33,3.99,3.99
BGR,1995,8.07,9.92,10.58,10.78,10.77,10.54,8.94,9.03,8.43,6.46,5.93,4.11
BGR,2000,7.94,10.09,10.1,10.99,10.88,10.89,10.67,8.74,9.14,7.93,6.61,5.73
BGR,2005,9.2,12.14,10.85,10.68,11.25,11.12,11.12,10.94,9.44,10.49,9.37,8.03
BGR,2010,7.98,11.54,12.4,11.69,11.37,11.57,11.42,11.4,11.27,10.28,12.14,11.27
BHR,1950,0.36,0.68,0.68,0.68,0.68,0.67,0.05,0.06,0.05,0.05,0.04,0.04
BHR,1955,0.56,0.68,0.68,0.68,0.68,0.68,0.67,0.05,0.05,0.05,0.05,0.05
BHR,1960,1.05,1.53,0.68,0.68,0.68,0.68,0.68,0.67,0.06,0.05,0.05,0.05
BHR,1965,1.72,1.54,1.53,0.68,0.68,0.68,0.68,0.68,0.67,0.05,0.05,0.06
BHR,1970,4.42,3.69,2.12,2.11,0.96,0.96,0.44,0.44,0.14,0.14,0.02,0.02
BHR,1975,5.62,5.64,4.13,2.16,2.15,0.96,0.88,0.4,0.4,0.14,0.14,0.06
BHR,1980,6.13,7.26,5.65,4.64,2.21,2.2,0.96,0.78,0.35,0.34,0.15,0.16
BHR,1985,6.52,7.59,7.33,5.88,5.32,2.3,2.29,0.97,0.66,0.3,0.29,0.19
BHR,1990,8.02,8.39,7.64,7.62,6.14,6.14,2.4,2.39,0.98,0.51,0.23,0.23
BHR,1995,8.54,9.47,8.27,7.71,7.46,6.3,5.55,2.44,1.85,0.75,0.48,0.34
BHR,2000,8.51,9.8,9.52,8.07,7.72,7.19,6.43,4.78,2.46,1.17,0.47,0.47
BHR,2005,8.5,8.75,8.97,8.96,7.33,6.93,6.46,5.79,4.13,1.78,1.04,0.68
BHR,2010,8.58,8.88,8.55,7.99,8.29,6.43,5.99,5.57,5.02,3.34,0.95,0.95
BLZ,1950,8.79,7.63,7.03,7.03,6.74,6.74,6.36,6.34,6.01,5.97,5.88,5.88
BLZ,1955,8.95,7.63,7.66,7.03,7.04,6.74,6.73,6.36,6.34,6.01,5.94,5.94
BLZ,1960,9.28,8.7,7.66,7.66,7.04,7.04,6.74,6.74,6.35,6.34,6.01,6.01
BLZ,1965,9.17,7.72,8.54,7.68,7.63,7.13,7.11,6.83,6.76,6.48,6.43,6.29
BLZ,1970,8.73,8.46,7.89,7.88,7.29,7.29,6.86,6.86,6.48,6.48,6.18,6.18
BLZ,1975,8.77,8.45,8.5,7.95,7.94,7.37,7.32,6.91,6.79,6.46,6.4,6.29
BLZ,1980,8.78,8.46,7.9,7.87,7.28,7.25,6.6,6.6,6.02,6.02,5.57,5.57
BLZ,1985,8.8,8.65,8.54,7.97,7.94,7.19,7.16,6.36,6.35,5.67,5.64,5.4
BLZ,1990,9.81,9.78,9.15,9.15,8.61,8.61,7.74,7.74,6.79,6.79,6.0,6.0
BLZ,1995,9.22,10.93,10.25,9.64,9.65,9.16,9.16,8.37,8.35,7.48,7.43,6.84
BLZ,2000,9.73,10.24,10.96,10.79,10.26,10.26,9.84,9.84,9.15,9.12,8.34,8.31
BLZ,2005,10.25,10.86,10.26,11.54,11.46,10.99,10.99,10.68,10.67,10.09,10.04,9.44
BLZ,2010,10.59,11.19,10.88,10.77,12.26,12.26,11.89,11.89,11.68,11.69,11.25,11.25
BOL,1950,3.67,2.07,2.12,1.62,1.62,1.23,1.15,1.09,0.5,0.37,0.25,0.17
BOL,1955,3.91,2.64,2.09,2.12,1.62,1.62,1.23,1.15,1.09,0.5,0.38,0.25
BOL,1960,4.19,2.61,2.66,2.09,2.12,1.62,1.62,1.23,1.16,1.1,1.04,1.04
BOL,1965,4.6,3.92,2.63,2.66,2.09,2.12,1.62,1.62,1.24,1.16,1.1,1.1
BOL,1970,5.05,3.9,3.95,2.63,2.66,2.09,2.12,1.62,1.62,1.23,1.16,1.16
BOL,1975,5.69,5.21,3.93,3.95,2.64,2.67,2.09,2.12,1.62,1.62,1.25,1.27
BOL,1980,6.96,6.68,5.36,4.38,3.99,3.03,2.76,2.34,2.12,1.72,1.69,1.48
BOL,1985,8.1,7.86,6.75,5.48,4.94,4.03,3.5,2.87,2.65,2.11,1.84,1.88
BOL,1990,8.77,8.77,7.91,7.35,5.62,5.62,4.07,4.08,3.01,3.01,2.1,2.1
BOL,1995,8.78,9.24,8.8,7.78,7.18,5.51,5.51,3.98,3.99,2.86,2.8,4.99
BOL,2000,9.74,9.89,9.33,8.7,7.57,6.94,5.33,5.33,3.81,3.82,2.64,2.64
BOL,2005,9.52,10.33,9.6,8.5,8.12,7.02,6.44,4.33,4.33,4.09,4.01,2.37
BOL,2010,7.81,10.54,10.31,9.23,7.64,7.64,6.54,5.97,3.23,3.23,4.52,4.55
BRA,1950,2.26,2.25,1.94,1.94,1.94,1.61,1.61,1.39,1.39,1.26,1.26,1.06
BRA,1955,1.98,2.81,2.42,2.07,2.07,2.0,1.71,1.66,1.46,1.46,1.34,1.37
BRA,1960,2.31,2.61,2.77,2.63,2.23,2.23,2.08,1.86,1.73,1.58,1.56,1.5
BRA,1965,2.92,2.88,2.57,2.95,2.9,2.43,2.43,2.17,2.05,1.82,1.72,1.73
BRA,1970,3.75,3.48,2.83,2.83,3.16,3.21,2.67,2.67,2.28,2.28,1.93,1.93
BRA,1975,2.61,3.79,2.21,2.2,2.2,2.97,3.01,3.01,3.01,3.01,3.01,3.01
BRA,1980,2.83,3.9,3.66,3.47,2.4,2.4,2.56,2.58,2.06,2.06,1.55,1.55
BRA,1985,5.74,5.18,4.43,4.26,3.77,2.85,2.71,3.04,2.91,2.4,2.41,1.86
BRA,1990,6.24,7.9,5.4,4.78,4.72,3.93,3.17,2.86,3.33,2.99,2.54,2.57
BRA,1995,6.61,8.51,8.09,5.83,5.1,5.17,4.02,3.47,2.95,3.55,2.95,2.66
BRA,2000,7.78,9.13,8.63,8.29,6.32,5.46,5.67,4.1,3.8,3.02,3.75,2.92
BRA,2005,8.81,9.46,9.21,8.87,8.45,6.88,5.86,6.27,4.18,4.19,3.09,4.11
BRA,2010,7.31,10.16,10.13,9.69,9.12,8.95,6.84,6.65,5.93,5.25,4.03,3.84
BRB,1950,5.02,5.21,4.94,4.8,4.45,4.45,4.22,4.22,4.07,4.02,3.96,3.96
BRB,1955,5.38,5.21,5.22,4.94,4.77,4.57,4.48,4.33,4.3,4.17,4.1,4.1
BRB,1960,5.26,5.37,5.22,5.22,4.94,4.94,4.63,4.63,4.46,4.45,4.3,4.3
BRB,1965,6.55,9.2,7.1,6.66,6.66,6.09,6.02,5.64,5.62,5.26,5.17,5.13
BRB,1970,9.2,9.56,9.2,9.2,8.41,8.41,7.5,7.5,6.9,6.91,6.28,6.28
BRB,1975,9.18,8.2,8.96,8.01,8.01,7.01,7.01,6.29,6.28,5.83,5.78,5.53
BRB,1980,9.34,9.88,8.21,8.21,6.56,6.56,5.31,5.31,4.82,4.82,4.52,4.52
BRB,1985,9.34,9.9,9.91,8.37,8.37,6.92,6.92,5.78,5.75,5.54,5.47,5.26
BRB,1990,9.16,9.82,9.93,9.78,8.55,8.55,7.36,7.36,6.35,6.3,6.4,6.37
BRB,1995,9.04,9.77,9.84,9.7,9.63,8.77,8.77,7.9,7.9,7.05,6.96,7.54
BRB,2000,9.32,9.81,9.77,9.63,9.42,9.42,9.03,9.03,8.54,8.54,7.88,7.88
BRB,2005,9.94,10.74,9.83,9.78,9.64,9.43,9.43,9.04,9.04,8.55,8.55,8.03
BRB,2010,10.01,11.66,10.81,9.83,9.78,9.64,9.43,9.43,9.04,9.04,8.55,8.66
BRN,1950,1.26,1.66,1.17,1.16,0.3,0.3,0.3,0.3,0.3,0.28,0.26,0.26
BRN,1955,1.68,1.66,1.66,1.16,1.16,0.3,0.3,0.3,0.3,0.29,0.28,0.28
BRN,1960,2.72,2.2,1.66,1.65,1.16,1.16,0.3,0.3,0.3,0.3,0.29,0.29
BRN,1965,4.71,3.49,2.75,1.67,1.67,1.09,1.09,0.36,0.36,0.21,0.21,0.22
BRN,1970,7.64,6.17,3.49,3.43,1.69,1.69,1.01,1.01,0.44,0.44,0.1,0.1
BRN,1975,7.84,7.85,6.9,3.66,3.6,1.71,1.7,0.86,0.86,0.54,0.52,0.34
BRN,1980,7.39,7.76,7.91,7.82,3.88,3.83,1.72,1.72,0.68,0.68,0.66,0.66
BRN,1985,7.36,9.1,7.79,7.94,7.85,3.9,3.85,1.73,1.72,0.68,0.68,0.7
BRN,1990,7.14,8.9,9.14,7.82,7.96,7.91,3.91,3.87,1.73,1.73,0.68,0.72
BRN,1995,6.89,8.71,8.91,9.14,7.81,8.0,7.94,3.93,3.87,1.73,1.73,0.72
BRN,2000,7.37,8.58,8.71,8.89,9.11,7.84,8.02,7.96,3.92,3.87,1.73,1.82
BRN,2005,7.44,9.62,8.62,8.71,8.89,9.17,7.88,8.05,7.96,3.93,3.87,1.82
BRN,2010,7.88,9.8,9.67,8.63,8.71,8.94,9.23,7.93,8.05,7.98,3.92,4.07
BWA,1950,2.22,1.31,1.29,1.29,1.27,1.27,1.25,1.25,1.22,1.21,1.19,1.19
BWA,1955,2.29,1.32,1.3,1.29,1.27,1.27,1.25,1.25,1.24,1.22,1.2,1.2
BWA,1960,2.45,1.35,1.3,1.3,1.28,1.28,1.26,1.26,1.25,1.24,1.22,1.22
BWA,1965,2.66,2.62,1.34,1.31,1.29,1.29,1.27,1.26,1.26,1.25,1.24,1.24
BWA,1970,3.57,3.08,2.05,2.05,1.56,1.56,1.12,1.12,0.67,0.67,0.3,0.3
BWA,1975,4.61,2.66,2.88,2.41,2.36,2.09,2.06,1.78,1.77,1.47,1.45,1.22
BWA,1980,5.44,4.4,2.26,2.26,2.26,2.26,2.26,2.26,2.26,2.26,2.26,2.26
BWA,1985,7.82,7.78,5.91,4.01,3.97,3.1,3.06,2.74,2.68,2.12,2.09,2.1
BWA,1990,10.19,9.75,7.92,7.84,5.84,5.84,3.85,3.85,3.14,3.03,1.8,1.8
BWA,1995,10.73,10.64,9.75,7.93,7.84,5.85,5.82,3.86,3.85,3.14,3.03,1.87
BWA,2000,10.56,10.92,10.64,9.76,7.93,7.84,5.83,5.83,3.86,3.85,3.14,3.14
BWA,2005,10.35,10.79,10.93,10.65,9.76,7.93,7.83,5.84,5.83,3.87,3.85,3.27
BWA,2010,10.42,10.62,10.8,10.93,10.66,9.77,7.93,7.84,5.86,5.85,3.89,4.04
CAF,1950,0.27,0.27,0.31,0.31,0.3,0.16,0.18,0.17,0.17,0.12,0.08,0.08
CAF,1955,0.28,0.3,0.26,0.32,0.3,0.3,0.15,0.18,0.16,0.17,0.11,0.11
CAF,1960,0.3,0.36,0.3,0.27,0.31,0.3,0.29,0.15,0.18,0.16,0.12,0.12
CAF,1965,0.36,0.43,0.35,0.3,0.26,0.31,0.3,0.29,0.15,0.18,0.12,0.12
CAF,1970,0.56,0.63,0.42,0.36,0.29,0.26,0.31,0.3,0.3,0.15,0.12,0.12
CAF,1975,1.17,0.84,0.62,0.43,0.35,0.3,0.26,0.31,0.29,0.29,0.29,0.29
CAF,1980,1.98,1.73,0.84,0.69,0.42,0.37,0.3,0.27,0.33,0.32,0.31,0.31
CAF,1985,2.37,1.95,1.71,0.86,0.76,0.43,0.39,0.31,0.29,0.34,0.33,0.33
CAF,1990,2.84,2.87,1.93,1.93,0.86,0.86,0.42,0.42,0.31,0.3,0.36,0.36
CAF,1995,3.06,3.2,2.84,1.95,1.9,0.87,0.85,0.42,0.42,0.32,0.3,0.37
CAF,2000,2.93,3.44,3.14,2.85,1.92,1.92,0.85,0.85,0.42,0.42,0.32,0.31
CAF,2005,3.03,3.29,3.39,3.17,2.82,1.94,1.9,0.86,0.85,0.42,0.42,0.32
CAF,2010,3.22,3.46,3.31,3.5,3.18,2.89,1.95,1.95,0.88,0.87,0.43,0.44
CAN,1950,8.07,8.78,8.45,8.44,7.95,7.96,7.34,7.34,7.02,7.02,6.49,6.47
CAN,1955,8.15,9.17,8.99,8.32,8.31,8.05,8.05,7.77,7.77,6.83,6.75,6.57
CAN,1960,8.52,9.85,9.18,9.17,8.2,8.2,8.14,8.14,8.13,8.13,6.67,6.67
CAN,1965,8.85,10.23,9.69,9.11,8.99,8.3,8.2,7.88,7.86,7.65,7.58,6.72
CAN,1970,9.39,11.14,10.31,10.06,9.07,8.97,8.5,8.48,7.63,7.63,6.61,6.6
CAN,1975,9.86,11.9,11.1,10.79,9.57,9.23,8.49,8.48,7.98,7.98,6.84,6.82
CAN,1980,9.91,11.81,11.75,11.49,10.25,10.05,8.83,8.69,8.2,8.16,7.22,7.22
CAN,1985,9.53,11.26,11.11,11.11,10.41,10.41,9.23,9.23,8.35,8.35,7.56,7.56
CAN,1990,9.67,11.75,11.5,11.5,11.13,11.13,10.05,10.05,8.96,8.56,7.96,7.96
CAN,1995,10.15,12.24,12.25,11.66,11.66,11.22,11.22,10.25,9.78,8.67,8.41,8.21
CAN,2000,9.8,12.3,12.5,12.5,11.76,11.76,11.27,11.27,10.39,9.57,8.43,8.43
CAN,2005,10.04,12.69,13.62,13.66,13.33,13.23,12.79,12.58,12.09,11.69,10.33,9.86
CAN,2010,10.16,12.71,13.81,13.86,13.68,13.68,13.05,13.05,12.44,12.44,11.22,10.97
CHE,1950,8.53,8.93,8.94,8.93,8.51,8.5,8.26,8.26,7.92,7.78,7.51,7.48
CHE,1955,8.88,9.0,8.9,8.98,8.88,8.52,8.47,8.3,8.24,7.94,7.63,7.63
CHE,1960,9.35,9.09,8.98,8.96,8.94,8.9,8.5,8.52,8.27,8.27,7.78,7.78
CHE,1965,8.52,10.72,9.58,9.5,9.25,9.24,9.08,8.57,8.48,8.23,7.98,7.83
CHE,1970,8.94,9.75,10.73,10.0,9.83,9.51,9.43,9.24,8.52,8.45,7.99,8.0
CHE,1975,9.19,10.86,9.81,11.27,10.43,10.36,9.91,9.88,9.55,8.8,8.53,8.45
CHE,1980,10.96,11.36,10.9,10.14,11.69,10.86,10.82,10.31,10.24,9.86,8.92,8.89
CHE,1985,8.15,10.93,10.96,10.43,9.76,11.16,10.35,9.96,9.35,9.05,8.62,8.21
CHE,1990,6.68,10.91,10.99,10.63,10.09,9.51,10.78,9.98,9.3,8.63,7.98,7.91
CHE,1995,5.15,10.77,11.0,10.69,10.32,9.86,9.31,10.52,9.65,8.81,7.9,7.34
CHE,2000,4.25,9.86,10.84,10.8,10.41,10.08,9.64,9.15,10.25,9.38,8.28,7.59
CHE,2005,6.35,11.67,10.95,11.34,11.25,10.84,10.6,10.14,9.71,10.75,9.99,9.28
CHE,2010,8.77,12.61,13.63,13.94,13.33,13.33,13.0,13.0,12.47,12.15,13.01,12.99
CHL,1950,5.17,5.2,5.05,5.05,4.71,4.71,4.28,4.28,3.66,3.66,3.09,3.08
CHL,1955,5.46,4.81,5.03,4.94,4.94,4.76,4.76,4.52,4.52,4.18,4.12,3.87
CHL,1960,5.7,5.76,4.82,4.82,4.82,4.82,4.82,4.82,4.82,4.82,4.82,4.82
CHL,1965,6.19,6.75,5.83,5.33,5.12,5.12,4.78,4.78,4.78,4.78,4.71,4.79
CHL,1970,6.38,7.16,6.77,5.98,5.97,5.51,5.51,4.75,4.75,4.75,4.74,4.74
CHL,1975,7.34,8.41,7.11,6.87,5.85,5.85,5.2,5.2,4.79,4.79,4.72,4.77
CHL,1980,7.72,8.75,8.48,7.04,7.01,5.7,5.7,4.84,4.84,4.84,4.84,4.82
CHL,1985,8.07,9.4,8.89,8.72,7.49,7.47,5.9,5.9,5.43,5.43,5.35,5.42
CHL,1990,8.95,9.89,9.56,9.02,9.02,8.08,8.08,6.18,6.18,6.18,6.18,6.18
CHL,1995,8.73,10.93,9.87,9.73,9.0,9.0,7.24,7.24,6.22,6.22,6.13,6.24
CHL,2000,9.53,11.16,10.91,9.89,10.03,9.11,9.11,6.39,6.39,6.39,6.39,6.39
CHL,2005,9.48,11.73,11.31,10.83,10.28,10.07,9.59,8.95,7.57,6.73,6.65,6.32
CHL,2010,8.93,11.5,11.85,11.38,10.7,10.69,10.1,10.11,8.71,8.72,6.97,6.97
CHN,1950,5.27,2.28,0.6,0.19,0.11,0.1,0.07,0.04,0.03,0.02,0.01,0.01
CHN,1955,5.35,2.55,2.28,0.6,0.18,0.1,0.1,0.07,0.04,0.03,0.02,0.01
CHN,1960,5.72,4.31,2.55,2.28,0.6,0.19,0.11,0.1,0.07,0.04,0.03,0.02
CHN,1965,5.86,4.58,4.31,2.55,2.28,0.6,0.19,0.11,0.1,0.07,0.07,0.07
CHN,1970,6.31,5.44,4.58,4.31,2.55,2.28,0.6,0.19,0.1,0.1,0.07,0.07
CHN,1975,7.04,5.56,5.44,4.58,4.31,2.55,2.28,0.6,0.19,0.11,0.1,0.07
CHN,1980,7.44,7.38,5.55,5.44,4.59,4.31,2.55,2.28,0.6,0.19,0.11,0.11
CHN,1985,7.18,8.2,7.33,5.58,5.35,4.52,4.09,2.32,2.08,0.7,0.34,0.28
CHN,1990,7.54,7.6,8.17,7.27,5.61,5.24,4.44,3.81,2.03,1.85,0.81,0.56
CHN,1995,8.04,8.19,7.52,8.26,7.19,5.64,5.1,4.34,3.48,1.68,1.56,0.98
CHN,2000,8.66,8.47,8.06,7.57,8.35,7.09,5.68,4.93,4.22,3.07,1.25,1.25
CHN,2005,8.68,8.94,8.37,7.86,7.59,8.06,7.35,5.64,5.23,4.17,3.49,1.63
CHN,2010,10.31,8.92,8.61,8.13,7.53,7.5,7.67,7.63,5.59,5.59,4.11,4.11
CIV,1950,1.79,0.17,0.15,0.12,0.12,0.51,0.45,0.4,0.36,0.32,0.29,0.26
CIV,1955,1.86,0.2,0.17,0.15,0.12,0.12,0.5,0.45,0.4,0.36,0.32,0.29
CIV,1960,1.94,0.28,0.2,0.17,0.15,0.12,0.12,0.5,0.45,0.4,0.36,0.32
CIV,1965,2.05,0.37,0.28,0.2,0.17,0.15,0.12,0.12,0.5,0.45,0.4,0.36
CIV,1970,2.2,0.55,0.37,0.28,0.2,0.17,0.15,0.12,0.12,0.51,0.45,0.41
CIV,1975,2.43,1.09,0.55,0.37,0.28,0.2,0.17,0.15,0.12,0.12,0.11,0.11
CIV,1980,2.66,1.66,1.09,0.55,0.37,0.28,0.2,0.17,0.15,0.12,0.12,0.12
CIV,1985,2.93,2.0,1.65,1.1,0.55,0.37,0.28,0.21,0.17,0.15,0.12,0.13
CIV,1990,3.27,2.4,1.98,1.66,1.09,0.55,0.37,0.28,0.21,0.17,0.15,0.13
CIV,1995,3.51,4.08,2.68,2.13,1.76,1.32,0.74,0.42,0.29,0.22,0.17,0.15
CIV,2000,3.76,4.31,4.03,3.07,2.26,1.91,1.58,0.98,0.47,0.3,0.23,0.16
CIV,2005,3.97,4.6,4.27,4.06,3.03,2.28,1.88,1.59,0.98,0.47,0.3,0.25
CIV,2010,4.45,5.02,4.65,4.38,4.09,3.11,2.29,1.93,1.62,1.0,0.48,0.33
CMR,1950,0.67,0.34,0.33,0.21,0.2,0.18,0.17,0.17,0.05,0.07,0.11,0.11
CMR,1955,0.78,0.68,0.33,0.33,0.21,0.21,0.18,0.17,0.17,0.05,0.07,0.12
CMR,1960,1.01,0.69,0.67,0.34,0.33,0.21,0.2,0.18,0.17,0.17,0.17,0.17
CMR,1965,1.55,1.47,0.68,0.68,0.33,0.33,0.2,0.2,0.18,0.17,0.17,0.17
CMR,1970,2.55,1.5,1.45,0.69,0.67,0.33,0.33,0.21,0.2,0.18,0.17,0.17
CMR,1975,3.52,3.54,1.48,1.47,0.68,0.68,0.32,0.32,0.2,0.2,0.17,0.17
CMR,1980,3.96,4.58,3.5,1.5,1.45,0.69,0.67,0.34,0.33,0.21,0.21,0.19
CMR,1985,4.65,5.09,4.53,3.56,1.48,1.48,0.68,0.68,0.34,0.33,0.21,0.21
CMR,1990,5.26,5.85,5.02,4.59,3.51,1.5,1.46,0.69,0.68,0.34,0.34,0.22
CMR,1995,5.49,6.51,5.75,5.07,4.51,3.55,1.48,1.48,0.69,0.68,0.34,0.34
CMR,2000,5.37,6.85,6.4,5.79,4.97,4.55,3.49,1.49,1.48,0.69,0.68,0.35
CMR,2005,5.1,6.79,6.76,6.45,5.7,5.03,4.49,3.53,1.5,1.48,0.69,0.7
CMR,2010,5.74,6.75,6.84,6.97,6.48,5.89,5.07,4.64,3.62,1.54,1.52,0.73
COD,1950,0.46,0.11,0.11,0.03,0.03,0.01,0.01,0.01,0.01,0.01,0.01,0.01
COD,1955,0.51,0.21,0.11,0.11,0.03,0.03,0.01,0.01,0.0,0.0,0.0,0.0
COD,1960,0.66,0.31,0.22,0.12,0.12,0.04,0.04,0.02,0.02,0.01,0.01,0.01
COD,1965,0.92,0.48,0.31,0.22,0.12,0.12,0.04,0.04,0.02,0.02,0.01,0.02
COD,1970,1.36,0.76,0.48,0.31,0.22,0.12,0.12,0.04,0.04,0.02,0.02,0.02
COD,1975,1.91,1.24,0.76,0.48,0.31,0.22,0.12,0.12,0.04,0.04,0.02,0.02
COD,1980,2.51,1.87,1.24,0.76,0.48,0.31,0.22,0.12,0.12,0.04,0.04,0.02
COD,1985,2.71,2.68,1.87,1.25,0.77,0.48,0.31,0.22,0.12,0.12,0.04,0.04
COD,1990,2.83,3.75,2.68,1.87,1.25,0.77,0.48,0.31,0.22,0.12,0.12,0.04
COD,1995,2.61,2.8,3.75,2.68,1.87,1.25,0.77,0.48,0.31,0.22,0.12,0.12
COD,2000,2.36,2.62,2.79,3.74,2.67,1.88,1.25,0.77,0.48,0.31,0.22,0.12
COD,2005,2.41,2.56,2.62,2.79,3.73,2.69,1.88,1.25,0.77,0.48,0.31,0.22
COD,2010,3.23,2.64,2.56,2.62,2.79,3.76,2.7,1.89,1.25,0.77,0.48,0.32
COG,1950,1.58,0.14,0.14,0.24,0.24,0.23,0.12,0.12,0.12,0.12,0.08,0.08
COG,1955,1.58,0.35,0.14,0.13,0.24,0.24,0.23,0.12,0.12,0.12,0.08,0.08
COG,1960,1.8,0.35,0.35,0.14,0.13,0.24,0.24,0.23,0.11,0.12,0.09,0.09
COG,1965,2.96,1.38,0.35,0.35,0.13,0.13,0.24,0.24,0.23,0.12,0.09,0.09
COG,1970,4.36,1.38,1.38,0.35,0.35,0.13,0.13,0.24,0.24,0.23,0.23,0.23
COG,1975,6.73,4.58,1.38,1.38,0.35,0.35,0.14,0.14,0.24,0.24,0.23,0.23
COG,1980,7.69,4.58,4.59,1.38,1.38,0.35,0.35,0.14,0.14,0.24,0.24,0.24
COG,1985,7.52,6.98,4.59,4.59,1.38,1.38,0.35,0.35,0.13,0.13,0.23,0.23
COG,1990,7.84,6.87,6.99,4.59,4.59,1.38,1.38,0.35,0.35,0.14,0.13,0.25
COG,1995,6.48,7.11,6.88,6.99,4.59,4.59,1.38,1.38,0.35,0.35,0.13,0.14
COG,2000,6.0,4.93,7.12,6.88,6.99,4.59,4.59,1.38,1.38,0.35,0.35,0.14
COG,2005,6.2,4.4,4.94,7.12,6.88,6.99,4.59,4.59,1.38,1.38,0.35,0.36
COG,2010,6.59,5.17,4.4,4.94,7.12,6.88,6.99,4.59,4.59,1.38,1.38,0.36
COL,1950,2.53,2.57,2.4,2.4,2.09,2.09,1.9,1.9,1.57,1.57,1.35,1.35
COL,1955,3.04,2.96,2.77,2.61,2.61,2.31,2.3,2.11,2.09,1.65,1.66,1.46
COL,1960,3.53,3.6,3.04,2.88,2.73,2.73,2.47,2.47,2.28,2.25,2.0,2.03
COL,1965,4.09,3.87,3.64,3.05,2.94,2.84,2.84,2.65,2.63,2.48,2.45,2.3
COL,1970,4.51,4.96,3.89,3.73,3.03,2.99,2.93,2.93,2.81,2.81,2.7,2.72
COL,1975,5.25,5.01,4.96,3.83,3.82,2.99,3.02,3.03,3.03,3.04,3.05,3.05
COL,1980,6.11,6.2,5.25,4.93,4.0,3.83,3.14,3.07,3.06,3.04,3.03,3.08
COL,1985,6.46,7.25,6.24,5.54,4.89,4.21,3.83,3.33,3.12,3.09,3.05,3.1
COL,1990,6.88,7.48,7.32,6.28,5.9,4.83,4.45,3.84,3.56,3.18,3.12,3.15
COL,1995,7.3,7.78,7.59,7.59,6.34,6.34,4.77,4.77,3.85,3.85,3.26,3.26
COL,2000,7.53,8.6,7.93,7.58,7.59,6.5,6.5,4.93,4.93,3.85,3.81,3.22
COL,2005,7.84,9.0,8.93,8.02,7.5,7.5,6.6,6.6,5.04,5.04,3.78,3.78
COL,2010,10.13,11.0,10.72,10.13,9.14,9.14,8.25,8.25,6.9,6.9,5.46,5.46
CRI,1950,3.76,3.85,3.71,3.71,3.39,3.39,3.3,3.3,3.04,3.04,2.7,2.7
CRI,1955,4.18,4.29,3.85,3.75,3.66,3.45,3.41,3.34,3.25,3.03,3.02,2.81
CRI,1960,4.49,4.29,4.31,3.83,3.78,3.6,3.49,3.41,3.37,3.15,3.01,3.03
CRI,1965,4.98,4.86,4.29,4.29,3.8,3.8,3.53,3.53,3.39,3.39,3.02,3.02
CRI,1970,4.73,4.64,4.06,4.07,3.55,3.55,3.3,3.3,3.14,3.14,2.83,2.83
CRI,1975,6.44,6.29,5.45,5.45,4.34,4.34,3.85,3.85,3.55,3.55,3.25,3.25
CRI,1980,7.28,7.69,6.72,5.82,5.72,4.59,4.51,4.59,4.4,4.13,4.06,3.84
CRI,1985,7.75,8.37,7.81,6.91,5.98,5.8,4.69,4.57,4.65,4.54,4.23,4.28
CRI,1990,7.87,8.35,8.45,7.91,7.12,6.18,5.89,4.83,4.62,4.8,4.7,4.66
CRI,1995,7.89,8.39,8.39,8.49,8.01,7.34,6.39,5.95,4.97,4.66,4.9,4.79
CRI,2000,8.17,8.85,8.46,8.37,8.5,8.24,7.51,6.83,5.89,5.27,4.67,4.55
CRI,2005,8.62,9.08,9.51,8.86,8.67,8.67,8.27,8.27,6.72,6.72,5.02,5.02
CRI,2010,8.39,9.58,9.61,9.05,8.19,8.19,8.2,8.2,7.43,7.43,5.44,5.44
CUB,1950,3.46,3.99,4.0,3.7,3.7,3.49,3.49,3.15,3.15,2.39,2.38,2.38
CUB,1955,3.72,4.0,4.0,4.0,3.7,3.7,3.49,3.49,3.15,3.15,2.39,2.39
CUB,1960,4.4,4.88,4.14,4.13,4.13,3.88,3.88,3.69,3.68,3.19,3.17,2.46
CUB,1965,5.25,5.48,4.91,4.3,4.29,4.29,4.09,4.09,3.93,3.9,3.66,3.68
CUB,1970,6.54,6.99,5.49,5.23,4.51,4.5,4.5,4.35,4.35,4.2,4.16,4.02
CUB,1975,7.75,8.47,7.01,5.75,5.6,4.76,4.75,4.75,4.66,4.66,4.54,4.55
CUB,1980,9.87,9.92,8.5,7.57,6.06,6.06,5.07,5.07,5.07,5.07,5.07,5.07
CUB,1985,10.44,11.49,10.14,8.64,7.66,6.01,6.01,4.73,4.71,4.69,4.67,4.75
CUB,1990,10.23,11.67,11.53,10.38,8.82,7.78,5.95,5.95,4.32,4.27,4.23,4.29
CUB,1995,9.15,11.48,11.71,11.31,10.67,9.03,7.92,5.88,5.88,3.82,3.75,3.78
CUB,2000,9.25,10.23,11.52,11.48,11.04,11.03,9.29,8.09,5.79,5.79,3.22,3.22
CUB,2005,10.14,12.07,10.24,11.52,11.48,11.04,11.03,9.29,8.09,5.79,5.79,3.34
CUB,2010,10.78,13.82,12.2,10.24,11.52,11.48,11.04,11.03,9.29,8.09,5.79,5.98
CYP,1950,3.95,4.03,3.18,3.18,1.63,1.63,1.63,1.63,1.63,1.63,0.49,0.49
CYP,1955,4.62,5.12,4.41,3.95,3.18,2.32,1.89,1.89,1.44,1.44,1.42,0.8
CYP,1960,6.79,6.27,4.84,4.79,4.8,3.14,3.14,2.19,2.19,1.18,1.17,1.17
CYP,1965,6.8,7.46,6.17,4.89,4.56,4.41,3.05,3.04,2.09,2.09,1.11,1.14
CYP,1970,7.0,8.17,7.36,6.23,4.99,4.48,4.21,3.07,3.03,2.07,2.05,1.13
CYP,1975,7.18,8.97,8.14,7.38,6.38,5.12,4.48,4.03,3.08,3.07,2.45,2.48
CYP,1980,7.67,10.65,8.99,8.5,7.44,6.59,5.29,4.52,3.83,3.16,3.09,2.71
CYP,1985,9.1,11.55,10.7,9.35,8.95,7.53,6.88,5.49,4.6,3.69,3.24,3.26
CYP,1990,9.71,12.17,11.61,11.53,9.8,9.5,7.64,7.22,5.74,4.68,3.39,3.34
CYP,1995,9.45,12.92,12.39,11.81,11.44,9.87,9.24,7.31,6.63,4.42,3.97,3.27
CYP,2000,9.63,12.46,13.01,12.6,12.04,11.31,10.24,8.71,7.42,5.58,3.27,3.03
CYP,2005,9.62,12.66,12.76,12.36,11.17,10.46,8.59,6.39,5.0,5.0,3.82,3.82
CYP,2010,9.66,13.18,13.48,13.01,12.51,12.51,11.62,11.62,9.47,9.47,7.17,7.17
CZE,1950,7.77,8.55,8.16,8.17,7.75,7.72,7.5,7.53,7.24,7.22,6.98,6.98
CZE,1955,8.1,8.57,8.47,8.21,8.1,7.77,7.69,7.56,7.49,7.26,7.03,7.02
CZE,1960,8.4,8.95,8.51,8.54,8.16,8.14,7.74,7.75,7.55,7.54,7.08,7.08
CZE,1965,8.57,10.16,9.56,8.93,8.83,8.49,8.42,8.06,7.79,7.72,7.47,7.37
CZE,1970,8.49,10.78,10.18,10.14,9.15,9.13,8.71,8.71,8.22,7.84,7.62,7.61
CZE,1975,8.71,11.29,11.05,10.34,10.22,9.22,9.17,8.72,8.64,8.11,7.69,7.7
CZE,1980,8.96,11.62,11.3,11.33,10.43,10.35,9.28,9.29,8.69,8.68,7.82,7.81
CZE,1985,8.54,12.32,11.95,11.44,11.43,10.62,10.52,9.58,9.53,8.87,8.62,8.34
CZE,1990,9.3,12.42,12.39,12.27,11.62,11.51,10.86,10.63,9.82,9.82,8.85,8.83
CZE,1995,10.49,13.16,12.85,12.8,12.67,12.2,12.19,11.8,11.59,11.04,10.91,10.46
CZE,2000,10.31,13.01,13.21,13.2,13.17,13.02,12.78,12.74,12.63,12.35,12.07,11.97
CZE,2005,10.18,11.95,13.43,13.26,13.24,13.24,13.0,13.0,12.78,12.79,12.18,12.18
CZE,2010,9.05,12.08,12.78,13.67,13.43,13.43,13.24,13.25,12.9,12.9,12.47,12.47
DEU,1950,6.32,7.59,7.48,7.5,7.39,7.38,7.3,7.24,7.11,4.24,4.18,4.19
DEU,1955,6.36,7.64,7.52,7.53,7.44,7.4,7.35,7.35,7.21,7.13,6.89,6.88
DEU,1960,6.4,7.97,7.59,7.58,7.48,7.47,7.39,7.41,7.33,7.25,7.0,6.98
DEU,1965,4.67,8.14,7.97,7.69,7.58,7.55,7.5,7.49,7.44,7.41,7.15,7.13
DEU,1970,4.17,4.3,8.11,8.04,7.66,7.62,7.56,7.58,7.49,7.49,7.28,7.26
DEU,1975,3.52,7.23,6.09,8.36,7.95,7.58,7.5,7.51,7.46,7.43,7.25,7.22
DEU,1980,3.51,8.0,7.49,6.29,8.47,8.05,8.0,7.99,7.92,7.92,7.7,7.7
DEU,1985,4.24,8.76,8.2,7.31,6.33,8.4,8.27,8.29,8.2,8.2,7.99,7.99
DEU,1990,4.37,11.49,9.81,9.43,8.73,7.56,8.99,8.63,8.34,8.16,7.77,7.78
DEU,1995,4.61,11.28,11.57,10.73,10.45,9.97,8.59,9.55,8.88,8.43,7.99,7.71
DEU,2000,4.16,10.06,11.36,11.62,11.49,11.32,11.01,9.48,9.95,9.11,8.37,8.09
DEU,2005,7.51,11.75,12.6,12.72,12.67,12.64,12.48,12.42,11.0,11.0,10.31,10.19
DEU,2010,7.89,12.3,13.2,13.27,13.06,13.06,12.97,12.97,12.58,11.79,11.4,11.39
DNK,1950,4.18,6.37,5.94,5.78,5.67,5.57,5.03,4.94,4.82,4.73,4.58,4.56
DNK,1955,4.44,7.01,5.14,4.13,4.03,3.97,3.87,3.22,3.15,3.59,3.42,3.34
DNK,1960,4.98,7.24,7.02,5.17,4.11,4.05,3.96,3.9,3.21,3.17,3.52,3.44
DNK,1965,7.06,8.38,7.28,7.05,5.18,4.15,4.06,4.02,3.92,3.26,3.12,3.56
DNK,1970,10.14,9.62,8.43,7.3,7.05,5.2,4.15,4.11,4.02,3.95,3.79,3.78
DNK,1975,10.18,11.88,9.69,8.44,7.29,7.05,5.18,4.17,4.09,4.03,3.86,3.85
DNK,1980,10.23,12.05,11.99,9.71,8.44,7.3,7.05,5.22,4.17,4.12,3.96,3.93
DNK,1985,10.23,12.64,12.16,12.08,9.73,8.27,6.43,6.34,5.21,4.2,4.04,4.04
DNK,1990,9.25,12.42,13.07,13.22,12.95,10.31,8.54,6.84,6.55,5.42,3.68,3.64
DNK,1995,9.25,11.51,13.24,13.2,13.45,13.02,10.09,8.56,6.62,6.52,5.31,4.33
DNK,2000,9.23,11.97,11.97,13.31,13.21,13.27,12.74,10.12,8.64,7.48,7.22,6.78
DNK,2005,9.33,11.48,12.18,12.28,13.38,13.23,13.24,12.72,10.18,8.64,7.45,7.39
DNK,2010,9.27,11.2,11.69,12.25,12.48,13.44,13.24,13.23,12.7,10.26,8.61,7.57
DOM,1950,3.73,2.41,2.41,2.41,2.41,2.41,2.41,2.41,2.41,2.38,2.35,2.34
DOM,1955,3.8,2.41,2.41,2.41,2.41,2.41,2.41,2.41,2.41,2.41,2.38,2.38
DOM,1960,3.67,3.17,2.41,2.41,2.41,2.41,2.41,2.41,2.41,2.41,2.41,2.41
DOM,1965,3.92,3.69,3.28,2.5,2.5,2.27,2.27,2.16,2.16,1.95,1.92,1.94
DOM,1970,4.83,4.45,3.61,3.61,2.78,2.78,2.27,2.27,2.02,2.02,1.56,1.56
DOM,1975,5.31,4.93,4.56,3.67,3.67,2.81,2.8,2.28,2.28,2.02,2.01,1.63
DOM,1980,6.28,5.58,4.98,4.61,3.69,3.69,2.82,2.82,2.29,2.29,2.02,2.1
DOM,1985,7.23,6.66,5.63,5.0,4.63,3.71,3.71,2.83,2.83,2.3,2.29,2.1
DOM,1990,7.81,8.14,6.7,5.64,5.01,4.65,3.72,3.72,2.83,2.83,2.3,2.38
DOM,1995,7.5,9.06,8.2,6.72,5.66,5.02,4.66,3.72,3.72,2.84,2.83,2.38
DOM,2000,8.2,8.36,9.13,8.22,6.74,5.68,5.03,4.67,3.73,3.73,2.84,2.93
DOM,2005,8.25,10.12,8.44,9.17,8.24,6.76,5.7,5.05,4.69,3.74,3.74,2.94
DOM,2010,8.21,10.11,9.62,8.49,9.23,8.27,7.78,7.78,5.5,5.5,4.62,4.62
DZA,1950,0.46,0.69,0.69,0.64,0.64,0.75,0.75,0.85,0.84,0.99,0.97,0.97
DZA,1955,0.59,0.6,0.69,0.69,0.64,0.64,0.74,0.74,0.84,0.84,0.98,0.98
DZA,1960,0.86,0.6,0.48,0.55,0.51,0.49,0.48,0.56,0.55,0.62,0.61,0.74
DZA,1965,1.24,0.5,0.6,0.34,0.38,0.33,0.31,0.29,0.33,0.33,0.36,0.36
DZA,1970,1.91,2.0,0.5,0.48,0.16,0.17,0.07,0.07,0.04,0.04,0.02,0.02
DZA,1975,2.67,2.48,1.87,0.52,0.47,0.19,0.17,0.08,0.08,0.04,0.04,0.03
DZA,1980,3.62,3.25,2.49,1.79,0.58,0.46,0.2,0.17,0.08,0.08,0.04,0.05
DZA,1985,5.3,4.95,3.44,2.65,1.78,0.68,0.45,0.22,0.17,0.08,0.08,0.05
DZA,1990,6.16,5.62,4.96,3.3,2.65,1.66,0.76,0.44,0.25,0.17,0.1,0.11
DZA,1995,6.9,7.21,5.64,4.9,3.13,2.66,1.52,0.86,0.42,0.28,0.17,0.11
DZA,2000,6.62,7.67,7.24,5.23,4.83,2.92,2.66,1.35,0.98,0.4,0.32,0.18
DZA,2005,7.46,8.15,7.74,6.74,4.74,4.74,2.66,2.66,1.14,1.14,0.38,0.38
DZA,2010,8.12,9.4,8.23,7.74,6.75,4.75,4.74,2.67,2.66,1.14,1.14,0.39
ECU,1950,2.89,2.74,2.33,2.33,2.0,2.0,1.82,1.82,1.64,1.64,1.33,1.33
ECU,1955,3.35,3.1,2.87,2.44,2.43,2.15,2.15,2.0,2.0,1.8,1.79,1.63
ECU,1960,3.86,3.49,3.08,3.07,2.6,2.6,2.37,2.37,2.24,2.24,2.02,2.01
ECU,1965,4.76,4.53,3.86,3.5,3.35,2.97,2.83,2.62,2.53,2.4,2.4,2.24
ECU,1970,5.53,4.91,4.73,3.95,3.73,3.4,3.18,2.86,2.74,2.53,2.44,2.46
ECU,1975,6.03,5.94,5.01,4.9,3.93,3.88,3.34,3.33,2.8,2.8,2.44,2.44
ECU,1980,7.36,7.69,6.67,6.67,4.87,4.87,4.01,4.01,3.35,3.35,3.35,3.35
ECU,1985,7.64,7.89,7.82,6.37,6.37,4.69,4.69,4.01,3.83,3.24,3.21,3.25
ECU,1990,7.92,8.5,7.98,7.97,6.16,6.16,4.61,4.61,4.1,3.7,3.19,3.19
ECU,1995,7.9,7.92,8.34,7.75,7.74,6.1,6.1,4.73,4.47,4.03,3.77,3.54
ECU,2000,7.94,8.06,8.02,8.02,7.47,7.47,6.04,6.04,4.9,4.32,3.95,3.96
ECU,2005,7.27,9.6,8.51,8.16,8.16,7.41,7.41,5.43,5.43,4.26,3.9,3.61
ECU,2010,7.29,9.19,9.87,8.96,8.36,8.36,7.35,7.35,4.68,4.68,3.47,3.47
EGY,1950,0.17,0.25,0.24,0.17,0.17,0.1,0.09,0.08,0.08,0.06,0.04,0.03
EGY,1955,0.38,0.53,0.24,0.24,0.17,0.17,0.1,0.09,0.08,0.08,0.06,0.04
EGY,1960,0.65,0.53,0.53,0.24,0.24,0.17,0.17,0.1,0.09,0.08,0.08,0.08
EGY,1965,0.94,1.25,0.53,0.53,0.24,0.24,0.17,0.17,0.1,0.09,0.08,0.08
EGY,1970,1.3,1.26,1.25,0.53,0.53,0.24,0.24,0.17,0.17,0.1,0.09,0.09
EGY,1975,1.73,2.15,1.26,1.26,0.53,0.53,0.24,0.24,0.17,0.17,0.1,0.1
EGY,1980,2.89,2.79,2.43,1.44,1.42,0.71,0.7,0.4,0.4,0.35,0.34,0.3
EGY,1985,4.66,4.29,2.8,2.79,1.65,1.65,0.93,0.93,0.59,0.59,0.58,0.58
EGY,1990,5.81,5.28,4.29,2.81,2.78,1.66,1.64,0.94,0.93,0.59,0.59,0.62
EGY,1995,6.98,6.77,5.28,4.31,2.8,2.8,1.65,1.65,0.94,0.93,0.59,0.62
EGY,2000,8.11,7.86,6.77,5.27,4.28,2.81,2.79,1.66,1.65,0.94,0.93,0.62
EGY,2005,7.61,9.39,7.87,6.77,5.26,4.31,2.81,2.81,1.66,1.66,0.94,0.99
EGY,2010,8.26,8.79,9.44,7.92,6.77,5.3,4.33,2.85,2.83,1.69,1.67,1.01
ESP,1950,4.8,4.55,3.92,3.92,2.66,2.66,2.28,2.27,2.25,3.15,2.96,2.95
ESP,1955,5.14,4.55,4.56,3.92,3.92,2.66,2.66,2.28,2.27,2.25,2.18,2.12
ESP,1960,5.5,5.55,4.56,4.56,3.93,3.92,2.66,2.66,2.28,2.27,2.25,2.19
ESP,1965,5.18,5.55,5.56,4.56,4.56,3.93,3.92,2.66,2.66,2.28,2.27,2.27
ESP,1970,7.17,6.32,5.56,5.56,4.56,4.56,3.93,3.92,2.66,2.66,2.28,2.28
ESP,1975,8.73,7.09,6.36,5.97,5.97,4.8,4.8,4.1,4.1,2.92,2.89,2.73
ESP,1980,10.72,9.85,7.13,6.35,6.31,6.31,5.01,5.01,4.25,4.25,3.13,3.13
ESP,1985,8.58,9.52,9.75,7.11,6.27,6.18,6.13,4.59,4.58,3.53,3.47,2.98
ESP,1990,8.17,8.88,9.64,9.59,7.11,6.24,6.08,5.98,4.25,4.24,2.91,2.9
ESP,1995,8.18,11.28,9.89,10.52,9.98,8.25,6.66,7.15,6.21,4.83,4.41,3.42
ESP,2000,7.84,10.98,11.5,10.73,11.26,10.32,9.22,7.03,8.07,6.41,5.32,4.7
ESP,2005,8.66,11.28,12.14,11.87,10.93,12.23,10.35,10.35,7.03,9.71,7.31,7.31
ESP,2010,9.79,11.16,11.94,12.07,11.41,11.41,11.1,11.09,8.83,7.91,8.06,8.06
EST,1950,5.45,7.84,6.44,6.33,6.28,6.16,6.23,5.99,5.95,5.77,5.28,5.26
EST,1955,5.5,7.83,7.87,6.44,6.42,6.33,6.2,6.22,5.94,5.95,5.6,5.6
EST,1960,5.54,9.47,7.87,7.87,6.44,6.34,6.31,6.19,6.16,5.94,5.66,5.66
EST,1965,6.12,9.47,9.52,7.87,7.88,6.44,6.4,6.31,6.15,6.17,5.72,5.72
EST,1970,6.17,10.96,9.52,9.52,7.88,7.88,6.44,6.34,6.25,6.13,5.74,5.74
EST,1975,6.91,10.96,11.02,9.52,9.54,7.88,7.87,6.44,6.34,6.25,6.09,6.09
EST,1980,7.05,11.84,11.03,11.03,9.54,9.54,7.88,7.88,6.44,6.34,6.16,6.16
EST,1985,7.13,11.85,11.92,11.05,11.07,9.55,9.55,7.88,7.87,6.44,6.4,6.44
EST,1990,7.13,11.45,11.93,11.93,11.07,11.07,9.55,9.55,7.88,7.88,6.44,6.49
EST,1995,7.92,12.67,12.22,12.52,12.55,11.83,11.82,10.51,10.49,8.78,8.73,8.0
EST,2000,8.8,11.96,12.81,13.15,13.28,13.28,12.74,12.74,11.65,11.66,9.89,9.89
EST,2005,8.9,12.52,12.44,12.93,13.2,13.3,13.28,12.78,12.75,11.73,11.66,10.34
EST,2010,8.7,12.07,13.01,13.31,13.25,13.25,13.35,13.35,12.83,12.84,11.75,11.79
FIN,1950,3.58,4.44,4.19,4.21,3.94,3.93,3.72,3.73,3.66,3.66,3.35,3.35
FIN,1955,4.14,4.69,4.29,4.22,3.97,3.83,3.8,3.7,3.67,3.66,3.44,3.36
FIN,1960,4.45,5.32,4.68,4.19,4.2,3.82,3.73,3.75,3.63,3.63,3.55,3.39
FIN,1965,4.22,6.98,6.26,4.94,4.66,4.68,4.48,4.46,4.43,3.97,3.83,3.85
FIN,1970,6.35,7.52,7.02,7.03,5.09,5.08,5.05,5.06,5.03,5.03,4.15,4.15
FIN,1975,5.87,10.5,8.22,8.34,7.33,6.3,5.53,5.53,5.06,5.04,4.88,4.48
FIN,1980,5.94,10.79,10.83,9.13,9.11,7.26,7.21,5.77,5.74,4.89,4.76,4.76
FIN,1985,6.28,10.44,10.3,10.33,8.12,8.12,6.3,6.28,5.11,5.11,4.36,4.35
FIN,1990,6.16,10.39,10.93,10.82,9.8,8.74,7.36,7.13,5.81,5.26,4.6,4.58
FIN,1995,6.25,11.97,11.25,11.41,11.31,10.14,9.12,7.85,6.96,5.52,5.12,4.89
FIN,2000,6.24,10.98,11.97,12.01,11.8,11.75,10.4,9.48,8.25,6.85,5.18,5.2
FIN,2005,6.26,11.13,12.12,12.29,12.14,12.13,11.57,10.98,9.23,8.52,6.71,6.01
FIN,2010,6.18,11.07,12.23,12.57,12.24,12.29,11.81,11.87,10.21,9.53,7.61,7.25
FJI,1950,5.39,3.59,3.24,2.78,2.61,2.12,2.09,2.07,0.5,0.38,0.27,0.2
FJI,1955,5.57,4.25,3.59,3.24,2.78,2.61,2.12,2.09,2.06,0.51,0.36,0.27
FJI,1960,5.77,4.59,4.26,3.59,3.24,2.78,2.61,2.12,2.09,2.07,1.99,1.98
FJI,1965,6.6,5.84,4.64,4.19,3.75,3.25,3.1,2.83,2.9,2.87,2.84,2.82
FJI,1970,7.05,5.98,5.93,4.53,4.34,3.42,3.22,2.56,2.48,1.81,1.78,1.8
FJI,1975,8.34,7.38,5.99,5.99,4.46,4.46,3.22,3.22,2.34,2.34,1.53,1.53
FJI,1980,9.3,8.35,7.81,6.24,6.24,4.53,4.53,3.35,3.34,2.41,2.39,1.96
FJI,1985,9.35,9.65,8.35,8.27,6.38,6.38,4.58,4.58,3.48,3.48,2.49,2.49
FJI,1990,10.22,11.2,10.2,9.27,8.99,7.45,7.18,5.74,5.53,4.59,4.46,3.87
FJI,1995,10.45,11.75,11.16,10.77,10.27,9.76,8.75,8.16,6.98,6.54,5.76,5.7
FJI,2000,9.97,11.01,11.3,10.62,10.42,9.55,9.27,7.84,7.51,6.25,5.97,5.34
FJI,2005,9.58,11.12,10.89,10.68,9.98,9.98,8.69,8.69,6.71,6.71,5.32,5.32
FJI,2010,11.08,12.34,11.18,10.89,10.7,9.98,9.97,8.68,8.68,6.71,6.71,5.42
FRA,1950,3.58,4.73,4.47,4.47,4.47,3.93,3.93,3.93,3.61,3.42,3.38,3.39
FRA,1955,3.58,4.49,4.79,4.58,4.58,4.58,3.93,3.93,3.93,3.63,3.41,3.42
FRA,1960,4.05,4.88,4.55,4.66,4.0,4.0,4.0,4.0,4.0,4.0,3.36,3.48
FRA,1965,4.35,6.2,5.44,4.76,4.84,4.24,4.24,3.94,3.93,3.93,3.91,3.48
FRA,1970,5.07,7.31,6.22,5.91,4.94,4.98,4.43,4.43,3.86,3.84,3.84,3.86
FRA,1975,5.72,7.6,7.34,6.46,6.32,5.09,5.11,4.59,4.59,3.79,3.75,3.8
FRA,1980,6.11,6.11,7.64,7.64,6.67,6.67,5.21,5.21,4.73,4.73,3.72,3.72
FRA,1985,7.05,9.45,7.99,8.29,8.3,6.83,6.8,5.48,5.23,4.57,4.42,4.23
FRA,1990,7.81,10.16,9.6,9.5,8.77,8.79,6.88,6.83,5.64,5.17,4.2,4.18
FRA,1995,8.88,11.56,10.28,10.32,9.77,9.35,8.92,7.75,6.99,6.23,6.63,6.15
FRA,2000,9.35,12.42,11.7,10.9,10.92,9.98,9.81,9.01,8.48,7.15,6.74,7.99
FRA,2005,9.26,11.98,12.55,12.25,11.4,11.4,10.16,10.19,9.09,9.1,7.3,7.36
FRA,2010,9.91,12.17,12.72,12.66,12.03,12.04,11.05,11.06,9.68,9.73,8.36,8.38
GAB,1950,0.73,0.9,0.85,0.83,0.79,0.76,0.74,0.57,0.49,0.51,0.63,0.58
GAB,1955,3.14,1.66,0.88,0.86,0.82,0.79,0.75,0.74,0.57,0.49,0.36,0.58
GAB,1960,3.51,2.67,1.63,0.88,0.84,0.82,0.78,0.75,0.74,0.57,0.51,0.51
GAB,1965,4.33,4.67,2.64,1.65,0.87,0.85,0.81,0.78,0.75,0.74,0.53,0.53
GAB,1970,5.75,4.71,4.65,2.67,1.63,0.88,0.84,0.82,0.79,0.76,0.54,0.54
GAB,1975,6.65,7.53,4.69,4.68,2.64,1.65,0.87,0.85,0.82,0.79,0.56,0.56
GAB,1980,7.74,7.6,7.56,4.74,4.66,2.68,1.63,0.88,0.85,0.83,0.8,0.8
GAB,1985,8.11,8.94,7.64,7.62,4.72,4.72,2.66,1.65,0.89,0.86,0.83,1.19
GAB,1990,7.78,9.01,8.99,7.69,7.61,4.77,4.69,2.69,1.6,0.9,0.86,0.86
GAB,1995,8.06,9.71,9.04,9.02,7.66,7.65,4.73,4.73,2.69,1.6,0.9,0.9
GAB,2000,8.46,10.33,9.72,9.06,8.99,7.69,7.61,4.76,4.72,2.7,1.62,0.93
GAB,2005,8.5,10.67,10.35,9.75,9.04,9.03,7.66,7.66,4.76,4.73,3.04,1.73
GAB,2010,8.63,10.83,10.77,10.46,9.79,9.14,9.06,7.77,7.71,4.84,4.8,2.87
GBR,1950,8.73,7.28,6.83,6.85,6.16,6.15,6.14,6.16,6.11,6.11,5.75,5.75
GBR,1955,9.09,7.4,7.23,6.79,6.74,6.42,6.39,6.22,6.18,6.1,5.91,5.93
GBR,1960,9.48,7.95,7.36,7.26,6.73,6.72,6.54,6.56,6.23,6.23,5.98,5.97
GBR,1965,9.72,9.05,8.33,7.72,7.57,7.01,6.97,6.81,6.77,6.46,6.33,6.3
GBR,1970,8.61,9.13,9.13,8.75,7.97,7.87,7.21,7.22,6.98,6.98,6.53,6.63
GBR,1975,9.02,8.63,9.18,9.16,8.73,8.0,7.88,7.31,7.27,7.12,7.0,6.85
GBR,1980,9.22,9.45,8.9,9.35,9.22,8.76,8.05,7.94,7.37,7.28,7.01,7.18
GBR,1985,9.41,9.73,9.51,9.15,9.47,9.33,8.82,8.17,7.98,7.48,7.33,7.32
GBR,1990,9.03,10.08,9.83,9.69,9.3,9.61,9.42,8.92,8.23,8.05,7.45,7.58
GBR,1995,9.35,10.74,10.2,9.93,9.79,9.47,9.71,9.52,8.97,8.33,8.02,7.72
GBR,2000,9.15,11.36,11.56,10.65,10.36,10.08,9.65,9.59,8.73,8.03,7.4,7.08
GBR,2005,9.82,13.17,12.83,12.67,12.29,11.84,11.46,10.6,10.49,9.72,9.1,8.97
GBR,2010,11.06,12.95,13.52,13.45,13.05,12.96,12.45,12.07,11.06,11.03,10.21,9.97
GHA,1950,0.49,0.33,0.32,0.32,0.31,0.31,0.14,0.14,0.14,0.13,0.13,0.13
GHA,1955,0.66,0.33,0.33,0.32,0.32,0.31,0.31,0.14,0.14,0.14,0.13,0.13
GHA,1960,1.01,1.0,0.33,0.33,0.32,0.32,0.31,0.31,0.14,0.14,0.14,0.14
GHA,1965,2.74,1.46,1.19,0.48,0.47,0.35,0.35,0.31,0.31,0.17,0.16,0.17
GHA,1970,6.06,2.89,1.46,1.46,0.67,0.67,0.39,0.39,0.3,0.3,0.19,0.19
GHA,1975,6.81,4.78,2.92,1.49,1.48,0.69,0.68,0.41,0.4,0.31,0.31,0.21
GHA,1980,6.0,5.96,4.78,2.98,1.53,1.53,0.71,0.7,0.43,0.4,0.31,0.33
GHA,1985,5.61,5.56,5.96,4.84,3.04,1.58,1.57,0.75,0.72,0.45,0.44,0.39
GHA,1990,5.09,5.88,5.56,5.79,5.24,3.13,1.64,1.64,0.79,0.75,0.48,0.5
GHA,1995,4.67,5.58,5.87,5.95,6.04,5.77,3.23,1.73,1.72,0.84,0.79,0.56
GHA,2000,5.66,5.9,5.58,6.34,6.4,6.4,6.4,3.39,1.83,1.83,0.91,0.91
GHA,2005,6.98,7.75,6.16,5.68,6.2,6.15,6.13,5.67,3.71,2.01,1.95,1.15
GHA,2010,8.11,8.11,7.79,6.54,5.74,6.08,5.83,5.83,4.79,4.1,2.23,2.23
GMB,1950,0.54,0.25,0.25,0.3,0.3,0.25,0.23,0.21,0.14,0.14,0.08,0.08
GMB,1955,0.55,0.22,0.25,0.25,0.3,0.3,0.25,0.23,0.21,0.14,0.09,0.09
GMB,1960,0.62,0.22,0.22,0.25,0.25,0.3,0.3,0.25,0.23,0.21,0.2,0.2
GMB,1965,0.71,0.28,0.22,0.22,0.25,0.25,0.3,0.3,0.25,0.23,0.21,0.21
GMB,1970,0.87,0.28,0.28,0.22,0.22,0.25,0.25,0.3,0.3,0.25,0.23,0.23
GMB,1975,0.98,0.66,0.28,0.28,0.22,0.22,0.25,0.25,0.3,0.3,0.24,0.24
GMB,1980,1.12,0.89,0.67,0.36,0.36,0.3,0.28,0.29,0.29,0.32,0.31,0.29
GMB,1985,1.49,1.06,0.89,0.68,0.46,0.44,0.41,0.35,0.35,0.33,0.34,0.36
GMB,1990,2.63,1.44,1.06,0.97,0.7,0.58,0.55,0.54,0.44,0.41,0.39,0.41
GMB,1995,3.11,2.61,1.44,1.07,1.07,0.72,0.72,0.68,0.69,0.55,0.49,0.49
GMB,2000,3.81,2.91,2.62,1.44,1.08,1.07,0.72,0.72,0.68,0.69,0.55,0.53
GMB,2005,5.21,3.86,2.91,2.62,1.44,1.08,1.07,0.72,0.72,0.68,0.69,0.6
GMB,2010,5.99,4.73,3.86,2.91,2.62,1.44,1.08,1.07,0.72,0.72,0.68,0.75
GRC,1950,4.34,4.71,4.7,4.7,2.88,2.88,2.11,2.11,1.48,1.48,1.04,1.04
GRC,1955,6.1,6.54,5.86,5.83,5.83,3.63,3.63,3.15,3.07,2.0,1.94,1.59
GRC,1960,8.74,8.6,7.44,7.55,7.52,7.52,4.56,4.56,4.34,4.22,2.52,2.52
GRC,1965,7.44,7.19,7.23,6.28,6.28,6.14,6.14,3.85,3.83,3.61,3.55,2.75
GRC,1970,7.58,7.78,7.31,7.08,5.97,5.98,5.75,5.75,3.55,3.51,3.34,3.36
GRC,1975,8.11,7.67,8.01,7.05,6.93,5.68,5.68,5.36,5.36,3.27,3.21,3.18
GRC,1980,8.71,9.52,7.91,7.92,6.79,6.79,5.4,5.4,4.97,4.97,3.01,3.01
GRC,1985,9.77,10.53,10.26,8.55,8.55,6.93,6.93,5.45,5.37,4.55,4.5,3.61
GRC,1990,11.62,12.09,10.67,10.67,9.06,9.06,7.01,7.01,5.48,5.33,4.16,4.16
GRC,1995,10.24,11.93,11.74,10.72,10.28,9.21,8.57,6.99,6.11,4.76,4.5,3.6
GRC,2000,9.62,11.38,11.81,11.57,10.86,10.04,9.38,8.22,7.0,5.41,4.16,3.92
GRC,2005,9.48,12.33,13.02,12.71,11.71,11.71,10.1,10.09,7.9,7.89,5.98,5.98
GRC,2010,9.29,12.35,13.52,12.98,12.29,12.29,10.91,10.91,9.05,9.05,6.87,6.87
GTM,1950,1.23,1.17,1.09,1.09,0.99,0.99,0.87,0.87,0.83,0.83,1.03,1.03
GTM,1955,1.4,1.33,1.12,1.06,1.01,0.93,0.92,0.8,0.8,0.89,0.89,1.06
GTM,1960,1.59,1.44,1.33,1.07,1.01,0.91,0.85,0.81,0.71,0.7,0.7,0.71
GTM,1965,1.77,1.6,1.44,1.32,0.99,0.96,0.78,0.74,0.67,0.59,0.58,0.59
GTM,1970,2.24,2.09,1.74,1.38,1.31,0.91,0.89,0.62,0.61,0.5,0.45,0.45
GTM,1975,2.8,2.58,2.09,1.93,1.31,1.31,0.8,0.81,0.44,0.44,0.29,0.29
GTM,1980,3.47,3.31,2.76,2.65,1.95,1.95,1.64,1.64,1.41,1.41,1.39,1.39
GTM,1985,3.62,3.69,3.4,2.78,2.68,2.0,2.0,1.68,1.67,1.47,1.46,1.46
GTM,1990,3.75,4.15,3.73,3.46,2.8,2.69,2.04,2.04,1.72,1.7,1.52,1.54
GTM,1995,3.92,4.52,4.18,3.67,3.53,2.81,2.7,2.07,2.07,1.76,1.72,1.61
GTM,2000,4.4,4.74,4.56,4.19,3.6,3.6,2.82,2.71,2.12,2.12,1.81,1.81
GTM,2005,4.39,4.85,4.4,4.1,3.5,3.5,2.62,2.62,2.03,2.03,1.62,1.62
GTM,2010,5.74,6.43,4.94,4.97,4.22,3.95,3.74,3.41,2.98,2.5,2.28,2.24
GUY,1950,4.02,4.73,3.98,3.98,3.74,3.74,3.91,3.89,3.9,2.3,2.05,1.81
GUY,1955,4.61,4.73,4.73,3.98,3.98,3.73,3.73,3.91,3.91,3.89,3.84,3.84
GUY,1960,5.56,5.44,4.73,4.73,3.98,3.98,3.73,3.73,3.94,3.91,3.86,3.86
GUY,1965,6.16,5.44,5.43,4.73,4.73,3.98,3.98,3.73,3.76,3.94,3.88,3.88
GUY,1970,7.0,6.25,5.44,5.43,4.72,4.72,3.98,3.98,3.76,3.76,3.9,3.9
GUY,1975,7.16,6.73,6.46,5.44,5.43,4.74,4.74,3.98,4.01,3.83,3.78,3.89
GUY,1980,7.61,7.7,6.73,6.73,5.45,5.45,4.77,4.77,3.99,3.99,3.85,3.85
GUY,1985,7.82,8.09,7.89,7.08,7.07,5.6,5.6,4.63,4.62,3.98,3.97,3.92
GUY,1990,7.37,8.44,8.09,8.11,7.51,7.51,5.79,5.79,4.47,4.45,3.97,4.0
GUY,1995,8.68,9.56,8.44,8.33,8.36,8.04,8.04,6.03,6.02,4.27,4.24,4.0
GUY,2000,9.48,9.88,9.53,8.71,8.68,8.68,8.67,8.67,6.3,6.3,4.03,4.03
GUY,2005,9.86,10.57,9.87,9.54,8.7,8.7,8.7,8.7,8.68,6.31,6.3,4.07
GUY,2010,9.04,11.04,10.56,9.88,9.53,8.73,8.73,8.73,8.7,8.69,6.31,6.45
HKG,1950,5.7,3.28,3.28,2.82,2.82,1.5,1.5,0.83,0.8,0.76,0.74,0.74
HKG,1955,6.09,5.03,3.26,3.27,2.8,2.8,1.49,1.49,0.83,0.79,0.76,0.76
HKG,1960,6.64,5.03,5.05,3.26,3.27,2.8,2.8,1.49,1.49,0.83,0.79,0.79
HKG,1965,8.12,7.27,5.06,5.06,3.26,3.27,2.8,2.8,1.49,1.49,0.83,0.83
HKG,1970,8.51,8.38,6.56,6.56,3.72,3.72,2.76,2.76,1.74,1.74,0.77,0.77
HKG,1975,9.4,8.86,8.01,7.81,4.81,4.66,2.95,2.91,2.2,2.17,1.04,1.04
HKG,1980,11.05,10.12,8.92,8.92,6.96,6.96,3.58,3.58,2.6,2.6,1.32,1.32
HKG,1985,11.97,11.67,10.01,9.8,8.4,8.18,5.17,5.0,2.9,2.89,1.69,1.65
HKG,1990,12.6,12.95,11.33,11.23,9.02,9.02,6.9,6.9,3.35,3.35,1.96,1.96
HKG,1995,11.94,13.04,12.7,11.22,10.35,8.4,8.02,6.42,5.73,2.59,2.55,1.83
HKG,2000,11.51,12.79,13.07,12.36,11.08,9.28,7.63,6.79,5.83,4.31,1.65,1.65
HKG,2005,12.94,14.42,14.03,13.52,12.98,12.15,10.63,9.17,8.38,7.24,3.7,3.58
HKG,2010,12.7,14.34,13.86,13.41,12.81,12.8,11.06,10.93,8.34,8.34,5.93,5.93
HND,1950,1.65,1.68,1.55,1.32,1.32,1.32,1.32,1.32,1.32,1.3,1.27,1.27
HND,1955,1.95,1.68,1.68,1.55,1.32,1.32,1.32,1.32,1.32,1.32,1.29,1.29
HND,1960,2.31,2.16,1.68,1.68,1.55,1.32,1.32,1.32,1.32,1.32,1.32,1.33
HND,1965,2.67,2.67,2.02,1.68,1.53,1.44,1.26,1.26,1.23,1.23,1.22,1.25
HND,1970,3.18,2.73,2.67,1.89,1.7,1.42,1.36,1.25,1.25,1.19,1.18,1.19
HND,1975,3.73,3.54,2.72,2.73,1.76,1.76,1.31,1.31,1.26,1.26,1.17,1.17
HND,1980,4.9,5.12,4.22,3.23,3.18,2.19,2.18,1.68,1.67,1.6,1.57,1.53
HND,1985,5.78,5.78,5.19,5.04,3.78,3.7,2.66,2.63,2.06,2.06,1.93,1.93
HND,1990,6.13,6.12,5.74,5.22,4.97,3.86,3.64,2.74,2.57,2.1,2.09,2.02
HND,1995,6.06,6.28,6.14,5.67,5.25,4.87,3.93,3.57,2.81,2.48,2.07,2.11
HND,2000,6.55,6.73,6.31,6.14,5.59,5.28,4.75,4.02,3.47,2.89,2.37,2.11
HND,2005,7.24,7.15,6.79,6.23,6.15,5.48,5.31,4.6,4.12,3.35,2.99,2.27
HND,2010,7.74,8.04,7.24,6.72,6.15,6.15,5.35,5.35,4.42,4.25,3.2,3.2
HRV,1950,5.55,6.07,5.16,5.17,5.24,4.83,4.85,4.5,4.65,4.28,3.47,3.45
HRV,1955,5.73,6.18,6.08,5.23,5.3,5.25,4.94,4.86,4.56,4.66,4.18,4.18
HRV,1960,6.08,8.08,6.19,6.16,5.37,5.31,5.38,4.95,4.92,4.57,4.23,4.23
HRV,1965,6.35,8.08,8.1,6.19,6.22,5.3,5.36,5.31,4.94,4.86,4.23,4.23
HRV,1970,6.7,9.77,8.09,8.1,6.19,6.09,5.29,5.23,5.23,4.82,4.18,4.18
HRV,1975,7.09,9.77,9.8,8.1,8.1,6.19,6.21,5.29,5.28,5.23,5.07,5.07
HRV,1980,7.46,10.49,9.8,9.8,8.1,8.1,6.19,6.09,5.23,5.17,5.01,5.01
HRV,1985,7.84,10.5,10.53,9.81,9.82,8.1,8.1,6.19,6.14,5.23,5.06,5.06
HRV,1990,4.74,10.6,10.53,10.54,9.82,9.82,8.1,8.1,6.19,6.09,5.08,5.08
HRV,1995,5.48,10.69,10.93,10.79,10.8,10.11,10.11,8.43,8.4,6.5,6.15,5.3
HRV,2000,6.35,11.79,10.75,11.32,11.12,11.11,10.46,10.47,8.82,8.77,6.87,6.63
HRV,2005,9.59,12.7,11.89,11.33,11.81,11.49,11.48,10.9,10.89,9.3,9.22,7.45
HRV,2010,9.35,12.92,12.83,12.62,12.06,12.4,11.94,11.94,11.41,11.42,9.88,9.88
HTI,1950,0.63,0.62,0.44,0.44,0.36,0.36,0.37,0.37,0.39,0.39,0.38,0.38
HTI,1955,0.7,0.62,0.6,0.45,0.45,0.38,0.38,0.38,0.37,0.38,0.38,0.39
HTI,1960,0.86,0.75,0.61,0.59,0.47,0.47,0.42,0.42,0.4,0.39,0.39,0.4
HTI,1965,1.19,0.84,0.75,0.6,0.58,0.49,0.49,0.47,0.47,0.42,0.41,0.42
HTI,1970,1.67,1.23,0.85,0.85,0.58,0.58,0.53,0.53,0.53,0.53,0.46,0.46
HTI,1975,2.21,1.58,1.39,0.91,0.91,0.72,0.72,0.67,0.67,0.61,0.59,0.56
HTI,1980,2.88,2.47,1.58,1.58,0.99,0.99,0.89,0.89,0.83,0.83,0.7,0.7
HTI,1985,3.25,3.2,2.48,1.58,1.58,0.99,0.99,0.89,0.89,0.82,0.83,0.74
HTI,1990,3.97,3.72,3.21,2.48,1.59,1.58,0.99,0.99,0.89,0.89,0.82,0.88
HTI,1995,4.19,4.37,3.73,3.22,2.49,1.59,1.58,0.99,0.99,0.89,0.89,0.87
HTI,2000,3.63,4.62,4.37,3.73,3.22,2.49,1.59,1.58,0.99,0.99,0.89,0.94
HTI,2005,4.81,4.19,4.62,4.37,3.73,3.22,2.49,1.59,1.59,0.99,0.99,0.94
HTI,2010,4.85,5.53,3.92,4.62,4.37,3.73,3.22,2.49,1.59,1.59,0.99,1.04
HUN,1950,7.65,7.77,7.66,7.05,6.69,6.59,6.57,6.57,6.18,6.17,6.18,6.2
HUN,1955,7.81,7.77,7.79,7.66,7.05,6.69,6.59,6.57,6.57,6.18,6.17,6.2
HUN,1960,8.01,8.1,7.8,7.79,7.66,7.05,6.7,6.59,6.56,6.56,6.19,6.19
HUN,1965,8.4,8.5,7.96,7.93,7.7,7.75,6.81,6.81,6.58,6.58,6.35,6.35
HUN,1970,8.72,9.51,8.7,8.7,8.03,8.03,7.72,7.72,6.66,6.66,6.57,6.57
HUN,1975,9.08,10.18,9.92,8.83,8.83,8.06,8.06,7.72,7.7,6.68,6.66,6.64
HUN,1980,9.47,10.47,10.23,10.23,8.94,8.94,8.08,8.08,7.74,7.74,6.69,6.69
HUN,1985,8.97,10.69,10.65,10.23,10.23,8.76,8.76,7.54,7.1,6.41,6.42,5.96
HUN,1990,8.43,10.65,10.74,10.74,10.22,10.22,8.59,8.59,7.04,6.17,5.21,5.24
HUN,1995,9.44,12.04,11.44,11.34,11.34,10.91,10.91,9.8,9.8,8.57,8.22,8.5
HUN,2000,10.35,11.77,12.15,12.09,11.92,11.92,11.59,11.59,10.72,10.72,9.57,9.57
HUN,2005,10.36,12.69,12.4,12.39,12.31,12.06,12.06,11.74,11.75,10.81,10.76,10.02
HUN,2010,8.39,11.98,13.05,12.96,12.53,12.54,12.21,12.21,11.9,11.9,11.06,11.06
IDN,1950,1.75,0.84,0.52,0.52,0.25,0.25,0.13,0.13,0.11,0.11,0.1,0.1
IDN,1955,1.95,0.84,0.84,0.52,0.52,0.25,0.25,0.13,0.13,0.11,0.1,0.1
IDN,1960,2.46,1.62,0.84,0.84,0.51,0.51,0.24,0.24,0.13,0.13,0.1,0.1
IDN,1965,3.11,2.35,1.94,1.05,1.06,0.65,0.65,0.35,0.35,0.21,0.21,0.2
IDN,1970,3.9,3.65,2.34,2.34,1.3,1.3,0.79,0.79,0.45,0.45,0.29,0.29
IDN,1975,4.27,3.86,3.68,2.31,2.31,1.25,1.25,0.76,0.76,0.42,0.41,0.33
IDN,1980,4.49,4.43,3.82,3.82,2.35,2.35,1.27,1.27,0.76,0.76,0.39,0.39
IDN,1985,5.16,3.93,4.29,3.41,3.41,2.01,2.01,1.11,1.0,0.64,0.62,0.42
IDN,1990,5.96,5.86,3.97,3.96,2.82,2.82,1.55,1.55,0.88,0.64,0.45,0.45
IDN,1995,6.02,4.7,5.36,4.22,4.22,3.53,3.53,2.74,2.74,1.09,0.94,0.84
IDN,2000,5.63,6.74,4.73,4.73,4.51,4.51,4.39,4.39,4.2,4.2,1.35,1.34
IDN,2005,6.79,9.07,7.53,6.02,6.03,5.13,5.13,4.49,4.49,3.61,3.58,1.51
IDN,2010,8.36,9.51,9.15,8.5,7.63,7.63,5.87,5.87,4.61,4.61,2.89,2.89
IND,1950,0.7,0.51,0.4,0.4,0.3,0.3,0.3,0.2,0.19,0.14,0.14,0.14
IND,1955,0.78,0.51,0.51,0.4,0.4,0.3,0.3,0.3,0.2,0.19,0.18,0.18
IND,1960,0.95,0.74,0.53,0.53,0.36,0.36,0.23,0.23,0.23,0.13,0.13,0.13
IND,1965,1.26,0.84,0.83,0.46,0.46,0.4,0.4,0.34,0.34,0.34,0.27,0.27
IND,1970,1.7,1.37,0.84,0.82,0.4,0.4,0.4,0.4,0.38,0.38,0.38,0.37
IND,1975,2.17,1.64,1.49,0.77,0.76,0.53,0.53,0.52,0.32,0.31,0.3,0.31
IND,1980,2.55,2.27,1.65,1.64,0.69,0.68,0.68,0.68,0.67,0.22,0.21,0.21
IND,1985,3.1,2.72,2.33,1.84,1.66,0.96,0.84,0.78,0.66,0.67,0.34,0.37
IND,1990,3.85,3.24,2.74,2.4,2.07,1.67,1.28,1.03,0.9,0.63,0.67,0.51
IND,1995,4.71,4.05,3.22,2.64,2.32,2.01,1.63,1.23,0.95,0.83,0.59,0.65
IND,2000,6.25,5.76,4.34,3.15,2.51,2.21,1.93,1.58,1.18,0.84,0.74,0.59
IND,2005,7.47,6.62,5.79,4.34,3.15,2.51,2.21,1.93,1.57,1.18,0.84,0.8
IND,2010,8.11,8.35,6.66,5.79,4.35,3.15,2.51,2.21,1.92,1.57,1.18,0.91
IRL,1950,6.68,7.63,7.49,6.95,6.81,6.42,6.37,5.77,5.63,5.42,5.21,5.2
IRL,1955,6.7,8.5,7.59,7.52,6.91,6.81,6.4,6.39,5.75,5.64,5.32,5.31
IRL,1960,6.94,8.51,8.46,7.62,7.49,6.93,6.81,6.44,6.39,5.77,5.55,5.44
IRL,1965,7.54,8.93,8.5,8.51,7.62,7.53,6.95,6.87,6.46,6.43,5.71,5.7
IRL,1970,9.93,10.07,8.69,8.69,7.75,7.74,7.0,6.95,6.36,6.35,5.58,5.58
IRL,1975,10.62,11.05,10.04,8.92,8.87,7.96,7.91,7.15,7.08,6.4,6.2,5.91
IRL,1980,11.3,12.39,11.02,10.06,9.07,9.05,8.12,8.09,7.24,7.22,6.33,6.33
IRL,1985,11.61,12.47,12.35,11.15,10.17,9.21,9.16,8.23,8.18,7.32,7.09,6.76
IRL,1990,9.95,13.19,12.43,12.38,11.23,10.29,9.32,9.28,8.29,8.29,7.23,7.22
IRL,1995,9.24,12.08,13.3,12.68,12.38,11.49,9.99,9.28,8.94,8.2,7.79,6.9
IRL,2000,8.92,11.69,11.97,13.37,12.87,12.38,11.7,9.75,9.21,8.65,8.01,7.62
IRL,2005,9.44,12.13,12.63,12.35,13.73,13.23,12.76,12.07,10.33,9.9,9.3,8.81
IRL,2010,10.63,12.19,12.92,12.89,12.41,14.38,13.38,13.41,12.0,11.25,9.51,9.5
IRN,1950,0.76,0.35,0.35,0.23,0.23,0.08,0.08,0.03,0.03,0.01,0.01,0.01
IRN,1955,0.86,0.47,0.35,0.35,0.23,0.23,0.08,0.08,0.03,0.03,0.01,0.01
IRN,1960,1.33,0.7,0.57,0.42,0.42,0.25,0.25,0.09,0.09,0.03,0.03,0.03
IRN,1965,1.94,1.41,0.69,0.69,0.51,0.51,0.28,0.28,0.09,0.09,0.03,0.03
IRN,1970,2.91,2.06,1.47,0.74,0.71,0.51,0.51,0.28,0.28,0.09,0.09,0.04
IRN,1975,4.17,3.22,2.05,1.54,0.79,0.72,0.52,0.51,0.28,0.28,0.09,0.09
IRN,1980,5.31,4.63,3.2,2.17,1.63,0.86,0.74,0.54,0.51,0.28,0.28,0.09
IRN,1985,5.64,5.93,4.6,3.37,2.31,1.74,0.94,0.77,0.55,0.51,0.28,0.3
IRN,1990,6.69,6.43,5.86,4.72,3.56,2.46,1.85,1.03,0.77,0.53,0.52,0.42
IRN,1995,8.63,8.05,6.41,6.11,5.06,4.08,3.03,2.14,1.4,1.1,0.86,0.87
IRN,2000,9.18,9.79,7.66,6.44,6.38,5.75,4.54,3.88,2.82,2.24,1.96,1.81
IRN,2005,9.91,10.32,9.4,7.88,6.46,6.54,5.34,4.46,3.22,2.45,1.5,0.99
IRN,2010,10.85,11.08,10.32,9.14,7.56,7.07,7.34,7.16,5.71,5.5,3.78,3.57
IRQ,1950,0.15,0.15,0.15,0.07,0.07,0.03,0.03,0.01,0.01,0.01,0.01,0.01
IRQ,1955,0.26,0.26,0.15,0.15,0.07,0.07,0.03,0.03,0.01,0.01,0.0,0.0
IRQ,1960,0.52,0.27,0.27,0.16,0.16,0.07,0.07,0.03,0.03,0.02,0.02,0.02
IRQ,1965,1.04,0.78,0.27,0.27,0.16,0.16,0.06,0.06,0.02,0.02,0.01,0.01
IRQ,1970,1.81,1.34,0.78,0.27,0.27,0.16,0.16,0.06,0.06,0.02,0.02,0.02
IRQ,1975,2.33,2.28,1.35,0.79,0.27,0.27,0.16,0.16,0.06,0.06,0.02,0.03
IRQ,1980,3.11,2.78,2.29,1.35,0.79,0.28,0.27,0.17,0.16,0.06,0.06,0.03
IRQ,1985,4.77,3.94,2.79,2.31,1.35,0.79,0.27,0.27,0.17,0.17,0.06,0.06
IRQ,1990,6.14,5.82,3.96,2.81,2.3,1.36,0.79,0.28,0.27,0.17,0.17,0.06
IRQ,1995,5.49,6.66,5.8,3.97,2.8,2.32,1.36,0.8,0.28,0.28,0.17,0.18
IRQ,2000,6.12,6.94,6.58,5.82,3.96,2.81,2.3,1.36,0.79,0.28,0.28,0.18
IRQ,2005,6.08,6.68,6.91,6.64,5.78,3.98,2.79,2.31,1.36,0.8,0.28,0.3
IRQ,2010,7.97,8.36,6.77,7.06,6.67,5.9,4.0,2.84,2.34,1.38,0.8,0.3
ISL,1950,6.07,6.75,5.82,5.83,5.41,5.39,5.15,5.16,4.91,4.88,4.71,4.71
ISL,1955,6.41,6.77,6.7,5.85,5.78,5.42,5.37,5.19,5.13,4.93,4.75,4.74
ISL,1960,6.83,7.61,6.73,6.74,5.81,5.8,5.41,5.42,5.17,5.16,4.81,4.8
ISL,1965,7.35,8.24,7.62,6.82,6.74,5.87,5.82,5.49,5.43,5.24,5.07,4.89
ISL,1970,7.95,8.93,8.24,7.7,6.8,6.79,5.88,5.89,5.49,5.49,5.12,5.15
ISL,1975,7.84,10.05,8.97,8.33,7.69,6.84,6.78,5.93,5.86,5.52,5.35,5.18
ISL,1980,8.07,10.24,10.07,9.03,8.31,7.73,6.84,6.85,5.92,5.92,5.4,5.45
ISL,1985,8.39,10.74,10.31,10.14,9.01,8.35,7.72,6.9,6.82,5.96,5.78,5.49
ISL,1990,8.37,11.45,10.9,10.43,10.19,9.11,8.38,7.81,6.88,6.88,5.83,5.91
ISL,1995,8.91,11.91,11.58,10.96,10.41,10.24,9.1,8.45,7.78,6.95,6.76,5.97
ISL,2000,8.67,12.53,12.11,11.64,10.94,10.46,10.22,9.16,8.39,7.83,6.8,6.93
ISL,2005,9.77,13.61,12.75,12.18,11.64,11.0,10.45,10.29,9.09,8.45,7.68,6.98
ISL,2010,10.86,14.43,13.95,12.78,12.13,11.65,10.94,10.46,10.16,9.11,8.26,7.85
ISR,1950,6.85,7.08,7.14,7.13,7.1,7.1,5.98,5.99,4.27,4.14,3.92,3.92
ISR,1955,7.5,6.75,7.11,7.09,7.05,7.07,7.03,5.94,5.91,4.24,4.01,4.02
ISR,1960,7.97,8.01,6.79,7.12,7.07,7.07,7.04,7.04,5.91,5.93,4.15,4.16
ISR,1965,8.18,9.62,8.92,6.98,7.28,7.14,7.1,7.03,6.99,5.83,5.63,4.93
ISR,1970,8.49,10.83,9.72,9.64,7.14,7.42,7.12,7.11,6.95,6.95,5.63,5.64
ISR,1975,9.47,11.79,11.45,10.0,9.91,7.58,7.85,7.22,7.18,6.87,6.65,6.18
ISR,1980,10.16,12.21,11.95,11.92,10.22,10.14,7.95,8.21,7.24,7.24,6.66,6.66
ISR,1985,9.37,12.63,12.35,12.08,11.79,10.55,9.95,8.27,8.56,7.28,7.14,6.92
ISR,1990,8.41,12.85,12.8,12.4,12.2,11.7,10.83,9.8,8.55,8.93,8.4,8.52
ISR,1995,8.94,13.26,13.04,12.85,12.42,12.28,11.6,11.06,9.64,8.79,9.21,9.09
ISR,2000,8.58,12.73,13.49,13.01,12.87,12.45,12.35,11.52,11.24,9.53,8.96,9.64
ISR,2005,8.97,11.91,12.97,13.49,12.97,12.91,12.46,12.41,11.44,11.43,9.4,9.41
ISR,2010,9.8,12.12,13.29,13.41,13.67,13.72,13.14,13.13,12.61,12.63,10.66,10.66
ITA,1950,4.39,4.75,4.55,4.55,3.87,3.87,3.67,3.67,3.08,3.08,2.47,2.47
ITA,1955,4.82,5.05,4.9,4.65,4.65,3.94,3.94,3.69,3.69,2.97,2.94,2.7
ITA,1960,5.54,5.61,5.03,5.03,4.75,4.75,4.0,4.0,3.72,3.72,2.87,2.87
ITA,1965,6.22,6.17,5.91,5.07,5.07,4.76,4.76,4.03,4.03,3.64,3.61,3.25
ITA,1970,6.9,7.12,6.16,6.16,5.1,5.1,4.78,4.78,4.05,4.05,3.59,3.59
ITA,1975,7.48,7.93,7.37,6.55,6.54,5.02,5.11,4.69,4.9,4.21,4.18,3.79
ITA,1980,8.09,9.32,7.44,7.36,7.18,7.18,4.94,5.13,4.56,5.04,4.31,4.31
ITA,1985,7.88,10.09,9.63,8.28,8.02,6.73,6.72,4.94,5.13,4.54,4.44,4.07
ITA,1990,8.05,10.98,10.07,9.97,8.53,8.34,6.65,6.65,4.91,5.15,4.46,4.49
ITA,1995,8.43,11.58,11.02,10.3,10.29,8.71,8.59,6.58,6.58,4.89,5.13,4.49
ITA,2000,8.99,11.58,11.65,11.19,10.5,10.5,8.86,8.8,6.53,6.53,4.86,5.24
ITA,2005,8.71,11.95,12.1,11.85,10.96,10.96,9.71,9.68,7.39,7.32,5.13,4.99
ITA,2010,8.72,12.17,12.57,12.34,11.55,11.55,10.6,10.59,8.75,8.69,6.07,6.07
JAM,1950,4.11,4.26,3.82,3.81,3.45,3.44,3.22,3.22,3.06,3.01,2.95,2.95
JAM,1955,4.14,4.28,4.15,3.83,3.72,3.46,3.37,3.23,3.21,3.05,2.99,2.99
JAM,1960,4.78,4.49,4.19,4.18,3.76,3.75,3.4,3.39,3.23,3.21,3.04,3.04
JAM,1965,5.75,5.07,4.64,4.4,4.27,3.99,3.89,3.68,3.64,3.48,3.43,3.37
JAM,1970,6.27,5.65,5.0,4.99,4.54,4.53,4.18,4.17,3.99,3.95,3.78,3.78
JAM,1975,6.97,6.8,6.07,5.16,5.02,4.64,4.51,4.26,4.22,4.01,3.95,3.89
JAM,1980,7.4,8.15,6.77,6.75,5.22,5.21,4.63,4.62,4.33,4.29,4.01,4.01
JAM,1985,7.77,8.59,8.29,6.74,6.6,5.21,5.07,4.68,4.57,4.26,4.2,4.09
JAM,1990,8.78,9.23,8.58,8.54,6.56,6.55,5.02,5.01,4.67,4.5,4.15,4.15
JAM,1995,9.22,11.32,9.75,9.28,8.97,7.55,6.95,5.88,5.52,5.19,4.91,4.59
JAM,2000,10.22,11.47,11.35,10.43,10.07,9.57,8.66,7.54,6.82,6.12,5.79,5.57
JAM,2005,10.25,12.19,11.52,11.36,10.42,10.12,9.57,8.7,7.54,6.87,6.15,6.01
JAM,2010,9.08,12.11,12.26,11.56,11.38,10.5,10.16,9.66,8.76,7.64,6.95,6.46
JOR,1950,1.17,0.96,0.95,0.51,0.51,0.19,0.19,0.19,0.19,0.18,0.17,0.17
JOR,1955,1.68,0.96,0.96,0.97,0.51,0.52,0.19,0.19,0.19,0.19,0.18,0.18
JOR,1960,2.69,1.63,0.96,0.96,0.97,0.51,0.52,0.19,0.19,0.19,0.19,0.19
JOR,1965,3.99,2.27,1.48,0.88,0.86,0.86,0.46,0.44,0.17,0.17,0.17,0.18
JOR,1970,4.78,3.25,2.25,1.32,0.81,0.76,0.73,0.4,0.35,0.16,0.16,0.16
JOR,1975,5.72,4.3,3.24,1.97,1.13,0.72,0.64,0.59,0.33,0.25,0.14,0.15
JOR,1980,6.37,6.0,4.35,2.89,1.67,0.92,0.64,0.52,0.44,0.27,0.14,0.14
JOR,1985,8.0,7.68,6.18,4.39,3.07,1.7,1.02,0.75,0.53,0.44,0.27,0.15
JOR,1990,7.74,9.55,7.67,6.39,4.38,3.24,1.7,1.1,0.86,0.51,0.43,0.28
JOR,1995,7.62,9.47,9.46,7.69,6.63,4.43,3.5,1.74,1.24,1.02,0.92,0.89
JOR,2000,8.74,10.17,9.33,9.53,7.7,6.91,4.5,3.82,1.8,1.4,1.22,1.18
JOR,2005,9.43,11.39,9.9,9.48,9.57,7.69,7.26,4.59,4.21,1.86,1.61,1.53
JOR,2010,9.97,11.39,11.11,10.01,9.56,9.56,7.67,7.68,4.7,4.7,1.94,1.94
JPN,1950,7.16,7.92,6.48,6.47,5.9,5.87,5.15,5.16,3.69,3.66,2.61,2.6
JPN,1955,8.09,7.99,7.89,6.51,6.43,5.9,5.85,5.19,5.14,3.7,3.57,2.66
JPN,1960,8.85,8.2,7.97,7.91,6.48,6.44,5.9,5.89,5.18,5.17,3.62,3.61
JPN,1965,9.26,8.24,8.21,7.5,7.37,6.35,6.25,5.85,5.78,5.08,4.91,4.27
JPN,1970,9.91,10.66,8.23,8.24,7.04,6.96,6.24,6.19,5.79,5.76,4.85,4.84
JPN,1975,10.19,10.66,10.71,8.58,8.54,7.26,7.15,6.42,6.32,5.84,5.64,5.28
JPN,1980,10.75,12.4,10.73,10.73,8.85,8.84,7.45,7.39,6.6,6.57,5.83,5.82
JPN,1985,10.98,12.59,12.78,10.96,10.94,8.99,8.96,7.62,7.43,6.57,6.37,6.12
JPN,1990,11.12,12.85,12.75,12.76,11.04,11.04,9.06,9.07,7.71,7.5,6.34,6.34
JPN,1995,11.28,13.12,13.1,12.83,12.81,11.08,11.07,9.27,9.21,7.91,7.5,6.83
JPN,2000,11.25,13.45,13.39,13.13,12.82,12.82,11.1,11.1,9.38,9.33,7.96,7.76
JPN,2005,11.09,13.42,13.76,13.33,13.14,12.83,12.81,11.12,11.1,9.48,9.34,8.18
JPN,2010,10.95,12.98,13.73,13.73,13.25,13.16,12.82,12.81,11.12,11.12,9.49,9.56
KAZ,1950,2.27,4.06,2.12,2.04,1.92,1.85,1.71,1.6,1.59,1.57,1.26,1.24
KAZ,1955,2.25,4.4,4.02,2.13,2.01,1.92,1.82,1.71,1.6,1.58,1.38,1.38
KAZ,1960,2.73,6.54,4.37,4.04,2.11,2.02,1.9,1.83,1.71,1.6,1.43,1.43
KAZ,1965,3.5,6.75,6.54,4.4,4.01,2.12,2.0,1.91,1.83,1.71,1.5,1.5
KAZ,1970,3.47,9.82,6.75,6.57,4.38,4.04,2.1,2.02,1.91,1.84,1.58,1.57
KAZ,1975,5.55,9.91,9.87,6.78,6.55,4.4,4.01,2.12,2.02,1.92,1.84,1.82
KAZ,1980,6.39,10.79,9.97,9.89,6.77,6.58,4.38,4.04,2.12,2.03,1.93,1.93
KAZ,1985,6.48,10.83,10.86,9.99,9.91,6.81,6.56,4.41,4.05,2.14,2.03,2.03
KAZ,1990,6.56,10.64,10.89,10.88,10.01,9.92,6.78,6.59,4.42,4.07,2.13,2.12
KAZ,1995,8.09,11.46,11.06,11.2,11.19,10.61,10.5,8.12,7.36,5.12,4.72,3.7
KAZ,2000,10.35,11.36,11.53,11.55,11.59,11.57,11.32,11.23,9.72,8.3,5.96,5.74
KAZ,2005,10.3,11.53,12.06,11.83,11.93,11.92,11.79,11.79,11.36,11.36,8.82,8.82
KAZ,2010,10.18,11.63,11.62,12.06,11.87,11.92,11.91,11.79,11.77,11.37,11.36,8.99
KEN,1950,1.25,0.9,0.63,0.63,0.33,0.32,0.32,0.32,0.32,0.31,0.29,0.29
KEN,1955,1.32,0.87,0.9,0.63,0.63,0.33,0.32,0.32,0.32,0.32,0.31,0.31
KEN,1960,1.58,1.25,0.87,0.9,0.63,0.63,0.33,0.32,0.32,0.32,0.32,0.32
KEN,1965,1.95,1.3,1.08,0.86,0.73,0.58,0.49,0.32,0.25,0.25,0.25,0.25
KEN,1970,2.82,2.34,1.3,0.86,0.86,0.52,0.52,0.31,0.31,0.16,0.16,0.16
KEN,1975,3.16,2.67,2.25,1.22,0.97,0.8,0.6,0.44,0.32,0.32,0.23,0.24
KEN,1980,4.35,3.66,2.53,2.3,1.2,1.12,0.76,0.72,0.37,0.34,0.33,0.33
KEN,1985,5.46,4.69,3.66,2.45,2.24,1.16,1.09,0.76,0.69,0.36,0.33,0.34
KEN,1990,5.79,6.25,4.66,3.7,2.42,2.2,1.12,1.06,0.78,0.7,0.36,0.34
KEN,1995,5.46,6.54,6.26,4.62,3.79,2.37,2.16,1.09,1.03,0.8,0.75,0.55
KEN,2000,5.49,6.43,6.58,6.22,4.61,3.91,2.34,2.13,1.05,0.99,0.82,0.78
KEN,2005,5.97,7.39,6.54,6.55,6.19,4.6,4.06,2.31,2.1,1.01,0.94,0.88
KEN,2010,4.63,7.38,7.21,6.84,6.7,6.7,4.45,4.45,1.8,1.8,0.77,0.77
KGZ,1950,4.38,4.86,3.81,3.63,3.49,3.36,3.16,2.98,2.92,2.68,2.17,2.17
KGZ,1955,5.18,4.98,4.88,3.82,3.64,3.5,3.35,3.17,2.95,2.93,2.26,2.26
KGZ,1960,4.15,6.59,5.0,4.9,3.84,3.65,3.49,3.36,3.13,2.96,2.36,2.36
KGZ,1965,5.22,7.57,6.63,5.01,4.9,3.84,3.63,3.5,3.31,3.13,2.81,2.81
KGZ,1970,5.19,9.94,7.61,6.63,5.01,4.91,3.81,3.63,3.44,3.32,2.91,2.91
KGZ,1975,7.16,10.02,10.01,7.61,6.64,5.01,4.87,3.81,3.58,3.44,3.01,3.01
KGZ,1980,7.27,10.65,10.09,10.02,7.63,6.64,5.01,4.91,3.78,3.6,3.16,3.15
KGZ,1985,7.29,10.66,10.72,10.11,10.05,7.64,6.65,5.01,4.84,3.78,3.55,3.55
KGZ,1990,7.33,10.67,10.72,10.73,10.14,10.05,7.64,6.65,5.01,4.91,3.73,3.73
KGZ,1995,7.06,10.67,10.72,10.73,10.75,10.14,10.05,7.64,6.64,5.01,4.81,3.83
KGZ,2000,6.6,10.17,10.69,10.69,10.71,10.71,10.13,10.05,7.63,6.65,5.01,4.96
KGZ,2005,7.49,11.54,10.77,11.05,11.07,11.07,11.06,10.55,10.49,8.12,7.5,5.65
KGZ,2010,8.65,11.5,11.64,11.44,11.47,11.47,11.45,11.45,11.04,11.04,8.7,8.7
KHM,1950,0.07,0.34,0.3,0.02,0.01,0.01,0.01,0.01,0.01,0.01,0.01,0.01
KHM,1955,0.12,0.45,0.34,0.3,0.02,0.01,0.01,0.01,0.01,0.01,0.01,0.01
KHM,1960,1.76,0.67,0.45,0.35,0.3,0.02,0.01,0.01,0.01,0.01,0.01,0.01
KHM,1965,1.93,1.1,0.67,0.45,0.35,0.3,0.02,0.01,0.01,0.01,0.01,0.01
KHM,1970,2.14,1.87,1.1,0.67,0.45,0.35,0.3,0.02,0.01,0.01,0.01,0.01
KHM,1975,2.34,2.48,1.87,1.1,0.67,0.45,0.34,0.3,0.02,0.02,0.01,0.01
KHM,1980,2.49,2.67,2.48,1.87,1.1,0.67,0.45,0.35,0.31,0.02,0.02,0.01
KHM,1985,2.73,2.4,2.67,2.48,1.87,1.1,0.67,0.45,0.36,0.31,0.3,0.3
KHM,1990,3.22,2.93,2.4,2.67,2.48,1.87,1.1,0.67,0.45,0.35,0.3,0.3
KHM,1995,3.38,3.36,2.93,2.4,2.67,2.48,1.87,1.1,0.67,0.45,0.34,0.3
KHM,2000,3.71,3.34,3.37,2.93,2.4,2.67,2.48,1.87,1.1,0.67,0.45,0.34
KHM,2005,4.62,4.47,3.61,3.43,3.19,2.48,2.63,2.49,2.16,1.19,0.91,0.42
KHM,2010,5.66,5.76,4.48,3.92,3.51,3.51,2.58,2.58,2.51,2.51,1.23,1.23
KOR,1950,5.21,4.66,4.67,2.91,2.91,2.85,2.85,2.74,2.74,1.1,1.09,1.09
KOR,1955,5.39,5.46,4.67,4.67,2.91,2.91,2.85,2.85,2.74,2.74,1.09,1.09
KOR,1960,5.43,4.89,4.22,2.76,2.76,1.31,1.31,0.59,0.59,0.13,0.13,0.13
KOR,1965,7.11,6.9,5.36,5.36,3.18,3.18,1.58,1.58,0.7,0.7,0.2,0.2
KOR,1970,7.89,7.98,6.7,6.47,4.42,4.42,2.36,2.36,1.37,0.54,0.54,0.54
KOR,1975,8.65,8.72,7.94,7.85,5.73,5.71,3.48,3.46,1.26,1.26,1.25,1.25
KOR,1980,10.01,9.83,9.01,9.0,7.04,6.76,4.57,4.56,1.59,1.59,1.59,1.59
KOR,1985,10.96,11.32,10.22,10.02,8.28,8.2,5.6,5.58,2.1,2.09,2.09,2.09
KOR,1990,11.58,12.32,11.8,10.83,9.92,8.96,7.7,6.13,4.81,2.19,2.18,2.18
KOR,1995,11.62,12.91,12.83,12.06,10.99,10.0,8.88,7.51,5.88,4.53,3.22,2.09
KOR,2000,12.15,13.56,13.56,13.02,12.19,11.03,9.91,8.72,7.15,5.42,4.12,2.87
KOR,2005,11.77,13.45,14.31,13.72,13.15,12.26,11.05,9.87,8.6,6.91,5.13,3.83
KOR,2010,12.47,14.16,14.87,14.55,13.87,13.21,12.24,10.94,9.73,8.4,6.72,5.03
KWT,1950,0.62,1.68,0.71,0.72,0.27,0.27,0.1,0.09,0.09,0.09,0.07,0.07
KWT,1955,0.84,1.68,1.68,0.71,0.72,0.27,0.27,0.1,0.09,0.09,0.09,0.09
KWT,1960,1.57,3.09,1.69,1.68,0.71,0.72,0.27,0.27,0.09,0.09,0.09,0.09
KWT,1965,2.71,3.08,3.1,1.69,1.68,0.71,0.72,0.27,0.27,0.09,0.09,0.09
KWT,1970,3.85,3.81,3.09,3.11,1.69,1.68,0.71,0.72,0.27,0.27,0.09,0.09
KWT,1975,4.33,4.33,3.74,3.73,1.98,1.98,0.79,0.79,0.32,0.08,0.08,0.08
KWT,1980,5.28,5.96,5.51,5.52,3.2,3.19,1.45,1.45,0.68,0.2,0.2,0.2
KWT,1985,6.51,6.35,6.2,6.2,5.43,5.42,3.7,3.7,2.18,2.18,2.35,2.35
KWT,1990,7.56,6.37,6.37,6.03,6.0,5.22,4.51,3.0,2.54,1.4,1.39,1.58
KWT,1995,7.52,7.14,6.4,6.03,5.83,5.73,4.98,3.42,2.15,1.16,0.46,0.46
KWT,2000,6.46,6.9,7.0,6.51,6.33,6.26,6.2,4.99,4.13,1.91,1.34,0.98
KWT,2005,6.16,7.52,6.93,6.84,6.64,6.64,6.76,6.76,4.99,4.99,1.62,1.62
KWT,2010,5.8,7.91,7.43,7.15,6.9,6.9,6.96,6.96,5.64,5.64,1.98,1.98
LAO,1950,2.34,0.36,0.21,0.16,0.15,0.15,0.14,0.13,0.13,0.12,0.1,0.1
LAO,1955,2.57,0.45,0.35,0.21,0.16,0.15,0.14,0.14,0.13,0.13,0.11,0.11
LAO,1960,2.74,0.72,0.44,0.35,0.21,0.16,0.15,0.15,0.14,0.13,0.13,0.13
LAO,1965,2.9,0.97,0.71,0.44,0.35,0.21,0.16,0.15,0.15,0.14,0.13,0.13
LAO,1970,3.1,1.58,0.95,0.72,0.44,0.35,0.21,0.16,0.15,0.15,0.13,0.13
LAO,1975,3.33,2.18,1.56,0.97,0.71,0.44,0.35,0.21,0.16,0.15,0.13,0.13
LAO,1980,3.59,2.97,2.16,1.59,0.96,0.72,0.44,0.35,0.21,0.16,0.16,0.16
LAO,1985,3.88,3.93,2.94,2.2,1.57,0.97,0.71,0.45,0.36,0.22,0.16,0.16
LAO,1990,3.63,4.4,3.9,2.99,2.16,1.59,0.96,0.72,0.45,0.36,0.22,0.16
LAO,1995,3.88,4.14,4.36,3.93,2.93,2.18,1.56,0.97,0.72,0.45,0.36,0.22
LAO,2000,4.25,4.51,4.1,4.39,3.87,2.96,2.14,1.57,0.97,0.72,0.45,0.37
LAO,2005,4.9,5.1,4.49,4.12,4.35,3.9,2.91,2.16,1.58,0.97,0.72,0.46
LAO,2010,5.57,6.08,5.14,4.57,4.14,4.45,3.92,3.01,2.22,1.63,1.0,0.76
LBR,1950,0.34,0.27,0.27,0.27,0.27,0.27,0.27,0.27,0.27,0.25,0.24,0.24
LBR,1955,0.44,0.27,0.27,0.27,0.27,0.27,0.27,0.27,0.27,0.27,0.25,0.25
LBR,1960,0.56,0.39,0.27,0.27,0.27,0.27,0.27,0.27,0.27,0.27,0.27,0.27
LBR,1965,0.81,0.52,0.42,0.33,0.33,0.33,0.33,0.33,0.33,0.32,0.31,0.32
LBR,1970,1.1,0.53,0.51,0.46,0.42,0.42,0.42,0.42,0.42,0.42,0.39,0.4
LBR,1975,1.56,1.15,0.53,0.53,0.53,0.53,0.53,0.53,0.53,0.53,0.53,0.53
LBR,1980,2.11,1.61,1.17,0.55,0.54,0.53,0.52,0.53,0.53,0.53,0.53,0.58
LBR,1985,2.49,2.16,1.64,1.18,0.57,0.55,0.53,0.52,0.54,0.54,0.54,0.58
LBR,1990,2.54,2.57,2.19,1.65,1.19,0.6,0.56,0.53,0.5,0.54,0.54,0.58
LBR,1995,1.71,2.72,2.61,2.18,1.65,1.19,0.63,0.57,0.53,0.49,0.48,0.5
LBR,2000,2.1,2.96,2.77,2.6,2.15,1.66,1.2,0.67,0.59,0.53,0.47,0.49
LBR,2005,2.74,3.51,3.03,2.79,2.59,2.13,1.66,1.2,0.71,0.6,0.52,0.47
LBR,2010,3.75,4.08,3.62,3.23,2.82,2.58,2.09,1.67,1.21,0.77,0.62,0.55
LBY,1950,0.01,0.04,0.04,0.04,0.04,0.04,0.04,0.02,0.02,0.02,0.02,0.02
LBY,1955,0.05,0.1,0.04,0.04,0.04,0.04,0.04,0.04,0.02,0.02,0.02,0.02
LBY,1960,0.18,0.1,0.1,0.04,0.04,0.04,0.04,0.04,0.04,0.02,0.02,0.02
LBY,1965,0.49,0.49,0.1,0.1,0.03,0.03,0.03,0.03,0.03,0.03,0.01,0.01
LBY,1970,1.11,0.53,0.5,0.13,0.13,0.05,0.05,0.04,0.04,0.03,0.03,0.02
LBY,1975,2.33,1.41,0.52,0.52,0.14,0.14,0.06,0.06,0.03,0.03,0.01,0.01
LBY,1980,5.08,3.71,2.49,1.03,1.03,0.33,0.33,0.11,0.09,0.05,0.05,0.04
LBY,1985,7.02,5.33,3.84,3.84,1.66,1.66,0.54,0.54,0.17,0.12,0.07,0.07
LBY,1990,7.74,7.33,5.34,3.85,3.86,1.66,1.66,0.54,0.54,0.17,0.12,0.07
LBY,1995,8.35,8.41,7.35,5.34,3.86,3.86,1.66,1.66,0.54,0.54,0.17,0.12
LBY,2000,9.82,10.81,8.43,7.35,5.34,3.86,3.85,1.66,1.66,0.54,0.54,0.18
LBY,2005,10.52,12.32,10.96,8.43,7.35,5.34,3.85,3.86,1.66,1.66,0.54,0.58
LBY,2010,10.91,13.1,12.55,10.96,8.43,7.35,5.34,3.86,3.85,1.66,1.66,0.58
LKA,1950,4.62,2.97,2.95,2.38,2.39,1.89,1.88,1.27,1.22,1.18,1.14,1.14
LKA,1955,4.75,3.8,2.97,2.95,2.4,2.4,1.89,1.89,1.27,1.23,1.18,1.18
LKA,1960,5.0,3.85,3.79,2.97,2.95,2.39,2.39,1.89,1.89,1.27,1.22,1.22
LKA,1965,5.63,4.8,3.85,3.79,2.97,2.95,2.39,2.39,1.89,1.89,1.26,1.26
LKA,1970,8.82,7.51,6.26,6.25,4.47,4.47,3.56,3.56,3.07,2.28,2.25,2.24
LKA,1975,8.81,8.04,7.31,6.02,6.01,4.42,4.42,3.65,3.61,3.06,2.52,2.57
LKA,1980,8.68,8.5,8.13,6.99,5.65,5.64,4.28,4.28,3.7,3.71,2.92,2.92
LKA,1985,8.64,9.69,8.87,8.42,7.3,5.97,5.97,4.57,4.53,3.9,3.86,3.35
LKA,1990,10.56,10.49,9.73,9.3,8.75,7.65,6.33,6.33,4.88,4.8,4.11,4.15
LKA,1995,11.26,12.2,10.55,10.04,9.81,9.13,8.07,6.75,6.75,5.24,5.12,4.5
LKA,2000,12.22,12.6,12.29,11.02,10.43,10.43,9.58,8.57,7.25,7.25,5.69,5.69
LKA,2005,11.96,12.71,12.31,11.66,10.75,10.06,10.05,9.26,8.21,6.65,6.57,5.81
LKA,2010,11.07,12.19,12.3,11.76,10.85,10.32,9.56,9.57,8.84,7.75,5.93,5.93
LSO,1950,3.87,3.67,3.67,2.83,2.83,2.14,2.14,1.07,1.04,1.04,1.03,1.03
LSO,1955,4.03,4.07,3.67,3.66,2.83,2.83,2.14,2.14,1.07,1.07,1.06,1.06
LSO,1960,4.1,4.07,4.07,3.66,3.66,2.83,2.83,2.14,2.14,1.07,1.06,1.05
LSO,1965,4.49,4.53,4.07,4.07,3.66,3.66,2.82,2.82,2.14,2.14,1.07,1.06
LSO,1970,4.85,4.93,4.72,4.1,4.1,3.69,3.69,2.84,2.84,1.94,1.94,1.35
LSO,1975,5.52,5.65,4.93,4.93,4.13,4.13,3.7,3.7,2.86,2.86,1.68,1.68
LSO,1980,5.99,6.6,5.55,4.88,4.78,4.04,3.96,3.62,3.57,2.79,2.79,1.65
LSO,1985,5.5,7.44,6.66,5.57,4.88,4.73,3.98,3.86,3.52,3.51,2.76,2.77
LSO,1990,6.2,7.35,7.46,6.69,5.65,4.91,4.74,3.93,3.8,3.57,3.54,3.07
LSO,1995,6.97,7.8,7.38,7.78,6.71,5.78,4.96,4.79,3.89,3.75,3.55,3.54
LSO,2000,7.54,8.28,7.81,7.75,8.17,6.71,5.94,5.03,4.85,3.85,3.7,3.6
LSO,2005,8.76,8.83,8.29,8.19,8.19,8.64,6.71,6.15,5.11,4.94,3.8,3.67
LSO,2010,6.24,7.69,7.72,7.46,6.95,6.95,6.36,6.36,4.84,4.84,3.91,3.91
LTU,1950,5.39,5.82,3.1,3.06,2.89,2.79,2.11,2.05,2.61,2.32,1.82,1.8
LTU,1955,5.62,5.79,5.84,3.16,2.93,2.84,2.27,2.18,2.66,2.62,2.27,2.27
LTU,1960,5.89,8.16,5.81,5.85,2.8,2.7,2.37,2.2,2.73,2.65,2.33,2.33
LTU,1965,6.27,8.56,8.21,5.81,5.85,3.06,2.56,2.5,2.87,2.72,2.38,2.38
LTU,1970,6.62,10.39,8.6,8.21,5.82,5.85,2.67,2.57,2.97,2.87,2.44,2.44
LTU,1975,7.09,10.66,10.46,8.61,8.22,5.82,5.85,3.06,3.05,2.97,2.85,2.85
LTU,1980,8.69,10.92,10.74,10.47,8.62,8.22,5.82,5.85,3.14,3.05,2.93,2.93
LTU,1985,10.02,11.47,11.0,10.75,10.5,8.63,8.23,5.82,5.85,3.06,3.0,3.0
LTU,1990,10.34,12.02,11.56,11.02,10.78,10.51,8.63,8.23,5.82,5.86,2.94,2.86
LTU,1995,7.76,12.06,12.24,11.57,11.07,10.9,10.5,9.07,8.19,6.11,5.78,3.34
LTU,2000,7.04,9.7,12.13,12.48,11.62,11.11,11.05,10.5,9.59,8.15,6.47,5.85
LTU,2005,7.22,10.32,11.24,13.29,13.0,12.03,11.35,11.34,10.49,10.47,8.09,8.08
LTU,2010,7.95,12.11,11.88,11.54,13.29,13.28,12.13,11.6,11.07,11.08,9.12,9.12
LUX,1950,4.22,6.95,6.43,6.3,6.09,0.81,0.7,0.61,0.51,0.42,0.32,0.25
LUX,1955,5.26,7.31,6.91,6.46,6.25,6.1,0.8,0.71,0.61,0.51,0.41,0.32
LUX,1960,3.67,8.37,7.29,6.95,6.42,6.27,6.09,0.81,0.71,0.61,0.5,0.41
LUX,1965,4.56,8.41,8.39,7.35,6.95,6.47,6.29,6.17,0.81,0.72,0.6,0.51
LUX,1970,6.06,9.22,8.42,8.43,7.33,6.98,6.48,6.35,6.17,0.82,0.7,0.72
LUX,1975,6.48,9.23,9.25,8.45,8.4,7.34,6.96,6.51,6.33,6.19,5.95,5.93
LUX,1980,6.54,9.8,9.27,9.28,8.43,8.42,7.34,7.01,6.51,6.37,6.09,6.08
LUX,1985,6.69,9.52,9.85,9.3,9.27,8.45,8.42,7.38,7.0,6.54,6.26,6.22
LUX,1990,6.85,10.49,9.57,9.88,9.29,9.29,8.44,8.45,7.37,7.07,6.43,6.43
LUX,1995,6.82,10.78,10.59,9.93,9.89,9.47,9.32,8.57,8.26,7.41,6.92,6.55
LUX,2000,7.36,10.42,10.9,10.61,10.2,9.91,9.6,9.37,8.62,8.12,7.3,7.02
LUX,2005,7.74,12.1,11.4,11.26,11.07,10.33,10.1,9.7,9.49,8.67,8.16,7.7
LUX,2010,8.14,11.21,12.93,12.84,11.83,11.83,10.49,10.35,9.78,9.66,8.59,8.48
LVA,1950,3.06,5.73,3.99,3.87,3.75,3.62,3.41,3.45,3.38,3.36,2.61,2.57
LVA,1955,3.3,5.73,5.74,3.98,3.86,3.75,3.55,3.41,3.36,3.38,2.63,2.63
LVA,1960,4.01,7.42,5.75,5.74,3.98,3.86,3.75,3.62,3.37,3.41,2.74,2.74
LVA,1965,4.22,7.42,7.45,5.74,5.74,3.98,3.86,3.75,3.51,3.37,2.83,2.83
LVA,1970,4.69,8.9,7.45,7.44,5.74,5.74,3.98,3.87,3.75,3.61,2.98,2.98
LVA,1975,4.9,8.93,8.95,7.46,7.45,5.75,5.74,3.99,3.86,3.75,3.64,3.64
LVA,1980,8.26,9.68,9.01,8.98,7.49,7.48,5.77,5.77,4.0,3.87,3.75,3.75
LVA,1985,8.66,10.81,9.77,9.04,9.03,7.52,7.52,5.8,5.78,4.01,3.88,3.88
LVA,1990,8.82,11.14,10.89,9.79,9.08,9.07,7.55,7.55,5.79,5.79,4.01,4.01
LVA,1995,7.35,11.86,11.54,11.04,10.06,9.63,9.53,8.54,8.34,7.01,6.84,5.45
LVA,2000,9.22,9.52,11.91,11.99,11.22,10.37,10.27,10.08,9.68,9.32,8.44,8.25
LVA,2005,9.74,12.52,9.55,11.92,12.01,11.24,10.39,10.31,10.07,9.7,9.31,8.58
LVA,2010,9.63,12.79,12.68,9.56,11.93,12.04,11.25,10.44,10.3,10.1,9.7,9.41
MAC,1950,3.63,3.34,2.87,2.87,2.76,2.76,2.22,2.18,2.11,1.92,1.46,1.45
MAC,1955,3.79,3.34,3.34,2.87,2.87,2.76,2.7,2.22,2.14,2.11,1.97,1.97
MAC,1960,3.95,3.99,3.34,3.34,2.87,2.87,2.76,2.76,2.22,2.18,2.04,2.04
MAC,1965,4.13,3.99,3.99,3.34,3.34,2.87,2.87,2.76,2.7,2.22,2.07,2.07
MAC,1970,4.33,4.82,3.99,3.99,3.34,3.34,2.87,2.87,2.76,2.76,2.15,2.15
MAC,1975,4.74,4.89,4.77,4.09,4.09,3.56,3.55,3.17,3.15,3.03,3.01,2.64
MAC,1980,5.17,4.84,4.9,4.7,4.21,4.21,3.82,3.82,3.53,3.49,3.37,3.4
MAC,1985,5.68,6.45,4.86,4.73,4.63,4.35,4.35,4.14,4.13,3.98,3.9,3.88
MAC,1990,6.16,6.67,6.47,4.52,4.53,4.53,4.53,4.53,4.52,4.52,4.52,4.53
MAC,1995,6.44,8.48,7.12,6.55,5.5,5.02,5.02,4.71,4.71,3.35,3.32,3.39
MAC,2000,6.83,8.6,8.69,7.64,6.69,6.69,5.62,5.62,4.97,4.97,2.04,2.04
MAC,2005,9.32,9.37,9.75,8.96,7.56,7.56,6.21,6.21,5.39,5.39,2.53,2.53
MAC,2010,9.68,11.87,10.53,10.01,9.13,8.2,7.48,6.67,6.03,5.54,5.4,4.19
MAR,1950,0.47,0.19,0.19,0.19,0.21,0.21,0.17,0.16,0.14,0.01,0.01,0.01
MAR,1955,0.61,0.19,0.19,0.19,0.19,0.21,0.21,0.17,0.16,0.14,0.13,0.13
MAR,1960,0.71,0.54,0.19,0.19,0.19,0.19,0.21,0.21,0.17,0.16,0.14,0.14
MAR,1965,1.07,0.54,0.54,0.19,0.19,0.19,0.19,0.21,0.21,0.17,0.15,0.15
MAR,1970,1.11,1.28,0.54,0.54,0.18,0.18,0.18,0.18,0.2,0.2,0.16,0.16
MAR,1975,1.43,1.58,1.28,0.54,0.54,0.19,0.19,0.19,0.19,0.21,0.21,0.18
MAR,1980,2.0,1.99,1.58,1.28,0.54,0.54,0.19,0.19,0.19,0.19,0.21,0.22
MAR,1985,2.71,2.72,2.01,1.6,1.3,0.55,0.55,0.19,0.19,0.19,0.19,0.22
MAR,1990,3.41,3.59,2.74,2.02,1.61,1.3,0.55,0.55,0.19,0.19,0.19,0.21
MAR,1995,3.71,4.3,3.62,2.75,2.02,1.61,1.31,0.55,0.55,0.2,0.19,0.21
MAR,2000,3.96,4.52,4.33,3.62,2.75,2.03,1.62,1.31,0.55,0.55,0.19,0.21
MAR,2005,5.3,4.87,4.55,4.33,3.63,2.75,2.03,1.62,1.31,0.55,0.55,0.21
MAR,2010,6.9,6.5,4.9,4.55,4.34,3.64,2.76,2.04,1.62,1.31,0.55,0.6
MDV,1950,2.4,3.53,3.53,3.42,3.11,2.95,1.83,1.96,2.24,2.13,1.16,1.16
MDV,1955,2.55,3.64,3.53,3.53,3.27,3.1,2.9,1.82,2.03,2.24,1.23,1.23
MDV,1960,2.78,3.67,3.64,3.53,3.53,3.43,3.22,3.05,1.92,2.07,1.36,1.36
MDV,1965,3.01,4.35,3.67,3.64,3.53,3.53,3.4,3.22,3.04,1.92,1.39,1.39
MDV,1970,3.33,4.37,4.35,3.67,3.64,3.53,3.53,3.43,3.24,3.07,2.89,2.89
MDV,1975,3.7,4.75,4.37,4.35,3.67,3.64,3.53,3.53,3.41,3.24,3.05,3.05
MDV,1980,4.17,4.76,4.76,4.37,4.35,3.67,3.64,3.53,3.53,3.43,3.23,3.23
MDV,1985,4.97,5.06,4.76,4.76,4.37,4.35,3.67,3.64,3.52,3.52,3.42,3.42
MDV,1990,5.05,5.08,4.32,4.11,3.95,3.68,3.52,2.95,2.72,2.63,2.61,2.67
MDV,1995,5.77,4.47,4.88,3.44,3.33,3.01,2.87,2.57,2.11,1.68,1.61,1.67
MDV,2000,6.45,6.7,4.22,4.22,2.44,2.44,1.94,1.94,1.5,1.18,0.55,0.56
MDV,2005,7.96,8.71,6.33,3.76,2.94,1.67,1.37,1.09,1.0,0.78,0.61,0.28
MDV,2010,9.3,9.32,8.72,6.33,3.76,2.94,1.67,1.37,1.09,1.0,0.77,0.62
MEX,1950,2.2,1.91,1.92,1.92,1.92,1.92,1.92,1.92,1.92,1.87,1.83,1.83
MEX,1955,2.44,2.75,1.92,1.92,1.92,1.92,1.92,1.92,1.92,1.92,1.87,1.87
MEX,1960,2.75,2.75,2.75,1.92,1.92,1.92,1.92,1.92,1.92,1.92,1.92,1.92
MEX,1965,3.41,3.23,2.96,2.78,2.0,2.0,2.01,2.01,1.98,1.97,1.94,1.98
MEX,1970,4.19,4.51,3.28,3.11,2.79,2.08,2.08,2.08,2.07,2.04,2.0,2.02
MEX,1975,4.97,4.75,4.58,3.32,3.24,2.78,2.14,2.14,2.14,2.14,2.08,2.09
MEX,1980,6.34,5.86,4.81,4.73,3.35,3.34,2.78,2.19,2.19,2.19,2.19,2.19
MEX,1985,7.3,6.89,6.45,5.06,5.02,3.61,3.6,2.99,2.53,2.28,2.24,2.28
MEX,1990,8.02,7.97,6.92,6.92,5.27,5.26,3.82,3.81,3.16,2.81,2.35,2.36
MEX,1995,8.25,8.57,8.37,7.13,7.13,5.45,5.45,4.05,3.72,3.0,2.78,2.61
MEX,2000,8.72,8.98,8.66,8.66,7.31,7.31,5.6,5.61,4.25,3.64,2.85,2.85
MEX,2005,9.79,10.15,9.53,9.03,8.54,8.54,7.08,7.07,5.27,5.27,3.73,3.72
MEX,2010,9.81,10.6,10.18,9.51,9.06,9.06,7.75,7.75,5.91,5.97,4.15,4.15
MLI,1950,0.31,0.04,0.04,0.03,0.02,0.02,0.02,0.02,0.01,0.01,0.01,0.01
MLI,1955,0.32,0.07,0.04,0.04,0.03,0.02,0.02,0.02,0.02,0.01,0.01,0.01
MLI,1960,0.35,0.07,0.07,0.04,0.04,0.03,0.02,0.02,0.02,0.02,0.02,0.02
MLI,1965,0.41,0.17,0.07,0.07,0.04,0.04,0.03,0.02,0.02,0.02,0.02,0.02
MLI,1970,0.43,0.17,0.17,0.07,0.07,0.04,0.04,0.03,0.02,0.02,0.02,0.02
MLI,1975,0.52,0.51,0.17,0.17,0.07,0.07,0.03,0.03,0.02,0.01,0.01,0.01
MLI,1980,0.83,0.61,0.51,0.17,0.17,0.07,0.07,0.04,0.04,0.03,0.02,0.02
MLI,1985,0.9,0.96,0.61,0.51,0.17,0.17,0.07,0.07,0.04,0.04,0.03,0.02
MLI,1990,0.92,1.0,0.96,0.61,0.51,0.17,0.17,0.07,0.07,0.04,0.04,0.03
MLI,1995,1.02,1.03,1.0,0.96,0.61,0.51,0.17,0.17,0.07,0.07,0.04,0.04
MLI,2000,1.42,1.17,1.03,1.0,0.96,0.61,0.51,0.17,0.17,0.07,0.07,0.04
MLI,2005,2.78,1.8,1.18,1.03,1.0,0.96,0.61,0.51,0.17,0.17,0.07,0.08
MLI,2010,3.44,2.65,1.97,1.55,1.74,1.72,1.66,1.62,1.31,1.3,0.97,0.95
MLT,1950,3.22,3.35,3.36,3.41,2.69,2.68,2.32,2.35,1.8,1.8,1.79,1.78
MLT,1955,3.86,4.68,3.59,3.59,3.58,3.07,2.84,2.58,2.44,2.01,1.99,2.05
MLT,1960,4.5,5.29,4.68,3.87,3.85,3.81,3.49,3.04,2.91,2.54,2.26,2.3
MLT,1965,4.99,5.11,5.29,5.28,4.21,4.22,4.04,4.04,3.31,3.31,2.64,2.64
MLT,1970,6.89,6.21,5.64,5.85,5.73,4.74,4.65,4.44,4.54,3.72,3.65,3.0
MLT,1975,8.46,8.14,6.43,5.88,6.07,5.81,4.88,4.85,4.57,4.78,3.88,3.97
MLT,1980,8.85,9.65,8.18,6.53,6.0,6.14,5.71,4.85,4.77,4.46,4.46,3.98
MLT,1985,9.78,11.86,9.66,8.43,7.51,6.92,6.14,5.5,4.71,4.63,4.27,4.43
MLT,1990,10.57,12.74,11.87,9.66,8.52,7.83,7.22,6.11,5.2,4.51,4.44,4.23
MLT,1995,12.46,12.82,12.75,12.43,9.67,8.62,8.21,7.57,6.05,4.83,4.25,4.31
MLT,2000,10.78,13.1,12.51,12.22,12.03,9.35,8.77,8.01,7.67,5.96,5.24,5.99
MLT,2005,10.13,12.34,12.45,12.11,11.46,11.46,8.9,8.87,7.8,7.8,5.89,5.89
MLT,2010,10.37,13.12,13.25,12.52,12.19,12.2,10.86,8.98,7.91,8.28,7.44,6.78
MMR,1950,0.91,1.08,1.06,0.74,0.72,0.72,0.71,0.4,0.4,0.4,0.38,0.38
MMR,1955,1.04,1.04,1.06,1.06,0.73,0.72,0.71,0.71,0.4,0.4,0.39,0.39
MMR,1960,1.23,0.98,0.96,0.99,0.98,0.68,0.67,0.64,0.63,0.37,0.37,0.38
MMR,1965,1.56,1.39,0.97,0.88,0.89,0.89,0.61,0.61,0.54,0.53,0.34,0.35
MMR,1970,2.09,1.37,1.37,0.83,0.77,0.79,0.77,0.54,0.53,0.42,0.41,0.31
MMR,1975,2.49,1.93,1.34,1.33,0.64,0.64,0.63,0.63,0.43,0.43,0.26,0.26
MMR,1980,3.29,2.96,2.35,1.63,1.6,0.86,0.84,0.77,0.77,0.58,0.56,0.48
MMR,1985,3.6,3.54,2.94,2.9,1.93,1.93,1.08,1.08,0.93,0.92,0.74,0.74
MMR,1990,4.18,3.75,3.53,2.97,2.88,1.95,1.91,1.09,1.08,0.89,0.86,0.73
MMR,1995,4.69,4.99,3.71,3.55,2.94,2.9,1.93,1.93,1.09,1.08,0.89,0.9
MMR,2000,5.43,5.71,4.92,3.73,3.51,2.96,2.87,1.94,1.93,1.09,1.08,0.92
MMR,2005,5.9,6.79,5.65,4.96,3.69,3.53,2.93,2.89,1.94,1.93,1.09,1.08
MMR,2010,7.18,7.41,6.85,5.81,4.99,3.78,3.55,3.0,2.93,1.98,1.96,1.17
MNG,1950,4.21,2.11,1.33,1.29,0.15,0.14,0.13,0.12,0.12,0.12,0.1,0.1
MNG,1955,4.52,2.12,2.08,1.33,1.27,0.15,0.14,0.13,0.12,0.12,0.14,0.14
MNG,1960,4.93,3.55,2.09,2.09,1.32,1.28,0.14,0.14,0.13,0.12,0.14,0.14
MNG,1965,5.32,4.82,3.51,2.11,2.08,1.33,1.27,0.14,0.14,0.13,0.15,0.15
MNG,1970,5.83,7.02,4.8,3.54,2.09,2.09,1.32,1.27,0.15,0.14,0.15,0.15
MNG,1975,6.12,7.98,7.15,5.27,3.84,3.12,3.04,2.59,2.49,2.09,2.01,2.04
MNG,1980,6.38,8.66,7.97,7.3,5.48,4.04,3.36,3.31,2.83,2.73,2.34,2.37
MNG,1985,6.77,9.03,8.64,8.07,7.44,5.81,4.23,3.78,3.7,3.19,3.07,2.88
MNG,1990,7.28,9.27,9.02,8.65,8.16,7.66,6.21,4.57,4.42,4.29,3.75,3.75
MNG,1995,7.22,9.56,9.39,9.01,8.79,8.0,7.69,5.81,4.89,3.64,3.51,3.29
MNG,2000,6.9,8.92,9.55,9.54,8.97,8.97,7.78,7.77,5.29,5.28,2.67,2.67
MNG,2005,7.57,10.43,9.5,9.91,9.77,9.32,9.09,8.14,7.92,5.94,5.21,3.19
MNG,2010,8.29,10.46,10.49,10.21,10.34,10.06,9.76,9.27,8.62,8.14,6.79,5.38
MOZ,1950,0.71,0.39,0.26,0.26,0.26,0.25,0.25,0.03,0.03,0.02,0.02,0.01
MOZ,1955,0.77,0.39,0.38,0.26,0.26,0.26,0.25,0.25,0.03,0.03,0.02,0.02
MOZ,1960,0.87,0.39,0.38,0.38,0.26,0.26,0.25,0.25,0.25,0.03,0.03,0.02
MOZ,1965,1.01,0.4,0.39,0.39,0.37,0.26,0.25,0.25,0.25,0.25,0.24,0.24
MOZ,1970,1.18,0.18,0.39,0.39,0.38,0.38,0.26,0.26,0.26,0.25,0.25,0.25
MOZ,1975,1.11,0.18,0.18,0.4,0.39,0.39,0.37,0.26,0.26,0.26,0.25,0.25
MOZ,1980,1.39,0.71,0.17,0.17,0.39,0.39,0.38,0.37,0.26,0.26,0.25,0.25
MOZ,1985,1.75,0.83,0.62,0.24,0.17,0.34,0.31,0.3,0.29,0.21,0.21,0.21
MOZ,1990,1.26,0.74,0.81,0.53,0.3,0.17,0.25,0.22,0.21,0.19,0.14,0.14
MOZ,1995,0.94,0.92,0.72,0.72,0.39,0.39,0.16,0.16,0.1,0.08,0.05,0.05
MOZ,2000,0.74,1.24,0.91,0.73,0.7,0.39,0.38,0.16,0.16,0.09,0.08,0.06
MOZ,2005,1.1,1.12,1.21,0.92,0.72,0.71,0.39,0.38,0.16,0.16,0.09,0.08
MOZ,2010,3.31,1.7,1.13,1.28,0.93,0.75,0.72,0.4,0.39,0.17,0.17,0.1
MRT,1950,1.76,1.31,1.17,1.17,1.13,0.68,0.63,0.6,0.59,0.58,0.49,0.49
MRT,1955,1.85,1.32,1.28,1.18,1.14,1.14,0.66,0.63,0.59,0.59,0.51,0.51
MRT,1960,1.96,1.3,1.29,1.29,1.15,1.15,1.12,0.67,0.63,0.59,0.52,0.52
MRT,1965,2.09,1.32,1.27,1.31,1.26,1.17,1.13,1.13,0.67,0.63,0.52,0.52
MRT,1970,2.24,1.42,1.3,1.29,1.28,1.28,1.15,1.15,1.13,0.67,0.53,0.53
MRT,1975,2.41,1.44,1.39,1.32,1.27,1.31,1.26,1.17,1.15,1.14,1.13,1.13
MRT,1980,2.99,1.92,1.42,1.42,1.3,1.3,1.29,1.28,1.18,1.16,1.15,1.15
MRT,1985,3.26,2.25,1.9,1.45,1.39,1.32,1.28,1.31,1.29,1.19,1.17,1.17
MRT,1990,3.0,3.12,2.21,1.93,1.42,1.42,1.3,1.29,1.32,1.3,1.18,1.18
MRT,1995,3.19,2.87,3.06,2.24,1.89,1.44,1.39,1.31,1.3,1.32,1.3,1.21
MRT,2000,3.82,3.07,2.82,3.09,2.18,1.91,1.41,1.4,1.31,1.3,1.32,1.32
MRT,2005,5.35,3.8,3.01,2.85,3.03,2.21,1.87,1.42,1.41,1.32,1.3,1.34
MRT,2010,6.44,5.88,3.83,3.13,2.87,3.15,2.23,1.95,1.48,1.46,1.36,1.37
MUS,1950,2.34,2.0,1.88,1.88,1.87,1.87,1.68,1.68,1.63,1.63,2.02,2.08
MUS,1955,3.32,2.48,2.22,1.94,1.94,1.89,1.9,1.68,1.68,1.77,1.75,2.01
MUS,1960,4.59,3.26,2.48,2.48,2.02,2.02,1.92,1.92,1.68,1.68,1.95,1.95
MUS,1965,5.63,4.02,3.66,2.58,2.58,2.07,2.07,1.92,1.92,1.79,1.77,1.96
MUS,1970,6.27,5.32,4.07,4.06,2.67,2.67,2.11,2.11,1.94,1.96,1.99,2.03
MUS,1975,6.66,5.56,4.8,3.91,3.86,2.87,2.34,1.94,1.94,1.79,1.78,1.83
MUS,1980,7.73,5.81,5.44,4.4,3.87,3.77,3.23,2.07,1.86,1.86,1.76,1.79
MUS,1985,8.13,7.47,5.77,5.66,4.0,3.9,3.74,3.71,1.78,1.81,1.81,1.81
MUS,1990,8.79,8.5,7.3,7.3,4.98,4.98,3.21,3.21,2.11,2.11,1.62,1.62
MUS,1995,8.69,8.28,8.03,7.03,7.03,4.84,4.84,3.13,3.13,2.08,2.05,4.59
MUS,2000,8.6,8.51,7.88,7.35,6.59,6.59,4.61,4.61,3.0,3.0,2.02,2.02
MUS,2005,10.38,10.29,9.17,8.54,7.97,7.33,6.88,5.17,4.71,3.09,3.04,2.49
MUS,2010,12.06,11.64,10.68,9.98,9.39,8.8,8.33,7.24,5.9,4.84,3.21,3.21
MWI,1950,1.25,0.56,0.56,0.48,0.48,0.47,0.47,0.38,0.38,0.38,0.38,0.38
MWI,1955,1.29,0.7,0.56,0.56,0.48,0.48,0.47,0.47,0.38,0.38,0.38,0.38
MWI,1960,1.29,0.7,0.7,0.56,0.56,0.48,0.48,0.47,0.47,0.38,0.38,0.38
MWI,1965,1.43,1.09,0.69,0.69,0.55,0.55,0.46,0.46,0.46,0.46,0.37,0.37
MWI,1970,1.83,1.3,1.16,0.77,0.77,0.61,0.61,0.49,0.49,0.49,0.49,0.44
MWI,1975,2.56,1.55,1.26,1.26,0.85,0.85,0.67,0.67,0.51,0.51,0.51,0.51
MWI,1980,3.24,2.68,1.86,1.45,1.45,0.94,0.94,0.65,0.65,0.54,0.54,0.54
MWI,1985,3.88,3.7,2.9,1.89,1.38,1.38,0.84,0.84,0.46,0.46,0.46,0.46
MWI,1990,3.65,3.73,3.05,2.58,1.57,1.26,1.12,0.79,0.71,0.49,0.45,0.45
MWI,1995,3.18,3.53,3.29,2.73,2.5,1.41,1.25,0.98,0.82,0.66,0.54,0.46
MWI,2000,4.03,3.8,3.35,2.99,2.56,2.56,1.31,1.31,0.89,0.89,0.63,0.63
MWI,2005,5.66,6.67,3.81,3.35,2.99,2.56,2.56,1.31,1.31,0.89,0.89,0.64
MWI,2010,4.99,6.8,6.67,3.81,3.35,2.99,2.56,2.56,1.31,1.31,0.89,0.9
MYS,1950,1.47,1.53,0.63,0.64,0.64,0.64,0.61,0.61,0.12,0.12,0.11,0.11
MYS,1955,2.12,1.56,1.53,0.63,0.64,0.64,0.61,0.61,0.59,0.12,0.12,0.12
MYS,1960,2.84,2.87,1.56,1.53,0.64,0.64,0.63,0.64,0.61,0.61,0.13,0.13
MYS,1965,4.15,3.53,2.87,1.56,1.52,0.71,0.71,0.71,0.61,0.61,0.61,0.13
MYS,1970,5.71,5.16,3.54,2.88,1.56,1.51,0.81,0.8,0.79,0.63,0.63,0.66
MYS,1975,6.54,6.15,5.18,3.58,2.88,1.55,1.49,0.92,0.91,0.9,0.89,0.91
MYS,1980,7.83,7.87,6.19,5.32,3.62,2.89,1.55,1.47,1.06,1.04,1.02,1.03
MYS,1985,8.92,8.66,7.99,6.31,5.5,3.69,2.91,1.54,1.44,1.24,1.21,1.22
MYS,1990,10.21,10.32,8.84,8.52,6.45,5.73,3.77,2.93,1.54,1.41,1.45,1.45
MYS,1995,10.52,10.62,10.21,8.71,8.53,6.31,5.91,3.59,3.12,1.62,1.52,5.52
MYS,2000,11.54,11.73,10.74,10.06,8.55,8.55,6.14,6.14,3.36,3.36,1.73,1.7
MYS,2005,11.8,12.46,11.77,10.72,10.35,8.61,8.61,6.17,6.17,3.3,3.26,1.6
MYS,2010,12.07,13.1,12.62,11.79,10.7,10.7,8.67,8.67,6.22,6.22,3.23,3.23
NAM,1950,0.91,2.92,2.49,2.47,2.47,2.48,2.15,1.67,1.57,1.23,0.98,0.97
NAM,1955,1.58,3.31,2.93,2.49,2.49,2.48,2.51,2.16,1.68,1.61,1.6,1.6
NAM,1960,2.64,3.4,3.28,2.94,2.58,2.58,2.62,2.62,2.22,1.69,1.68,1.68
NAM,1965,3.96,4.05,3.53,3.38,2.97,2.47,2.44,2.46,2.42,2.13,1.47,1.52
NAM,1970,5.43,4.7,4.03,3.58,3.42,2.97,2.42,2.39,2.37,2.3,1.8,1.48
NAM,1975,6.17,5.6,4.7,4.08,3.65,3.45,2.96,2.35,2.27,2.25,2.21,2.06
NAM,1980,6.71,6.64,5.6,4.82,4.15,3.73,3.49,2.95,2.25,2.18,2.15,2.2
NAM,1985,7.12,7.44,6.65,5.74,4.98,4.24,3.82,3.53,2.93,2.14,2.05,2.06
NAM,1990,7.69,7.44,7.45,6.87,5.91,5.15,4.34,3.94,3.57,2.9,1.99,1.96
NAM,1995,6.99,7.41,7.2,6.83,6.51,5.28,4.86,3.94,3.72,3.12,2.72,1.92
NAM,2000,5.33,7.35,7.42,6.91,6.07,6.07,4.51,4.51,3.46,3.46,2.56,2.56
NAM,2005,5.87,7.64,7.36,7.42,6.91,6.07,6.07,4.51,4.51,3.46,3.46,2.63
NAM,2010,5.88,7.72,7.64,7.36,7.43,6.91,6.07,6.07,4.51,4.51,3.46,3.55
NER,1950,0.06,0.08,0.08,0.07,0.07,0.08,0.07,0.07,0.01,0.01,0.01,0.01
NER,1955,0.06,0.09,0.08,0.08,0.07,0.07,0.08,0.07,0.07,0.01,0.01,0.01
NER,1960,0.07,0.09,0.09,0.08,0.08,0.07,0.07,0.08,0.07,0.07,0.07,0.07
NER,1965,0.08,0.12,0.09,0.09,0.08,0.08,0.07,0.07,0.08,0.07,0.07,0.07
NER,1970,0.25,0.12,0.12,0.09,0.08,0.08,0.08,0.07,0.07,0.08,0.07,0.07
NER,1975,0.39,0.23,0.12,0.12,0.09,0.09,0.08,0.08,0.07,0.07,0.07,0.07
NER,1980,0.59,0.37,0.23,0.12,0.12,0.09,0.09,0.08,0.08,0.07,0.07,0.08
NER,1985,0.84,0.59,0.37,0.23,0.12,0.12,0.09,0.09,0.08,0.08,0.07,0.07
NER,1990,1.08,0.84,0.58,0.37,0.23,0.12,0.12,0.09,0.09,0.08,0.08,0.08
NER,1995,1.15,1.09,0.82,0.59,0.37,0.23,0.12,0.12,0.09,0.09,0.08,0.08
NER,2000,1.16,1.18,1.06,0.83,0.58,0.37,0.23,0.12,0.12,0.09,0.09,0.09
NER,2005,1.57,1.2,1.16,1.08,0.81,0.58,0.36,0.23,0.12,0.12,0.09,0.09
NER,2010,2.4,1.71,1.22,1.2,1.08,0.85,0.59,0.38,0.24,0.12,0.12,0.09
NIC,1950,1.67,1.61,1.41,1.41,1.42,1.42,1.46,1.46,1.49,1.5,1.51,1.51
NIC,1955,1.73,1.72,1.63,1.44,1.44,1.45,1.45,1.46,1.46,1.5,1.5,1.52
NIC,1960,1.82,1.82,1.73,1.64,1.47,1.46,1.42,1.42,1.46,1.46,1.5,1.52
NIC,1965,2.0,2.0,1.82,1.73,1.64,1.47,1.46,1.42,1.42,1.46,1.46,1.51
NIC,1970,2.28,2.19,1.86,1.72,1.65,1.61,1.41,1.41,1.42,1.42,1.46,1.48
NIC,1975,2.79,2.57,2.19,1.86,1.72,1.65,1.61,1.41,1.41,1.42,1.42,1.47
NIC,1980,3.76,3.37,2.57,2.19,1.86,1.72,1.65,1.61,1.41,1.41,1.42,1.44
NIC,1985,4.07,4.38,3.37,2.57,2.19,1.86,1.72,1.65,1.61,1.41,1.41,1.44
NIC,1990,4.62,5.76,5.13,4.19,3.41,2.76,2.34,2.08,1.92,1.73,1.59,1.61
NIC,1995,5.34,6.88,5.76,5.39,4.48,3.7,2.96,2.5,2.21,2.02,1.77,1.69
NIC,2000,6.24,6.95,6.88,6.13,5.68,4.8,4.03,3.19,2.69,2.35,2.13,1.85
NIC,2005,7.27,7.65,6.96,6.88,6.65,6.08,5.25,4.48,3.5,2.95,2.55,2.34
NIC,2010,7.76,8.71,7.66,6.96,6.88,6.65,6.08,5.25,4.48,3.5,2.95,2.63
NLD,1950,6.0,6.39,6.18,6.11,5.98,5.98,5.98,5.98,5.78,5.77,5.61,5.61
NLD,1955,5.91,6.13,6.39,6.17,6.18,6.05,6.2,6.04,6.11,5.84,5.69,5.69
NLD,1960,6.27,6.21,6.12,6.38,6.25,6.25,6.27,6.27,6.11,6.11,5.78,5.78
NLD,1965,7.48,8.9,7.65,7.11,7.31,6.95,7.07,6.75,6.74,6.29,6.18,6.06
NLD,1970,8.77,9.24,8.92,8.87,7.96,8.1,7.65,7.65,7.16,7.16,6.37,6.37
NLD,1975,9.06,10.48,10.03,9.42,9.38,8.23,8.33,7.85,7.71,7.15,7.05,6.34
NLD,1980,9.02,11.22,10.74,10.34,9.65,9.61,8.36,8.44,8.07,7.78,7.09,7.2
NLD,1985,8.69,11.29,11.39,10.76,10.5,9.78,9.74,8.44,8.49,8.17,8.03,7.84
NLD,1990,8.56,11.77,11.43,11.43,10.77,10.61,9.87,9.84,8.5,8.53,8.36,8.39
NLD,1995,8.66,11.93,11.84,11.48,11.28,10.83,10.45,9.95,9.73,8.5,8.63,8.66
NLD,2000,8.75,11.47,12.13,11.97,11.46,11.47,10.75,10.75,9.99,9.97,8.58,8.7
NLD,2005,8.78,11.48,12.19,12.02,11.61,11.52,10.89,10.88,10.01,10.01,9.17,9.16
NLD,2010,9.15,11.92,12.84,12.97,12.26,12.26,11.67,11.66,10.74,10.75,9.67,9.67
NOR,1950,6.98,7.48,7.66,7.65,7.64,7.38,7.4,7.38,7.39,7.4,7.4,7.05
NOR,1955,7.09,7.61,7.48,7.57,7.42,7.41,7.3,7.32,7.25,7.26,7.19,7.21
NOR,1960,7.21,7.77,7.61,7.49,7.53,7.28,7.27,7.25,7.27,7.16,7.17,7.06
NOR,1965,7.36,9.01,8.15,8.07,7.76,7.79,7.49,7.48,7.39,7.39,7.3,7.31
NOR,1970,7.76,9.16,9.1,8.45,8.44,8.0,8.01,7.67,7.65,7.51,7.49,7.48
NOR,1975,8.12,10.06,9.28,8.81,8.7,8.2,8.15,7.82,7.81,7.53,7.53,7.51
NOR,1980,8.19,11.26,10.13,9.69,9.69,8.51,8.5,8.03,8.04,7.62,7.6,7.59
NOR,1985,7.62,12.25,11.88,11.0,10.46,10.06,9.42,8.99,8.56,8.27,8.0,8.01
NOR,1990,7.57,11.03,12.46,12.42,11.77,11.14,10.38,10.2,9.4,9.01,8.42,8.38
NOR,1995,8.23,12.24,11.78,12.63,12.5,12.11,11.16,10.49,10.17,9.35,8.95,8.46
NOR,2000,8.48,11.48,12.56,12.18,12.9,12.61,12.2,11.12,10.76,9.98,9.45,9.06
NOR,2005,9.31,11.14,12.03,12.56,12.08,13.28,12.93,12.98,11.8,11.86,11.17,11.2
NOR,2010,10.17,10.88,11.19,11.44,12.03,12.03,12.86,12.86,12.87,12.0,11.5,11.5
NPL,1950,0.09,0.02,0.01,0.01,0.01,0.01,0.01,0.01,0.01,0.01,0.01,0.01
NPL,1955,0.09,0.02,0.02,0.01,0.01,0.01,0.01,0.01,0.01,0.01,0.01,0.01
NPL,1960,0.09,0.06,0.01,0.01,0.0,0.0,0.0,0.0,0.0,0.0,0.0,0.0
NPL,1965,0.2,0.08,0.07,0.02,0.02,0.02,0.01,0.01,0.01,0.01,0.01,0.01
NPL,1970,0.38,0.2,0.08,0.08,0.02,0.02,0.01,0.01,0.01,0.01,0.01,0.01
NPL,1975,0.52,0.22,0.21,0.08,0.08,0.03,0.03,0.02,0.02,0.02,0.02,0.02
NPL,1980,0.74,0.41,0.22,0.22,0.06,0.06,0.03,0.03,0.02,0.02,0.02,0.02
NPL,1985,1.51,1.47,0.75,0.55,0.42,0.29,0.23,0.16,0.13,0.13,0.13,0.13
NPL,1990,2.29,2.21,1.48,1.16,0.94,0.67,0.55,0.43,0.32,0.24,0.25,0.25
NPL,1995,2.7,2.26,2.17,1.38,1.08,0.83,0.59,0.45,0.34,0.24,0.2,0.21
NPL,2000,3.65,3.48,2.26,2.11,1.27,0.99,0.69,0.5,0.32,0.22,0.15,0.15
NPL,2005,4.81,4.6,3.48,2.26,2.11,1.27,0.99,0.69,0.5,0.32,0.22,0.16
NPL,2010,6.48,6.06,4.6,3.48,2.26,2.11,1.27,0.99,0.69,0.5,0.32,0.23
NZL,1950,9.17,10.65,11.31,9.2,9.15,8.94,8.92,7.81,7.77,7.79,7.64,7.64
NZL,1955,9.55,10.65,10.63,11.32,9.17,9.15,8.93,8.94,7.79,7.78,7.68,7.82
NZL,1960,11.1,10.79,10.64,10.65,11.31,9.18,9.15,8.96,8.93,7.81,7.68,7.87
NZL,1965,8.66,11.94,10.79,10.67,10.65,11.33,9.2,9.2,8.97,8.97,7.75,7.9
NZL,1970,11.79,10.52,12.63,11.77,11.63,10.76,11.33,9.51,9.46,8.66,8.47,8.08
NZL,1975,12.54,13.23,10.55,13.22,12.58,12.45,10.83,11.34,9.73,9.7,8.26,8.26
NZL,1980,11.8,12.68,12.73,10.06,12.31,11.93,11.53,10.48,10.79,9.92,9.39,8.81
NZL,1985,11.96,12.55,12.75,12.37,9.68,11.63,11.43,10.93,10.26,10.54,10.15,10.2
NZL,1990,11.44,12.67,12.58,12.59,12.0,9.34,10.99,11.01,10.31,10.05,10.13,10.35
NZL,1995,12.08,12.67,12.8,12.64,12.61,11.98,9.28,10.91,10.84,10.11,9.79,10.32
NZL,2000,12.36,13.55,12.73,12.9,12.64,12.64,11.93,9.25,10.77,10.71,9.79,9.85
NZL,2005,11.68,13.63,13.51,12.53,12.83,12.55,12.54,11.82,9.03,10.53,10.33,9.67
NZL,2010,10.87,8.83,12.18,12.95,11.72,13.08,12.58,12.59,11.63,8.81,10.09,10.17
PAK,1950,0.66,0.29,0.29,0.29,0.29,0.29,0.29,0.29,0.29,0.28,0.26,0.26
PAK,1955,0.72,0.29,0.29,0.29,0.29,0.29,0.29,0.29,0.29,0.29,0.27,0.28
PAK,1960,0.82,0.65,0.29,0.29,0.29,0.29,0.29,0.29,0.29,0.29,0.29,0.29
PAK,1965,1.06,0.8,0.71,0.35,0.35,0.33,0.3,0.3,0.3,0.29,0.29,0.31
PAK,1970,1.35,1.11,0.82,0.74,0.39,0.39,0.34,0.28,0.28,0.27,0.27,0.28
PAK,1975,1.77,1.15,1.13,0.82,0.77,0.43,0.43,0.35,0.24,0.24,0.22,0.24
PAK,1980,1.83,1.74,1.17,1.17,0.8,0.8,0.47,0.48,0.35,0.19,0.19,0.19
PAK,1985,2.54,1.56,1.68,1.14,1.14,0.7,0.69,0.42,0.42,0.27,0.18,0.18
PAK,1990,3.13,2.49,1.61,1.62,1.12,1.11,0.56,0.56,0.36,0.36,0.17,0.17
PAK,1995,3.63,2.83,2.46,1.88,1.65,1.58,1.08,0.69,0.59,0.44,0.38,0.27
PAK,2000,3.91,3.7,2.83,2.44,2.24,1.72,2.17,1.05,0.87,0.65,0.54,0.42
PAK,2005,4.87,4.92,4.08,3.39,2.82,2.83,2.31,2.31,2.2,2.2,1.43,1.43
PAK,2010,5.82,5.58,4.58,3.83,2.7,2.7,1.88,1.89,1.25,1.25,0.82,0.82
PAN,1950,4.52,4.37,4.19,4.19,3.72,3.72,2.79,2.79,2.4,2.4,1.92,1.92
PAN,1955,4.92,4.93,4.66,4.32,4.32,3.81,3.81,2.87,2.87,2.44,2.42,2.19
PAN,1960,5.64,5.47,4.96,4.96,4.45,4.45,3.91,3.91,2.95,2.95,2.48,2.48
PAN,1965,6.1,6.0,5.54,4.91,4.91,4.37,4.37,3.74,3.73,2.95,2.93,2.55
PAN,1970,6.61,6.85,6.05,5.65,4.91,4.91,4.34,4.34,3.63,3.59,3.01,3.04
PAN,1975,7.24,7.17,7.07,6.03,5.8,4.95,4.95,4.36,4.36,3.53,3.47,3.19
PAN,1980,8.03,8.51,7.33,7.33,6.02,6.02,5.02,5.02,4.4,4.4,3.44,3.44
PAN,1985,8.55,9.29,8.97,7.51,7.51,6.08,6.08,5.18,4.92,4.35,4.29,3.82
PAN,1990,8.64,9.34,9.41,9.41,7.74,7.74,6.16,6.16,5.38,4.84,4.29,4.29
PAN,1995,8.77,10.01,9.78,9.59,9.59,7.99,7.99,6.58,6.18,5.33,4.96,4.73
PAN,2000,9.4,10.22,10.18,10.18,9.8,9.8,8.28,8.28,7.04,6.21,5.25,5.25
PAN,2005,9.3,10.8,10.55,10.24,10.24,9.74,9.74,8.12,8.12,6.7,6.19,5.24
PAN,2010,9.02,10.97,11.03,10.77,10.28,10.28,9.65,9.65,7.91,7.91,6.28,6.28
PER,1950,3.26,2.88,2.22,2.22,1.96,1.96,1.67,1.67,1.07,1.05,1.05,1.05
PER,1955,3.28,2.88,2.89,2.22,2.22,1.95,1.95,1.67,1.67,1.07,1.05,1.06
PER,1960,3.44,3.17,2.9,2.9,2.22,2.22,1.95,1.95,1.67,1.67,1.07,1.08
PER,1965,4.01,3.88,3.51,2.92,2.92,2.31,2.31,1.95,1.95,1.64,1.62,1.3
PER,1970,5.35,4.65,3.91,3.91,2.94,2.94,2.43,2.43,1.96,1.96,1.61,1.61
PER,1975,6.43,6.36,5.19,4.05,4.05,3.17,3.17,2.62,2.62,2.12,2.09,1.92
PER,1980,7.01,7.07,6.44,5.75,4.21,4.21,3.42,3.42,2.84,2.84,2.31,2.31
PER,1985,7.55,8.35,7.01,6.57,5.37,4.38,4.08,3.49,3.35,2.88,2.85,2.52
PER,1990,8.25,8.54,8.44,7.02,6.78,4.97,4.67,3.98,3.65,3.27,2.94,3.0
PER,1995,8.98,8.81,8.7,8.63,7.05,7.07,4.49,5.06,3.89,3.88,3.18,3.18
PER,2000,9.11,10.47,9.44,9.14,8.89,7.83,7.5,5.39,5.51,4.47,4.19,3.65
PER,2005,9.72,10.83,10.62,10.07,9.55,9.08,8.59,7.93,6.35,5.98,5.1,4.69
PER,2010,8.92,10.21,10.1,9.54,8.84,8.84,8.02,8.03,6.25,5.57,4.44,4.44
PHL,1950,2.86,2.96,2.25,2.25,1.79,1.79,1.01,1.01,0.48,0.48,0.2,0.2
PHL,1955,3.93,3.95,3.5,3.45,2.36,2.33,1.95,1.89,1.04,1.04,0.26,0.26
PHL,1960,4.09,4.4,2.72,2.72,2.68,2.68,2.65,2.65,2.59,2.59,2.59,2.59
PHL,1965,4.43,4.82,4.65,3.29,3.29,2.76,2.76,2.53,2.53,2.06,2.04,2.1
PHL,1970,5.94,5.54,4.89,4.89,3.99,3.99,2.85,2.85,2.39,2.39,1.42,1.42
PHL,1975,6.8,7.44,5.64,5.65,3.58,3.59,3.59,3.6,3.6,3.61,3.61,3.59
PHL,1980,7.41,7.87,7.26,6.49,4.11,4.12,4.13,4.13,4.14,4.14,4.15,4.15
PHL,1985,7.8,7.07,7.47,7.13,6.33,4.95,4.97,4.98,4.98,4.99,4.91,5.0
PHL,1990,7.9,8.81,7.03,6.98,6.94,6.12,5.95,5.96,5.97,5.97,5.99,5.99
PHL,1995,8.1,9.04,8.8,7.17,7.11,7.06,6.24,6.07,6.07,6.08,5.99,6.11
PHL,2000,8.42,9.44,9.11,8.8,7.29,7.22,7.17,6.35,6.18,6.18,6.18,6.18
PHL,2005,8.61,9.82,9.37,8.97,8.79,7.65,7.59,7.16,6.3,5.62,5.55,5.35
PHL,2010,9.21,10.0,9.82,9.24,8.81,8.77,8.09,8.04,7.14,6.24,4.95,4.95
PNG,1950,0.96,0.31,0.18,0.18,0.14,0.14,0.1,0.1,0.1,0.09,0.07,0.07
PNG,1955,1.07,0.31,0.31,0.18,0.18,0.14,0.14,0.1,0.1,0.1,0.09,0.09
PNG,1960,1.57,0.65,0.31,0.31,0.18,0.18,0.14,0.14,0.1,0.1,0.1,0.1
PNG,1965,2.18,0.65,0.65,0.31,0.31,0.18,0.18,0.14,0.14,0.1,0.1,0.1
PNG,1970,2.43,1.51,0.65,0.65,0.31,0.31,0.17,0.17,0.13,0.13,0.09,0.09
PNG,1975,2.83,1.55,1.56,0.62,0.62,0.26,0.26,0.17,0.17,0.14,0.14,0.12
PNG,1980,3.28,2.62,1.6,1.49,0.51,0.51,0.16,0.16,0.14,0.14,0.13,0.13
PNG,1985,3.96,2.43,2.62,1.6,1.49,0.52,0.52,0.16,0.16,0.15,0.15,0.14
PNG,1990,4.21,2.93,2.44,2.62,1.6,1.5,0.52,0.52,0.16,0.16,0.15,0.16
PNG,1995,4.26,3.71,2.93,2.44,2.62,1.6,1.5,0.52,0.52,0.16,0.16,0.16
PNG,2000,3.52,4.01,3.71,2.93,2.43,2.62,1.61,1.5,0.52,0.52,0.16,0.17
PNG,2005,4.7,4.8,4.01,3.71,2.93,2.44,2.63,1.61,1.5,0.52,0.52,0.17
PNG,2010,4.32,5.09,4.8,4.01,3.71,2.93,2.44,2.63,1.64,1.54,0.56,0.54
POL,1950,6.05,6.42,5.88,5.88,5.1,5.09,4.42,3.49,3.49,3.44,3.39,3.36
POL,1955,6.28,6.42,6.43,5.88,5.88,5.1,5.09,4.42,3.49,3.49,3.44,3.44
POL,1960,7.04,7.78,6.44,6.44,5.87,5.87,5.09,5.09,4.42,3.49,3.49,3.49
POL,1965,7.45,8.45,8.29,6.79,6.79,6.16,6.16,5.32,5.32,4.37,3.88,3.91
POL,1970,7.37,9.57,8.58,8.59,7.04,7.04,6.36,6.36,5.48,5.49,4.28,4.28
POL,1975,7.46,9.82,9.77,8.6,8.6,7.16,7.17,6.5,6.5,5.39,5.36,4.82
POL,1980,8.61,9.07,9.1,9.15,8.21,8.24,7.12,7.11,6.51,6.51,5.24,5.24
POL,1985,8.48,10.49,9.35,9.21,9.25,8.33,8.37,7.24,7.24,6.35,6.32,5.76
POL,1990,8.41,11.39,11.45,10.45,10.06,10.06,8.83,8.83,7.5,7.5,6.32,6.32
POL,1995,8.54,12.38,11.85,11.73,10.63,10.35,10.17,9.23,8.88,7.78,7.32,6.32
POL,2000,8.38,11.93,12.51,12.24,11.96,10.78,10.58,10.25,9.56,8.92,7.99,7.29
POL,2005,9.17,13.27,12.65,12.59,12.46,11.99,10.91,10.57,10.41,9.49,9.13,7.97
POL,2010,8.17,12.34,13.54,13.24,12.66,12.66,12.01,11.01,10.56,10.56,9.42,9.42
PRT,1950,2.6,2.27,1.98,1.98,1.55,1.46,1.39,1.31,0.84,0.83,0.82,0.82
PRT,1955,2.94,2.27,2.27,1.98,1.98,1.55,1.46,1.31,1.31,0.84,0.83,0.83
PRT,1960,3.53,2.8,2.27,2.27,1.99,1.98,1.55,1.46,1.31,1.3,0.84,0.84
PRT,1965,2.77,2.75,2.78,2.32,2.32,1.92,1.92,1.4,1.4,1.21,1.19,0.96
PRT,1970,4.63,3.88,2.75,2.75,2.36,2.36,1.86,1.86,1.28,1.28,1.06,1.06
PRT,1975,6.41,7.33,4.63,3.24,3.23,2.48,2.48,1.96,1.95,1.34,1.32,1.24
PRT,1980,8.31,8.4,7.36,5.26,3.66,3.66,2.57,2.58,2.03,2.04,1.39,1.39
PRT,1985,7.92,9.05,8.8,7.54,5.43,3.81,3.81,2.81,2.63,2.06,2.03,1.74
PRT,1990,8.44,8.8,9.13,9.11,7.69,5.57,3.95,3.95,3.0,2.68,2.08,2.09
PRT,1995,9.56,9.9,9.05,9.38,9.04,7.89,5.51,4.27,3.72,3.0,2.64,2.16
PRT,2000,10.86,11.3,10.08,9.17,9.59,8.99,8.06,5.45,4.53,3.53,3.0,2.68
PRT,2005,8.62,10.56,10.59,9.32,8.34,9.27,8.06,7.89,4.26,4.06,2.41,2.35
PRT,2010,9.0,10.76,11.31,10.7,8.94,8.94,8.75,8.75,7.03,5.08,3.07,3.07
PRY,1950,3.12,2.99,2.63,2.63,2.14,2.14,1.91,1.91,1.23,1.23,0.92,0.92
PRY,1955,3.46,2.76,2.82,2.63,2.63,2.35,2.38,2.26,2.26,1.89,1.87,1.71
PRY,1960,4.05,3.97,2.77,2.64,2.64,2.64,2.64,2.69,2.7,2.7,2.7,2.69
PRY,1965,4.38,4.13,4.05,3.39,2.82,2.82,2.82,2.82,2.41,2.41,2.39,2.42
PRY,1970,4.91,4.92,4.14,4.14,4.14,3.05,3.05,3.05,3.05,2.06,2.06,2.06
PRY,1975,5.34,5.63,4.93,4.55,4.13,4.13,3.27,3.27,2.91,2.91,2.33,2.35
PRY,1980,6.02,6.06,5.69,4.97,4.98,4.1,4.1,3.52,3.52,2.71,2.7,2.7
PRY,1985,6.35,7.0,6.24,6.04,5.17,5.17,4.29,4.29,3.51,3.51,3.02,3.05
PRY,1990,6.75,7.27,7.07,6.39,6.39,5.37,5.37,4.48,4.48,3.48,3.48,3.48
PRY,1995,6.19,7.15,7.2,6.89,6.06,6.06,5.54,5.54,4.21,4.21,3.64,3.69
PRY,2000,6.47,7.91,7.31,6.94,6.54,5.57,5.57,5.58,5.58,3.83,3.83,3.83
PRY,2005,9.02,9.57,9.16,7.57,7.19,7.2,6.29,6.29,5.21,5.21,4.41,4.41
PRY,2010,7.93,9.5,9.13,8.18,8.0,8.03,6.58,6.59,5.68,5.68,5.04,5.05
QAT,1950,4.05,1.2,1.21,0.64,0.59,0.54,0.5,0.51,0.46,0.44,0.28,0.28
QAT,1955,4.32,2.44,1.22,1.22,0.65,0.6,0.55,0.51,0.51,0.47,0.31,0.31
QAT,1960,4.79,2.45,2.47,1.22,1.22,0.64,0.59,0.54,0.49,0.5,0.33,0.33
QAT,1965,5.08,4.22,2.47,2.47,1.22,1.22,0.64,0.59,0.54,0.5,0.36,0.36
QAT,1970,5.46,4.22,4.26,2.47,2.47,1.22,1.22,0.64,0.58,0.54,0.49,0.5
QAT,1975,5.81,6.68,4.26,4.26,2.48,2.47,1.22,1.22,0.64,0.59,0.54,0.54
QAT,1980,6.26,6.7,6.76,4.27,4.28,2.48,2.47,1.22,1.22,0.64,0.58,0.58
QAT,1985,6.57,7.84,6.78,6.77,4.29,4.29,2.48,2.48,1.22,1.22,0.64,0.64
QAT,1990,7.26,8.07,7.82,6.88,6.66,4.34,4.08,2.26,2.12,1.17,1.16,0.72
QAT,1995,7.64,8.33,8.15,7.75,7.01,6.48,4.4,3.84,1.98,1.69,1.11,1.17
QAT,2000,7.83,9.31,8.43,8.11,7.69,7.14,6.25,4.47,3.53,1.65,1.16,1.14
QAT,2005,8.3,10.16,9.46,8.3,8.06,7.57,7.28,5.98,4.54,3.16,1.25,0.56
QAT,2010,9.48,9.88,9.99,10.13,9.89,9.89,9.33,9.33,6.97,6.97,3.78,3.78
REU,1950,2.88,3.19,3.22,2.87,2.88,2.88,2.87,2.75,2.72,2.69,2.41,2.42
REU,1955,2.79,3.32,3.11,3.11,2.65,2.65,2.64,2.64,2.61,2.6,2.58,2.37
REU,1960,3.38,3.01,3.35,2.76,2.76,2.57,2.57,2.57,2.56,2.3,2.27,2.33
REU,1965,4.36,4.36,2.99,2.99,2.13,2.13,2.13,2.13,2.13,2.13,1.69,1.69
REU,1970,5.5,5.4,4.42,3.01,3.01,2.13,2.13,2.13,2.13,2.13,2.13,1.75
REU,1975,6.79,6.73,5.4,4.42,3.01,3.01,2.13,2.13,2.13,2.13,2.13,2.19
REU,1980,7.61,7.7,6.74,5.41,4.42,3.01,3.01,2.14,2.13,2.13,2.13,2.19
REU,1985,8.35,8.49,7.7,6.74,5.41,4.43,3.02,3.02,2.14,2.14,2.13,2.19
REU,1990,8.76,9.07,8.5,7.72,6.75,5.42,4.44,3.02,3.02,2.14,2.14,2.19
REU,1995,8.79,9.2,9.06,8.5,7.71,6.76,5.43,4.45,3.02,3.02,2.14,2.2
REU,2000,8.79,9.22,9.18,9.05,8.49,7.72,6.77,5.44,4.44,3.02,3.02,2.2
REU,2005,8.8,9.25,9.21,9.19,9.05,8.51,7.74,6.78,5.44,4.45,3.02,3.11
REU,2010,9.59,10.08,9.24,9.22,9.18,9.08,8.54,7.76,6.78,5.44,4.45,3.12
ROU,1950,6.47,4.32,3.37,2.935,2.86,2.82,2.75,2.755,2.7350000000000003,1.775,1.58,1.5699999999999998
ROU,1955,6.555,5.29,4.3149999999999995,3.375,2.925,2.865,2.815,2.755,2.755,2.7350000000000003,1.6749999999999998,1.6749999999999998
ROU,1960,6.845,7.085,5.29,4.390000000000001,3.435,3.0149999999999997,2.94,2.87,2.81,2.7800000000000002,2.605,1.79
ROU,1965,7.609999999999999,7.16,6.67,5.135,4.484999999999999,3.54,3.1350000000000002,3.0700000000000003,2.95,2.89,2.69,2.69
ROU,1970,7.61,10.14,7.47,7.220000000000001,5.345000000000001,4.58,3.58,3.19,3.115,2.945,2.805,2.745
ROU,1975,8.68,10.215,10.175,7.53,7.345000000000001,5.405,4.710000000000001,3.6849999999999996,3.275,3.1899999999999995,3.075,3.085
ROU,1980,8.815,11.04,10.315,10.254999999999999,7.595000000000001,7.49,5.460000000000001,4.84,3.75,3.375,3.28,3.255
ROU,1985,9.254999999999999,11.11,11.09,10.385,10.335,7.675,7.62,5.545,4.994999999999999,3.865,3.4850000000000003,3.49
ROU,1990,8.74,11.105,11.155000000000001,11.125,10.455,10.399999999999999,7.745,7.77,5.635,5.41,3.795,3.8
ROU,1995,9.235,10.99,11.2,11.18,11.120000000000001,10.515,10.285,7.914999999999999,7.54,5.529999999999999,5.29,4.18
ROU,2000,9.045,10.850000000000001,11.045,11.295,11.215,11.09,10.575,10.145,8.09,7.265,5.4,5.345
ROU,2005,8.48,11.235,11.09,11.145,11.379999999999999,11.215,11.105,10.545,10.1,8.01,7.109999999999999,5.195
ROU,2010,8.19,11.07,11.780000000000001,11.485,11.455,11.635,11.399999999999999,11.399999999999999,10.675,10.675,8.365,8.355
RUS,1950,6.04,5.4,4.97,4.02,2.75,2.72,2.44,2.43,2.15,0.77,0.66,0.56
RUS,1955,6.14,5.84,5.38,4.98,3.98,2.75,2.68,2.44,2.42,2.14,2.11,2.11
RUS,1960,6.45,6.58,5.35,5.33,4.62,4.26,2.73,2.74,2.45,2.43,2.14,2.14
RUS,1965,6.84,8.14,6.45,6.08,5.4,5.17,3.74,2.73,2.56,2.41,2.37,2.23
RUS,1970,8.42,8.59,8.16,6.54,6.29,5.45,5.37,3.45,2.69,2.39,2.36,2.36
RUS,1975,8.81,10.43,8.93,8.35,6.78,6.32,5.54,5.22,3.47,2.7,2.39,2.43
RUS,1980,10.0,10.85,10.52,9.29,8.57,7.12,6.32,5.7,5.04,3.5,2.91,2.74
RUS,1985,11.28,12.03,10.97,10.81,9.72,8.84,7.49,6.36,5.87,4.81,3.53,3.18
RUS,1990,10.87,13.25,12.26,11.34,11.17,10.25,9.17,7.97,6.39,6.08,4.86,3.63
RUS,1995,8.72,13.0,13.49,12.47,11.78,11.61,10.9,9.57,8.55,6.42,6.32,3.97
RUS,2000,9.01,11.21,13.56,13.72,12.75,12.12,11.95,11.2,10.8,9.38,8.2,6.28
RUS,2005,8.78,11.73,11.6,13.71,13.81,12.81,12.14,11.93,11.14,10.43,9.09,7.54
RUS,2010,8.98,11.62,11.96,11.88,13.9,13.93,12.88,12.17,11.91,11.07,10.02,8.89
RWA,1950,0.44,0.15,0.06,0.06,0.2,0.19,0.18,0.07,0.07,0.07,0.05,0.05
RWA,1955,0.55,0.15,0.15,0.06,0.06,0.2,0.19,0.18,0.07,0.07,0.06,0.06
RWA,1960,0.92,0.37,0.15,0.15,0.06,0.06,0.2,0.19,0.18,0.07,0.06,0.06
RWA,1965,1.13,0.37,0.37,0.15,0.15,0.06,0.06,0.2,0.19,0.18,0.18,0.18
RWA,1970,1.45,1.13,0.37,0.37,0.15,0.15,0.06,0.06,0.2,0.19,0.18,0.18
RWA,1975,2.12,1.13,1.13,0.37,0.37,0.15,0.15,0.06,0.06,0.2,0.19,0.19
RWA,1980,2.15,2.0,1.13,1.13,0.37,0.37,0.15,0.15,0.05,0.05,0.2,0.2
RWA,1985,2.52,2.1,2.01,1.14,1.13,0.37,0.37,0.15,0.15,0.06,0.06,0.21
RWA,1990,3.44,2.47,2.11,2.01,1.14,1.14,0.37,0.37,0.15,0.15,0.06,0.06
RWA,1995,5.0,3.46,2.47,2.11,2.01,1.14,1.14,0.37,0.37,0.15,0.15,0.06
RWA,2000,5.37,4.76,3.46,2.47,2.1,2.01,1.14,1.14,0.37,0.37,0.15,0.16
RWA,2005,5.76,5.2,4.76,3.46,2.47,2.11,2.01,1.14,1.14,0.37,0.37,0.16
RWA,2010,5.88,5.68,5.2,4.76,3.45,2.47,2.11,2.02,1.14,1.14,0.37,0.37
SAU,1950,1.87,1.44,1.08,1.02,0.79,0.75,0.7,0.66,0.68,0.6,0.5,0.5
SAU,1955,1.88,1.47,1.41,1.08,1.04,0.81,0.75,0.71,0.65,0.69,0.53,0.53
SAU,1960,1.86,1.54,1.48,1.41,1.1,1.06,0.81,0.77,0.7,0.66,0.56,0.56
SAU,1965,2.97,1.54,1.55,1.48,1.41,1.1,1.04,0.81,0.74,0.7,0.58,0.58
SAU,1970,2.93,1.54,1.55,1.55,1.48,1.41,1.08,1.04,0.78,0.74,0.74,0.74
SAU,1975,3.21,3.93,1.55,1.55,1.55,1.48,1.41,1.1,1.02,0.79,0.78,0.78
SAU,1980,3.36,3.93,3.96,1.55,1.55,1.55,1.48,1.41,1.06,1.02,0.82,0.82
SAU,1985,3.79,6.49,3.96,3.96,1.55,1.55,1.55,1.48,1.41,1.1,0.89,0.88
SAU,1990,5.57,6.5,6.55,3.96,3.97,1.55,1.55,1.55,1.48,1.41,1.35,1.35
SAU,1995,5.45,8.24,6.55,6.55,3.97,3.97,1.55,1.55,1.55,1.48,1.41,1.41
SAU,2000,6.67,9.56,8.31,6.55,6.57,3.97,3.97,1.55,1.55,1.55,1.48,1.48
SAU,2005,8.13,9.85,9.65,8.32,6.57,6.57,3.97,3.97,1.55,1.55,1.55,1.55
SAU,2010,9.19,11.58,9.89,9.66,8.34,6.57,6.56,3.97,3.96,1.55,1.55,1.63
SDN,1950,0.21,0.1,0.1,0.05,0.05,0.04,0.02,0.02,0.02,0.01,0.01,0.01
SDN,1955,0.23,0.2,0.1,0.1,0.05,0.05,0.04,0.01,0.01,0.01,0.0,0.0
SDN,1960,0.3,0.23,0.21,0.1,0.1,0.06,0.06,0.05,0.02,0.02,0.02,0.01
SDN,1965,0.46,0.37,0.23,0.2,0.11,0.11,0.06,0.06,0.05,0.02,0.02,0.02
SDN,1970,0.69,0.47,0.37,0.23,0.2,0.11,0.11,0.07,0.07,0.06,0.05,0.05
SDN,1975,0.96,0.97,0.47,0.38,0.23,0.21,0.12,0.12,0.08,0.07,0.06,0.06
SDN,1980,1.93,0.97,0.97,0.45,0.4,0.23,0.21,0.12,0.12,0.09,0.08,0.07
SDN,1985,2.62,2.48,0.97,0.95,0.43,0.42,0.23,0.22,0.13,0.13,0.1,0.1
SDN,1990,2.99,3.17,2.48,0.97,0.95,0.43,0.42,0.23,0.22,0.13,0.13,0.1
SDN,1995,2.98,3.51,3.18,2.48,0.97,0.95,0.43,0.42,0.23,0.22,0.13,0.13
SDN,2000,3.13,3.56,3.52,3.18,2.48,0.97,0.95,0.43,0.42,0.23,0.22,0.14
SDN,2005,2.99,3.79,3.58,3.52,3.18,2.48,0.97,0.95,0.43,0.42,0.23,0.23
SDN,2010,2.99,3.76,3.82,3.58,3.52,3.18,2.48,0.97,0.95,0.43,0.42,0.24
SEN,1950,1.16,1.24,1.18,1.19,1.11,1.06,1.25,1.25,0.01,0.01,0.01,0.01
SEN,1955,1.13,1.19,1.24,1.18,1.19,1.11,1.24,1.24,1.23,0.01,0.01,0.01
SEN,1960,1.22,1.25,1.19,1.24,1.19,1.19,1.31,1.26,1.24,1.24,1.35,1.36
SEN,1965,1.55,1.43,1.25,1.19,1.24,1.18,1.35,1.26,1.2,1.2,1.3,1.3
SEN,1970,1.96,1.73,1.43,1.25,1.19,1.24,1.33,1.35,1.26,1.2,1.3,1.3
SEN,1975,2.25,2.17,1.74,1.43,1.25,1.19,1.24,1.18,1.21,1.13,1.05,1.05
SEN,1980,2.17,2.17,2.06,1.61,1.34,1.15,1.09,1.13,1.21,1.21,1.1,1.05
SEN,1985,1.98,1.93,2.18,1.92,1.46,1.22,1.02,0.97,0.99,1.18,1.2,1.12
SEN,1990,2.0,1.76,1.94,1.96,1.75,1.28,1.08,0.87,0.82,0.82,0.84,0.98
SEN,1995,1.93,1.86,1.76,1.66,1.7,1.54,1.06,0.91,0.68,0.64,0.62,0.64
SEN,2000,1.68,1.66,1.87,1.38,1.32,1.38,1.29,0.78,0.7,0.46,0.42,0.38
SEN,2005,1.41,1.46,1.66,1.43,0.91,0.91,0.98,0.98,0.45,0.45,0.15,0.15
SEN,2010,3.69,3.32,2.6,2.25,1.85,1.85,1.64,1.64,1.14,1.14,0.43,0.43
SGP,1950,3.19,2.44,1.57,1.57,0.67,0.67,0.41,0.38,0.36,0.35,0.29,0.28
SGP,1955,3.82,2.44,2.41,1.57,1.55,0.67,0.67,0.41,0.38,0.36,0.33,0.33
SGP,1960,4.87,4.24,2.41,2.42,1.56,1.56,0.67,0.67,0.41,0.38,0.36,0.36
SGP,1965,6.58,4.24,4.21,2.42,2.4,1.57,1.55,0.67,0.67,0.41,0.38,0.38
SGP,1970,7.88,6.58,4.21,4.23,2.41,2.41,1.56,1.56,0.67,0.67,0.4,0.4
SGP,1975,8.2,5.53,5.47,4.2,3.22,2.24,1.79,1.33,1.05,0.56,0.55,0.42
SGP,1980,8.17,8.2,5.48,4.19,4.11,2.04,2.0,1.05,1.04,0.42,0.42,0.42
SGP,1985,8.13,8.18,8.12,6.11,4.99,4.4,2.83,2.09,1.42,1.41,1.05,1.06
SGP,1990,7.54,8.58,8.05,8.04,6.75,6.05,4.66,3.84,2.19,1.89,1.86,1.86
SGP,1995,9.29,12.32,9.93,9.13,8.54,7.37,6.22,4.63,3.63,2.12,1.66,1.52
SGP,2000,11.08,12.36,12.58,11.69,10.52,9.34,8.2,6.62,4.61,3.42,2.04,1.52
SGP,2005,10.2,12.03,12.7,12.13,10.28,10.24,7.74,7.68,4.79,4.76,2.18,2.17
SGP,2010,12.02,13.96,14.48,14.2,13.32,12.14,10.74,9.36,8.08,6.49,4.46,3.19
SLE,1950,0.09,0.34,0.34,0.34,0.34,0.3,0.3,0.3,0.29,0.28,0.27,0.27
SLE,1955,0.15,0.29,0.34,0.34,0.34,0.34,0.3,0.3,0.3,0.29,0.28,0.28
SLE,1960,0.28,0.29,0.29,0.34,0.34,0.34,0.34,0.3,0.3,0.3,0.29,0.29
SLE,1965,0.5,0.5,0.3,0.3,0.37,0.37,0.37,0.37,0.33,0.33,0.33,0.33
SLE,1970,0.91,0.68,0.48,0.29,0.29,0.34,0.34,0.34,0.34,0.3,0.3,0.31
SLE,1975,1.27,1.12,0.68,0.48,0.29,0.29,0.34,0.34,0.34,0.34,0.3,0.31
SLE,1980,1.54,1.48,1.12,0.69,0.48,0.29,0.29,0.34,0.34,0.34,0.34,0.31
SLE,1985,1.92,1.74,1.48,1.12,0.68,0.48,0.29,0.29,0.34,0.34,0.34,0.36
SLE,1990,2.62,2.16,1.73,1.49,1.12,0.69,0.48,0.29,0.29,0.34,0.34,0.36
SLE,1995,2.57,2.83,2.15,1.74,1.48,1.12,0.68,0.48,0.29,0.29,0.34,0.36
SLE,2000,2.92,2.8,2.8,2.15,1.73,1.48,1.12,0.69,0.48,0.29,0.29,0.36
SLE,2005,3.55,3.32,2.78,2.82,2.14,1.73,1.47,1.12,0.69,0.48,0.29,0.31
SLE,2010,5.05,5.62,3.32,2.83,2.83,2.17,1.74,1.49,1.13,0.69,0.49,0.31
SLV,1950,1.75,1.61,1.39,1.39,1.17,1.17,1.06,1.06,1.02,1.02,1.02,1.02
SLV,1955,2.11,1.45,1.52,1.4,1.4,1.28,1.28,1.22,1.22,1.2,1.18,1.19
SLV,1960,2.56,2.37,1.44,1.44,1.44,1.44,1.44,1.44,1.44,1.44,1.44,1.44
SLV,1965,3.23,2.89,2.47,1.56,1.47,1.43,1.43,1.43,1.43,1.43,1.42,1.46
SLV,1970,3.94,3.6,2.92,2.54,1.68,1.52,1.44,1.43,1.42,1.43,1.42,1.46
SLV,1975,4.38,4.09,3.61,2.94,2.61,1.81,1.58,1.44,1.43,1.41,1.4,1.42
SLV,1980,4.56,4.76,4.09,3.66,2.95,2.68,1.95,1.65,1.45,1.43,1.4,1.42
SLV,1985,7.12,4.92,4.75,3.97,3.71,2.94,2.76,2.12,1.74,1.46,1.42,1.43
SLV,1990,6.43,7.51,4.91,4.85,3.82,3.77,2.94,2.86,2.33,1.85,1.46,1.45
SLV,1995,6.47,7.79,7.56,5.16,4.73,3.99,3.66,2.96,2.8,2.37,1.85,1.58
SLV,2000,7.65,9.16,8.1,8.3,5.82,4.82,4.4,3.62,3.27,2.81,2.54,1.75
SLV,2005,8.87,9.59,9.16,8.82,8.83,6.44,4.8,4.8,3.52,3.5,2.78,2.78
SLV,2010,6.92,9.37,9.19,8.85,8.35,9.49,5.97,5.97,5.07,5.07,4.61,4.61
SRB,1950,3.67,4.23,3.91,3.9,3.13,3.12,2.82,2.79,2.76,2.45,2.03,2.02
SRB,1955,3.97,4.21,4.23,3.91,3.9,3.13,3.12,2.82,2.79,2.76,2.74,2.74
SRB,1960,5.06,6.1,4.21,4.23,3.91,3.9,3.13,3.12,2.82,2.79,2.76,2.76
SRB,1965,5.69,6.1,6.12,4.21,4.23,3.91,3.9,3.13,3.12,2.82,2.79,2.79
SRB,1970,7.08,7.9,6.12,6.12,4.21,4.23,3.91,3.9,3.13,3.12,2.82,2.82
SRB,1975,7.74,9.29,8.19,6.23,6.24,4.21,4.23,3.96,3.95,3.13,3.1,2.99
SRB,1980,7.58,9.62,9.33,8.53,6.38,6.38,4.21,4.23,4.02,4.01,3.12,3.12
SRB,1985,7.32,10.27,9.85,9.49,8.68,6.65,6.46,4.21,4.23,4.01,3.99,3.33
SRB,1990,3.86,10.73,10.31,10.11,9.69,8.85,6.96,6.57,4.21,4.25,4.0,4.04
SRB,1995,5.22,10.11,10.78,10.68,10.45,9.92,9.04,7.35,6.68,4.21,4.25,4.06
SRB,2000,4.71,10.02,10.17,11.25,11.15,10.85,10.19,9.28,7.82,6.84,4.21,4.25
SRB,2005,6.41,12.31,10.95,10.86,11.68,11.5,11.33,10.64,10.07,8.38,7.76,4.21
SRB,2010,8.54,11.79,12.43,12.07,11.73,12.17,11.92,11.92,11.18,11.05,9.05,9.05
SVK,1950,7.49,8.55,8.12,8.12,7.72,7.69,7.48,7.5,7.22,7.21,6.98,6.97
SVK,1955,7.92,8.57,8.47,8.17,8.05,7.74,7.66,7.53,7.47,7.25,7.02,7.02
SVK,1960,8.4,8.95,8.51,8.54,8.13,8.09,7.72,7.72,7.52,7.53,7.07,7.07
SVK,1965,8.22,10.09,9.55,8.87,8.77,8.44,8.35,8.02,7.74,7.66,7.42,7.32
SVK,1970,8.49,10.81,10.1,10.11,9.05,9.02,8.65,8.63,8.17,7.79,7.55,7.54
SVK,1975,8.45,11.35,11.09,10.25,10.19,9.11,9.05,8.66,8.56,8.07,7.64,7.64
SVK,1980,8.93,11.12,10.98,10.99,10.25,10.24,9.27,9.3,8.63,8.59,7.8,7.77
SVK,1985,8.64,11.66,11.41,11.1,11.06,10.17,10.13,9.1,8.63,8.32,8.05,7.79
SVK,1990,9.3,12.34,12.25,12.26,11.52,11.51,10.13,10.15,8.79,8.06,7.82,7.81
SVK,1995,9.01,12.64,12.48,12.35,12.21,11.61,11.5,10.46,10.38,9.66,9.01,8.98
SVK,2000,8.28,12.37,12.69,12.59,12.41,12.17,11.66,11.51,10.68,10.59,10.24,10.11
SVK,2005,7.48,12.83,12.88,13.09,13.04,12.9,12.79,12.39,12.31,11.61,11.52,10.96
SVK,2010,10.18,12.7,12.96,13.5,13.43,13.43,13.31,13.31,13.0,13.0,12.4,12.4
SVN,1950,4.83,6.53,6.23,6.04,5.67,4.9,4.76,4.67,4.34,3.84,3.28,3.27
SVN,1955,5.32,6.65,6.53,6.23,6.05,5.67,4.9,4.76,4.66,4.33,4.14,4.14
SVN,1960,6.62,7.49,6.59,6.32,5.87,5.65,5.35,4.59,4.47,4.41,4.13,4.02
SVN,1965,6.58,8.22,7.74,6.75,6.76,6.53,6.47,6.01,5.56,5.37,5.22,5.12
SVN,1970,8.35,9.22,8.24,7.92,6.86,7.0,6.92,6.89,6.38,6.18,5.94,5.94
SVN,1975,8.24,10.2,9.71,8.82,8.49,7.42,7.51,7.26,7.21,6.51,6.37,6.32
SVN,1980,8.25,10.36,10.23,10.12,9.18,8.84,7.75,7.78,7.41,7.34,6.49,6.48
SVN,1985,9.03,11.89,10.94,10.71,10.61,9.94,9.53,8.76,8.77,8.37,8.3,7.9
SVN,1990,8.55,11.65,11.96,11.64,11.3,11.15,10.77,10.29,9.91,9.88,9.47,9.47
SVN,1995,8.83,12.17,12.02,12.11,11.85,11.49,11.33,11.02,10.51,9.98,9.91,9.73
SVN,2000,8.67,11.72,12.41,12.47,12.33,12.09,11.74,11.58,11.33,10.83,10.09,10.09
SVN,2005,8.93,13.07,12.49,12.51,12.69,12.34,12.16,11.77,11.59,11.24,10.89,10.21
SVN,2010,8.81,12.02,13.22,13.39,12.66,12.91,12.35,12.37,11.73,11.74,11.18,11.19
SWE,1950,6.55,8.11,7.31,7.33,6.72,6.82,6.59,6.51,5.12,5.35,5.26,5.26
SWE,1955,7.26,8.12,8.1,7.34,7.29,6.73,6.8,6.62,6.49,5.11,4.94,4.91
SWE,1960,8.37,9.57,8.12,8.14,7.31,7.31,6.72,6.84,6.61,6.52,6.21,6.2
SWE,1965,9.69,9.58,9.62,8.18,8.13,7.36,7.33,6.79,6.86,6.67,6.44,6.39
SWE,1970,9.35,10.61,9.61,9.65,8.16,8.15,7.36,7.37,6.79,6.9,6.6,6.61
SWE,1975,9.68,11.08,10.82,10.87,9.52,9.52,8.24,8.25,7.65,7.65,6.74,6.74
SWE,1980,9.29,11.29,11.44,12.28,10.58,10.58,9.31,9.32,8.1,8.1,7.04,7.04
SWE,1985,9.19,11.95,11.88,11.77,12.21,11.15,10.38,9.62,8.91,8.09,7.89,7.44
SWE,1990,9.04,11.79,12.15,12.19,12.04,12.13,11.62,10.25,9.86,8.63,8.03,8.04
SWE,1995,9.45,11.83,11.92,12.33,12.39,12.27,12.04,12.03,10.1,10.11,8.29,8.29
SWE,2000,9.51,12.51,12.45,12.31,12.5,12.39,12.35,12.14,12.12,10.19,9.97,9.25
SWE,2005,9.31,11.64,12.72,12.88,12.53,12.61,12.4,12.39,12.2,12.2,10.17,10.17
SWE,2010,9.14,11.58,12.61,12.95,12.87,12.87,12.56,12.55,12.01,12.87,11.25,11.25
SWZ,1950,1.84,1.43,1.43,1.02,1.02,0.85,0.85,0.23,0.22,0.21,0.2,0.2
SWZ,1955,2.11,1.96,1.43,1.43,1.02,1.02,0.85,0.85,0.23,0.22,0.21,0.21
SWZ,1960,2.46,1.96,1.96,1.43,1.43,1.02,1.02,0.85,0.85,0.23,0.22,0.22
SWZ,1965,3.04,2.88,1.97,1.97,1.43,1.43,1.02,1.02,0.85,0.85,0.23,0.23
SWZ,1970,4.07,3.69,3.22,2.24,2.24,1.63,1.63,1.15,1.15,0.77,0.76,0.43
SWZ,1975,5.39,4.58,3.66,3.66,2.57,2.57,1.88,1.88,1.32,1.32,0.66,0.66
SWZ,1980,6.06,6.35,5.43,4.36,4.36,3.1,3.1,2.04,2.04,1.74,1.7,1.33
SWZ,1985,6.17,7.0,6.46,6.46,5.18,5.18,3.7,3.7,2.2,2.2,2.2,2.2
SWZ,1990,6.62,6.03,6.27,5.78,5.72,4.55,4.47,3.23,3.2,1.93,1.93,1.99
SWZ,1995,7.0,5.47,6.01,5.35,4.96,4.83,3.8,3.61,2.65,2.59,1.62,1.67
SWZ,2000,6.59,4.11,5.41,4.86,4.24,3.97,3.75,2.88,2.57,1.96,1.84,1.28
SWZ,2005,6.23,6.75,4.08,3.87,3.48,2.92,2.77,2.45,1.77,1.3,1.11,1.0
SWZ,2010,6.24,6.98,6.77,4.08,3.88,3.48,2.92,2.78,2.45,1.77,1.31,1.18
SYR,1950,0.75,0.51,0.3,0.3,0.18,0.18,0.1,0.1,0.05,0.05,0.04,0.04
SYR,1955,0.93,0.51,0.51,0.3,0.3,0.18,0.18,0.1,0.1,0.05,0.04,0.04
SYR,1960,1.14,0.95,0.51,0.51,0.3,0.3,0.17,0.17,0.1,0.1,0.04,0.04
SYR,1965,1.34,1.1,0.97,0.49,0.49,0.29,0.29,0.17,0.17,0.09,0.09,0.06
SYR,1970,1.96,1.69,1.06,1.05,0.49,0.49,0.29,0.29,0.16,0.16,0.07,0.07
SYR,1975,2.73,2.63,1.71,1.08,1.07,0.51,0.51,0.32,0.28,0.16,0.16,0.08
SYR,1980,3.37,4.32,2.62,1.77,1.11,1.11,0.54,0.53,0.37,0.28,0.16,0.17
SYR,1985,4.26,5.06,4.33,2.57,1.84,1.17,1.16,0.57,0.56,0.43,0.42,0.34
SYR,1990,4.57,5.02,5.07,4.67,2.53,1.93,1.23,1.23,0.61,0.6,0.5,0.5
SYR,1995,4.38,4.68,5.04,5.31,5.09,2.47,2.05,1.31,1.31,0.66,0.65,0.6
SYR,2000,4.33,5.03,4.69,4.66,5.6,5.6,2.4,2.19,1.41,1.41,0.73,0.73
SYR,2005,6.24,6.64,6.12,5.66,5.61,5.34,5.34,2.72,2.49,1.45,1.43,0.78
SYR,2010,7.48,7.84,7.15,6.82,6.2,6.2,4.64,4.64,2.81,2.6,1.32,1.32
TGO,1950,0.25,0.15,0.1,0.1,0.07,0.07,0.05,0.04,0.04,0.03,0.02,0.02
TGO,1955,0.31,0.15,0.15,0.1,0.1,0.07,0.07,0.05,0.04,0.04,0.04,0.04
TGO,1960,0.42,0.27,0.15,0.15,0.1,0.1,0.07,0.07,0.05,0.04,0.04,0.04
TGO,1965,0.62,0.27,0.27,0.15,0.15,0.1,0.1,0.07,0.07,0.05,0.04,0.04
TGO,1970,1.03,0.61,0.26,0.26,0.14,0.14,0.09,0.09,0.06,0.06,0.05,0.05
TGO,1975,1.95,2.02,0.84,0.65,0.44,0.38,0.24,0.2,0.15,0.14,0.07,0.06
TGO,1980,3.24,2.09,2.02,1.13,1.11,0.66,0.66,0.34,0.33,0.22,0.22,0.08
TGO,1985,4.09,3.02,2.13,1.97,1.16,1.08,0.67,0.64,0.34,0.33,0.22,0.23
TGO,1990,4.91,3.73,3.01,2.17,1.91,1.2,1.04,0.68,0.62,0.34,0.33,0.24
TGO,1995,4.78,4.17,3.7,2.92,2.22,1.84,1.25,0.99,0.69,0.59,0.37,0.37
TGO,2000,5.56,3.84,4.12,3.6,2.8,2.28,1.75,1.31,0.93,0.71,0.55,0.41
TGO,2005,6.64,4.57,3.76,3.8,3.45,2.66,2.35,1.64,1.39,0.86,0.73,0.53
TGO,2010,7.63,6.9,4.4,3.5,3.36,3.24,2.48,2.43,1.5,1.48,0.77,0.77
THA,1950,3.55,2.76,1.48,1.48,0.33,0.33,0.33,0.33,0.33,0.32,0.31,0.31
THA,1955,3.64,2.76,2.76,1.48,1.48,0.33,0.33,0.33,0.33,0.33,0.32,0.32
THA,1960,3.6,3.13,2.76,2.76,1.48,1.48,0.33,0.33,0.33,0.33,0.32,0.33
THA,1965,2.98,2.62,2.52,2.14,2.14,1.15,1.15,0.33,0.33,0.2,0.2,0.2
THA,1970,4.57,2.71,2.29,2.27,1.83,1.83,0.96,0.96,0.36,0.36,0.11,0.11
THA,1975,4.64,4.6,2.76,2.2,2.19,1.48,1.48,1.04,1.04,0.73,0.72,0.59
THA,1980,5.44,5.29,4.49,2.95,2.21,2.21,1.17,1.17,1.17,1.17,1.17,1.17
THA,1985,6.21,5.8,5.24,4.45,2.85,2.21,2.15,1.27,1.19,1.18,1.18,1.19
THA,1990,8.0,6.78,5.91,5.08,4.36,2.74,2.2,2.07,1.39,1.2,1.19,1.2
THA,1995,8.04,8.05,6.9,5.68,4.87,4.23,2.6,2.19,1.98,1.54,1.21,1.21
THA,2000,9.23,7.8,7.99,6.71,5.35,4.59,4.07,2.43,2.18,1.86,1.71,1.24
THA,2005,8.65,10.38,10.42,9.76,5.43,5.43,5.43,5.43,3.75,3.75,3.75,3.75
THA,2010,10.87,10.86,10.92,9.94,9.72,7.18,6.65,5.97,5.31,3.22,3.0,2.37
TJK,1950,6.98,5.18,2.94,2.79,2.65,2.55,2.37,2.47,2.39,2.38,1.86,1.83
TJK,1955,7.13,5.2,5.19,2.94,2.79,2.66,2.51,2.37,2.41,2.4,1.74,1.74
TJK,1960,7.45,7.41,5.21,5.19,2.94,2.8,2.62,2.52,2.3,2.41,1.83,1.83
TJK,1965,7.66,7.41,7.44,5.21,5.19,2.94,2.75,2.62,2.44,2.3,1.93,1.93
TJK,1970,8.21,10.58,7.44,7.44,5.22,5.19,2.94,2.79,2.57,2.47,2.05,2.05
TJK,1975,8.52,10.58,10.62,7.44,7.45,5.22,5.19,2.94,2.7,2.57,2.39,2.39
TJK,1980,9.09,11.51,10.63,10.63,7.45,7.45,5.22,5.19,2.94,2.79,2.59,2.59
TJK,1985,9.54,11.52,11.55,10.64,10.65,7.46,7.45,5.22,5.19,2.94,2.8,2.8
TJK,1990,9.67,11.7,11.55,11.56,10.65,10.65,7.45,7.45,5.22,5.19,2.94,2.94
TJK,1995,9.59,10.89,11.75,11.61,11.62,10.81,10.81,7.94,7.93,5.77,5.67,4.51
TJK,2000,9.08,10.65,10.91,11.79,11.68,11.68,11.0,11.0,8.52,8.53,6.43,6.43
TJK,2005,9.73,10.65,10.66,10.91,11.8,11.68,11.68,11.0,10.99,8.52,8.52,6.62
TJK,2010,9.85,10.58,10.66,10.66,10.92,11.8,11.68,11.68,10.99,11.0,8.52,8.68
TON,1950,4.23,6.51,6.48,6.59,6.39,6.24,5.36,5.06,4.97,4.94,4.37,4.37
TON,1955,4.45,6.53,6.51,6.61,6.56,6.41,6.3,5.38,5.02,4.99,4.51,4.51
TON,1960,5.27,6.62,6.54,6.64,6.59,6.59,6.47,6.33,5.33,5.04,4.65,4.65
TON,1965,6.51,6.63,6.62,6.54,6.49,6.49,6.51,6.36,6.13,5.23,4.69,4.69
TON,1970,8.01,6.68,6.63,6.62,6.54,6.54,6.56,6.56,6.33,6.18,5.98,5.99
TON,1975,8.71,9.09,6.69,6.63,6.62,6.54,6.56,6.56,6.48,6.33,6.13,6.13
TON,1980,9.3,9.12,9.1,6.69,6.63,6.62,6.54,6.53,6.45,6.45,6.25,6.25
TON,1985,8.79,7.56,9.13,9.11,6.69,6.64,6.62,6.54,6.47,6.47,6.42,6.42
TON,1990,9.01,9.67,8.74,9.48,9.46,7.57,7.48,7.19,7.1,6.74,6.62,7.91
TON,1995,9.72,9.6,9.7,10.18,9.91,9.89,8.64,8.51,7.87,7.79,6.9,6.8
TON,2000,9.52,10.82,9.73,9.52,10.05,9.42,9.37,8.24,8.13,7.48,7.33,6.59
TON,2005,8.73,10.95,10.89,9.87,9.31,9.87,8.81,8.75,7.74,7.68,7.01,6.9
TON,2010,11.22,12.43,12.41,12.14,10.92,10.92,10.63,10.63,9.71,9.71,8.81,8.81
TTO,1950,6.3,5.43,4.84,4.84,4.61,4.61,4.41,4.38,4.34,3.08,2.61,2.19
TTO,1955,6.42,5.43,5.43,4.84,4.84,4.61,4.61,4.41,4.36,4.34,4.25,4.25
TTO,1960,6.82,6.42,5.43,5.43,4.84,4.84,4.61,4.61,4.41,4.38,4.29,4.29
TTO,1965,7.28,6.42,6.42,5.43,5.43,4.84,4.84,4.61,4.61,4.41,4.38,4.38
TTO,1970,7.83,7.48,6.43,6.43,5.43,5.43,4.84,4.84,4.61,4.61,4.4,4.4
TTO,1975,7.92,7.84,7.65,6.57,6.57,5.82,5.82,5.39,5.39,5.15,5.14,5.04
TTO,1980,8.72,8.38,7.86,7.86,6.74,6.74,6.3,6.3,6.05,6.05,5.82,5.82
TTO,1985,9.04,9.03,8.82,8.13,8.13,6.98,6.98,6.45,6.22,5.8,5.72,5.62
TTO,1990,9.69,10.09,9.22,9.19,8.28,8.28,7.0,7.0,6.34,5.84,5.15,5.15
TTO,1995,9.94,10.5,10.37,9.41,9.38,8.46,8.46,7.19,7.17,6.41,5.98,5.5
TTO,2000,10.13,10.95,10.73,10.71,9.64,9.62,8.65,8.65,7.37,7.32,6.44,6.18
TTO,2005,10.47,11.4,11.27,10.86,11.15,9.92,9.91,8.87,8.87,7.58,7.49,6.55
TTO,2010,11.13,12.21,11.84,11.46,11.01,11.73,10.29,10.29,9.14,9.14,7.83,7.83
TUN,1950,0.91,0.21,0.21,0.19,0.19,0.19,0.19,0.19,0.18,0.17,0.16,0.16
TUN,1955,1.07,0.39,0.21,0.21,0.19,0.19,0.19,0.19,0.19,0.17,0.16,0.16
TUN,1960,1.36,0.39,0.38,0.21,0.21,0.19,0.19,0.19,0.19,0.19,0.17,0.17
TUN,1965,1.85,1.69,0.39,0.39,0.21,0.21,0.19,0.19,0.19,0.19,0.18,0.18
TUN,1970,2.65,1.72,1.68,0.38,0.37,0.19,0.18,0.16,0.16,0.16,0.16,0.16
TUN,1975,3.49,3.16,1.71,1.69,0.36,0.35,0.16,0.16,0.14,0.13,0.13,0.13
TUN,1980,4.39,3.86,2.55,2.55,0.72,0.72,0.2,0.2,0.11,0.11,0.13,0.13
TUN,1985,4.61,4.36,3.32,3.32,1.32,1.3,0.31,0.31,0.17,0.17,0.17,0.17
TUN,1990,5.73,5.09,4.64,3.45,3.4,1.44,1.4,0.38,0.27,0.17,0.17,0.17
TUN,1995,6.61,6.55,5.05,5.05,3.54,3.54,1.56,1.54,0.46,0.24,0.17,0.17
TUN,2000,7.61,8.1,6.43,5.39,4.84,3.79,3.29,1.87,1.34,0.53,0.23,0.2
TUN,2005,8.53,9.96,8.1,6.37,5.72,4.68,4.03,3.04,2.24,1.09,0.63,0.25
TUN,2010,9.41,10.99,10.09,8.28,6.29,6.29,4.46,4.45,2.74,2.73,0.8,0.8
TUR,1950,0.9,1.04,0.82,0.82,0.38,0.38,0.36,0.36,0.36,0.16,0.16,0.16
TUR,1955,1.03,1.09,1.05,0.92,0.92,0.64,0.64,0.35,0.35,0.34,0.21,0.21
TUR,1960,1.19,1.94,1.09,1.06,1.0,1.0,0.87,0.87,0.33,0.33,0.32,0.26
TUR,1965,1.32,1.93,1.94,1.07,1.07,1.07,1.07,1.06,1.06,0.32,0.32,0.31
TUR,1970,1.86,2.33,2.15,1.64,1.23,1.09,1.09,0.87,0.86,0.72,0.36,0.37
TUR,1975,3.2,3.36,2.33,2.33,1.39,1.36,1.1,1.1,0.71,0.71,0.44,0.43
TUR,1980,3.85,4.13,3.12,3.04,1.82,1.79,1.22,1.21,0.96,0.96,0.44,0.44
TUR,1985,4.71,5.43,4.52,4.52,2.98,2.98,1.77,1.76,1.31,1.31,0.69,0.69
TUR,1990,5.08,5.45,5.45,4.33,4.33,2.91,2.91,1.74,1.72,1.27,1.25,0.94
TUR,1995,6.16,6.19,5.49,5.47,4.02,4.02,2.98,2.97,1.66,1.66,1.28,1.28
TUR,2000,6.68,7.02,6.32,5.55,5.46,4.35,4.35,2.97,2.97,1.73,1.69,1.52
TUR,2005,7.32,7.41,7.08,6.31,5.52,5.52,4.53,4.52,3.07,3.07,1.74,1.74
TUR,2010,8.01,8.68,7.93,7.33,6.3,6.3,5.35,5.35,4.06,4.06,2.75,2.75
TWN,1950,3.09,2.3,1.94,1.55,1.55,1.55,1.5,1.45,0.15,0.12,0.09,0.07
TWN,1955,3.4,2.63,2.3,1.94,1.54,1.56,1.56,1.5,1.43,0.14,0.11,0.08
TWN,1960,3.83,2.81,2.63,2.3,1.94,1.45,1.44,1.44,1.37,1.29,1.24,1.24
TWN,1965,4.68,4.2,2.82,2.63,2.3,1.95,1.42,1.42,1.4,1.34,1.29,1.31
TWN,1970,7.15,5.24,4.06,2.8,2.65,1.91,1.71,1.42,1.41,1.39,1.34,1.35
TWN,1975,8.89,8.14,5.31,3.88,2.77,2.67,1.43,1.43,1.41,1.39,1.4,1.4
TWN,1980,10.52,10.12,8.27,5.37,3.96,2.83,2.64,1.55,1.54,1.39,1.4,1.47
TWN,1985,10.55,11.34,10.19,8.36,5.44,4.06,2.9,2.61,1.71,1.69,1.68,1.72
TWN,1990,11.18,12.22,11.34,10.22,8.46,5.53,4.17,2.99,2.58,1.9,1.87,1.9
TWN,1995,11.05,12.5,12.22,11.29,10.24,8.59,5.63,4.31,3.1,2.53,2.13,2.14
TWN,2000,11.38,12.6,12.44,11.89,11.22,10.25,8.73,5.76,4.48,3.22,2.48,2.48
TWN,2005,11.92,13.38,13.31,12.97,12.35,11.49,10.43,8.96,6.05,4.75,3.2,3.2
TWN,2010,12.23,13.89,13.45,13.3,12.97,12.35,11.49,10.43,8.98,6.42,4.75,3.29
TZA,1950,0.18,0.65,0.65,0.63,0.6,0.58,0.5,0.45,0.42,0.41,0.34,0.34
TZA,1955,0.28,0.65,0.65,0.65,0.62,0.6,0.55,0.5,0.43,0.42,0.34,0.34
TZA,1960,1.31,1.27,0.65,0.65,0.65,0.63,0.57,0.56,0.48,0.44,0.34,0.34
TZA,1965,1.44,1.27,1.27,0.65,0.65,0.65,0.59,0.57,0.53,0.48,0.52,0.52
TZA,1970,1.94,2.46,1.27,1.27,0.65,0.65,0.65,0.63,0.57,0.55,0.54,0.54
TZA,1975,2.21,2.46,2.46,1.27,1.27,0.65,0.65,0.65,0.59,0.57,0.54,0.54
TZA,1980,2.81,4.64,2.46,2.46,1.27,1.27,0.65,0.65,0.65,0.63,0.58,0.57
TZA,1985,4.07,4.09,4.64,2.46,2.47,1.27,1.27,0.65,0.65,0.65,0.65,0.65
TZA,1990,4.62,5.28,4.09,4.64,2.47,2.47,1.27,1.27,0.65,0.65,0.65,0.65
TZA,1995,4.24,5.39,5.29,4.09,4.64,2.47,2.47,1.27,1.27,0.65,0.65,0.65
TZA,2000,4.62,5.38,5.39,5.29,4.09,4.64,2.47,2.47,1.27,1.27,0.65,0.65
TZA,2005,5.39,5.79,5.38,5.39,5.29,4.09,4.64,2.47,2.46,1.27,1.26,0.66
TZA,2010,7.33,6.64,5.8,5.38,5.39,5.29,4.09,4.64,2.46,2.46,1.26,1.27
UGA,1950,0.4,0.69,0.69,0.69,0.14,0.14,0.14,0.14,0.14,0.14,0.14,0.15
UGA,1955,0.51,0.69,0.69,0.69,0.69,0.14,0.14,0.14,0.14,0.14,0.14,0.14
UGA,1960,0.68,0.68,0.68,0.68,0.68,0.68,0.14,0.14,0.14,0.14,0.14,0.14
UGA,1965,1.2,0.79,0.7,0.56,0.56,0.46,0.46,0.14,0.14,0.12,0.12,0.12
UGA,1970,1.85,1.31,0.74,0.74,0.43,0.43,0.23,0.23,0.14,0.14,0.07,0.07
UGA,1975,2.23,1.75,1.45,0.8,0.8,0.48,0.46,0.29,0.28,0.2,0.19,0.14
UGA,1980,2.54,2.46,1.77,1.57,0.84,0.84,0.52,0.48,0.33,0.33,0.24,0.24
UGA,1985,3.07,3.31,2.48,1.8,1.69,0.88,0.88,0.57,0.5,0.37,0.43,0.45
UGA,1990,4.4,4.19,3.32,2.69,1.83,1.83,0.92,0.92,0.62,0.51,0.4,0.47
UGA,1995,4.31,4.4,4.07,3.3,2.73,1.96,1.96,1.06,1.06,0.72,0.66,1.96
UGA,2000,4.84,4.8,4.42,3.91,3.27,2.77,2.1,2.1,1.23,1.23,0.85,0.85
UGA,2005,5.37,5.72,4.84,4.44,4.06,3.35,2.77,2.28,2.28,1.44,1.41,1.12
UGA,2010,5.7,7.03,5.86,5.34,4.83,4.62,3.64,2.95,2.77,2.77,1.85,1.85
UKR,1950,6.7,5.12,5.33,4.36,3.35,3.03,3.12,3.08,3.02,2.6,2.13,2.12
UKR,1955,7.04,6.6,5.14,5.33,4.43,3.44,3.22,3.22,3.16,3.13,2.93,2.93
UKR,1960,7.67,7.53,6.63,5.14,5.34,4.42,3.51,3.21,3.18,3.15,2.95,2.95
UKR,1965,8.11,9.14,7.55,6.63,5.15,5.34,4.46,3.51,3.18,3.19,2.98,2.98
UKR,1970,8.99,9.77,9.17,7.55,6.64,5.15,5.34,4.42,3.38,3.09,2.93,2.93
UKR,1975,8.79,10.27,9.99,9.26,7.79,6.64,5.2,5.48,4.3,3.38,2.93,2.97
UKR,1980,9.69,10.89,10.34,10.22,9.38,8.07,6.65,5.27,5.66,4.42,3.25,2.99
UKR,1985,10.27,11.74,10.99,10.61,10.53,9.52,8.42,6.66,5.35,5.89,5.5,4.84
UKR,1990,10.19,12.98,11.87,11.27,10.96,10.88,9.68,8.84,6.66,5.45,6.15,6.13
UKR,1995,8.6,13.16,13.14,12.2,11.66,11.36,11.29,9.88,9.32,6.68,5.57,6.68
UKR,2000,8.79,10.78,13.29,13.55,12.67,12.1,11.77,11.76,10.06,9.92,6.69,5.91
UKR,2005,9.55,10.72,10.93,13.36,13.61,12.67,12.07,11.82,11.76,10.1,9.94,6.89
UKR,2010,8.15,11.33,10.91,10.93,13.42,13.61,12.64,12.07,11.77,11.78,10.1,10.03
URY,1950,4.84,5.18,5.2,4.73,4.75,3.91,3.88,3.27,3.21,3.21,3.14,3.18
URY,1955,5.21,5.86,5.2,5.2,4.73,4.73,3.9,3.87,3.26,3.23,3.15,3.18
URY,1960,5.88,5.87,5.87,5.2,5.2,4.73,4.73,3.9,3.87,3.26,3.2,3.2
URY,1965,6.56,6.73,5.88,5.87,5.2,5.2,4.73,4.73,3.89,3.87,3.25,3.25
URY,1970,7.39,7.34,7.09,6.05,6.03,5.34,5.34,4.81,4.8,3.94,3.89,3.58
URY,1975,8.0,8.23,7.44,7.44,6.16,6.15,5.42,5.42,4.83,4.83,3.9,3.9
URY,1980,8.13,8.76,8.58,7.59,7.59,6.31,6.26,5.41,5.41,5.49,5.44,5.0
URY,1985,8.33,8.94,8.88,8.88,7.72,7.72,6.43,6.36,5.46,5.46,6.33,6.35
URY,1990,8.16,7.86,8.52,8.4,8.4,7.34,7.34,6.33,6.12,5.51,5.45,6.01
URY,1995,8.37,8.48,7.87,7.87,7.8,7.8,6.84,6.84,6.2,5.81,5.59,5.59
URY,2000,8.59,9.16,8.96,8.46,8.46,8.26,8.26,7.26,7.26,6.35,6.1,6.81
URY,2005,8.17,9.34,9.35,9.46,9.08,9.08,8.72,8.72,7.67,7.67,6.45,6.44
URY,2010,8.17,9.41,9.51,9.53,9.23,9.23,8.78,8.8,7.98,8.0,6.73,6.72
USA,1950,9.03,10.51,9.97,9.96,8.79,8.8,7.8,7.79,6.88,6.86,6.2,6.2
USA,1955,9.37,10.79,10.72,10.04,10.03,8.82,8.83,7.75,7.72,6.7,6.57,6.35
USA,1960,9.58,11.42,10.81,10.85,10.12,10.11,8.84,8.85,7.7,7.68,6.53,6.52
USA,1965,9.93,11.91,11.71,11.13,11.15,10.45,10.45,9.33,9.31,8.33,8.24,7.69
USA,1970,10.34,12.47,11.94,11.96,11.38,11.38,10.81,10.81,9.75,9.71,8.85,8.88
USA,1975,10.51,12.84,12.78,12.24,12.23,11.66,11.66,11.09,11.09,10.03,9.96,9.63
USA,1980,11.03,12.84,12.98,12.98,12.46,12.46,11.88,11.88,11.39,11.39,10.29,10.29
USA,1985,10.56,13.09,13.07,13.1,12.96,12.65,12.41,11.89,11.58,11.29,11.27,10.76
USA,1990,10.67,13.09,13.22,13.19,13.21,12.97,12.82,12.42,11.94,11.44,11.29,11.3
USA,1995,10.74,13.12,13.3,13.27,13.29,13.31,12.99,12.97,12.44,11.99,11.37,11.37
USA,2000,11.29,13.19,13.62,13.62,13.44,13.45,13.42,13.42,13.07,12.71,11.99,11.99
USA,2005,10.68,13.26,13.53,13.57,13.53,13.47,13.43,13.37,13.23,12.94,12.35,12.1
USA,2010,10.67,13.58,13.94,13.84,13.77,13.77,13.6,13.47,13.49,13.45,13.12,12.67
VEN,1950,1.89,1.69,1.38,1.38,1.09,1.09,0.99,0.99,0.97,0.97,1.01,1.01
VEN,1955,2.24,2.01,1.89,1.57,1.57,1.22,1.22,1.07,1.07,0.97,0.96,1.0
VEN,1960,3.1,2.77,2.05,2.05,1.65,1.65,1.25,1.25,1.02,1.02,0.9,0.9
VEN,1965,4.04,3.31,2.87,2.02,2.02,1.5,1.5,1.08,1.08,0.84,0.83,0.79
VEN,1970,5.93,4.07,3.21,3.2,2.1,2.1,1.48,1.48,1.0,1.0,0.74,0.74
VEN,1975,6.27,6.31,4.81,3.63,3.63,2.36,2.36,1.63,1.63,1.12,1.1,0.97
VEN,1980,6.73,7.01,6.29,5.69,4.15,4.16,2.68,2.68,1.83,1.83,1.28,1.28
VEN,1985,6.38,6.15,6.67,5.82,5.17,3.72,3.73,2.26,2.26,1.8,1.77,1.49
VEN,1990,5.86,6.73,6.36,6.36,5.36,4.63,3.26,3.26,1.78,1.78,1.77,1.77
VEN,1995,6.2,7.91,7.21,6.8,6.81,5.85,5.0,3.59,3.57,2.09,2.07,2.12
VEN,2000,6.86,9.06,8.11,7.77,7.25,7.26,6.23,5.35,3.82,3.77,2.33,2.36
VEN,2005,7.47,9.76,9.28,8.77,8.39,7.71,7.71,6.58,5.69,4.02,3.93,2.64
VEN,2010,9.0,9.96,10.05,10.42,9.69,9.16,8.26,8.26,6.96,6.09,4.23,4.23
VNM,1950,5.43,1.42,1.38,1.37,1.34,1.32,1.27,0.77,0.76,0.76,0.59,0.59
VNM,1955,5.55,1.43,1.38,1.38,1.34,1.34,1.29,1.27,0.77,0.76,0.6,0.6
VNM,1960,5.68,4.03,1.4,1.39,1.36,1.35,1.32,1.3,1.27,0.77,0.61,0.61
VNM,1965,5.85,4.07,3.98,1.41,1.37,1.37,1.33,1.33,1.3,1.28,1.25,1.25
VNM,1970,6.05,5.66,4.02,4.02,1.39,1.39,1.35,1.35,1.34,1.31,1.28,1.28
VNM,1975,6.28,5.7,5.64,4.07,3.98,1.41,1.37,1.37,1.36,1.35,1.31,1.31
VNM,1980,6.58,6.39,5.67,5.67,4.02,4.02,1.39,1.39,1.38,1.37,1.35,1.35
VNM,1985,5.54,4.63,5.53,5.07,4.98,3.63,3.53,1.46,1.44,1.43,1.41,1.42
VNM,1990,4.31,4.65,4.57,4.56,4.23,4.22,3.03,3.02,1.52,1.5,1.48,1.48
VNM,1995,4.53,6.25,5.06,5.11,4.62,4.45,4.34,3.44,3.38,2.12,2.07,2.08
VNM,2000,4.67,7.77,6.2,5.71,5.64,4.82,4.59,4.59,3.91,3.82,2.85,2.85
VNM,2005,4.45,8.3,7.75,6.86,6.4,6.42,4.97,4.89,4.86,4.48,4.35,3.87
VNM,2010,3.87,8.54,8.35,8.39,7.63,7.38,7.33,5.32,5.29,5.26,5.23,5.23
YEM,1950,0.08,0.01,0.01,0.01,0.01,0.01,0.01,0.01,0.01,0.01,0.0,0.0
YEM,1955,0.08,0.01,0.01,0.01,0.01,0.01,0.01,0.01,0.01,0.01,0.0,0.0
YEM,1960,0.08,0.01,0.01,0.01,0.01,0.01,0.01,0.01,0.01,0.01,0.01,0.01
YEM,1965,0.09,0.01,0.01,0.01,0.01,0.01,0.01,0.01,0.01,0.01,0.01,0.01
YEM,1970,0.11,0.01,0.01,0.01,0.01,0.01,0.01,0.01,0.01,0.01,0.01,0.01
YEM,1975,0.09,0.05,0.0,0.0,0.0,0.0,0.0,0.0,0.0,0.0,0.0,0.0
YEM,1980,0.22,0.13,0.06,0.01,0.01,0.01,0.01,0.01,0.01,0.01,0.01,0.01
YEM,1985,0.49,0.25,0.13,0.06,0.01,0.01,0.01,0.01,0.01,0.01,0.01,0.01
YEM,1990,1.29,0.62,0.25,0.13,0.06,0.01,0.01,0.01,0.01,0.01,0.01,0.01
YEM,1995,1.91,1.28,0.61,0.25,0.13,0.06,0.01,0.01,0.01,0.01,0.01,0.01
YEM,2000,2.4,2.25,1.27,0.62,0.25,0.13,0.06,0.01,0.01,0.01,0.01,0.01
YEM,2005,3.6,2.82,2.24,1.28,0.61,0.25,0.13,0.06,0.01,0.01,0.01,0.02
YEM,2010,5.02,4.55,2.84,2.28,1.28,0.63,0.25,0.13,0.06,0.01,0.01,0.02
ZAF,1950,5.11,4.62,4.27,4.27,4.29,4.29,3.65,3.52,3.17,1.27,1.25,1.3
ZAF,1955,5.26,4.62,4.62,4.27,4.27,4.29,4.29,3.65,3.52,3.17,3.0,3.0
ZAF,1960,5.1,4.97,4.52,4.52,4.14,4.14,4.22,4.22,3.76,3.76,3.25,3.25
ZAF,1965,5.2,4.98,4.87,4.35,4.35,4.07,4.07,4.11,4.11,3.39,3.25,3.16
ZAF,1970,5.22,5.38,4.81,4.81,4.26,4.26,4.02,4.02,4.03,4.03,3.25,3.25
ZAF,1975,5.36,5.49,5.12,4.71,4.71,4.32,4.12,3.95,3.8,3.79,3.76,3.32
ZAF,1980,5.51,5.36,5.42,4.87,4.64,4.64,4.43,4.0,3.91,3.57,3.51,3.59
ZAF,1985,5.56,5.88,5.35,5.35,4.6,4.6,4.6,4.6,3.87,3.87,3.31,3.31
ZAF,1990,6.38,8.48,7.38,6.68,6.68,6.04,6.04,5.91,5.78,5.35,5.27,5.0
ZAF,1995,8.19,9.55,9.0,9.0,7.99,7.99,7.51,7.51,7.25,6.97,6.98,6.98
ZAF,2000,8.46,9.42,9.18,8.53,7.26,7.26,6.09,6.09,5.19,5.19,4.16,4.16
ZAF,2005,9.72,10.63,10.02,9.58,9.2,7.79,7.79,6.47,6.48,5.63,5.54,4.7
ZAF,2010,9.79,11.23,11.21,10.87,10.15,10.15,8.5,8.5,7.02,7.02,6.23,6.23
ZMB,1950,2.08,1.96,1.35,1.35,0.93,0.93,0.43,0.43,0.43,0.43,0.36,0.36
ZMB,1955,2.15,1.96,1.96,1.35,1.35,0.93,0.93,0.43,0.43,0.43,0.43,0.43
ZMB,1960,2.34,2.7,1.96,1.96,1.35,1.35,0.93,0.93,0.43,0.43,0.43,0.43
ZMB,1965,2.79,2.7,2.7,1.96,1.96,1.35,1.35,0.93,0.93,0.43,0.43,0.43
ZMB,1970,3.82,3.44,2.7,2.7,1.96,1.96,1.35,1.35,0.92,0.92,0.42,0.42
ZMB,1975,4.89,3.03,3.46,2.7,2.7,1.49,1.49,1.16,1.16,0.69,0.69,0.4
ZMB,1980,4.71,5.28,3.12,3.11,2.7,2.7,0.84,0.84,0.85,0.85,0.34,0.34
ZMB,1985,4.95,5.07,4.78,3.58,3.57,1.91,1.91,0.89,0.89,0.89,0.88,0.61
ZMB,1990,4.59,5.34,5.19,4.16,4.16,4.16,0.94,0.94,0.94,0.94,0.94,0.94
ZMB,1995,6.14,6.57,6.35,5.1,5.21,5.2,2.53,2.08,2.08,2.08,2.08,2.08
ZMB,2000,6.32,7.11,6.56,6.34,5.1,5.21,5.21,2.54,2.08,2.08,2.08,2.12
ZMB,2005,6.7,7.04,7.11,6.56,6.34,5.1,5.21,5.21,2.53,2.09,2.08,2.12
ZMB,2010,9.0,7.05,7.04,7.11,6.56,6.34,5.11,5.21,5.21,2.54,2.09,2.12
ZWE,1950,2.76,1.77,1.38,1.35,1.31,0.6,0.37,0.23,0.18,0.15,0.12,0.09
ZWE,1955,3.02,2.13,1.77,1.38,1.35,1.31,0.59,0.37,0.23,0.18,0.15,0.12
ZWE,1960,3.53,2.49,2.13,1.77,1.39,1.35,1.31,0.6,0.37,0.23,0.18,0.15
ZWE,1965,4.02,2.49,2.49,2.14,1.77,1.39,1.35,1.31,0.59,0.37,0.23,0.18
ZWE,1970,4.66,3.49,2.49,2.49,2.14,1.77,1.39,1.35,1.31,0.6,0.37,0.23
ZWE,1975,4.56,3.49,3.5,2.49,2.49,2.14,1.77,1.39,1.35,1.31,1.38,1.7
ZWE,1980,4.26,5.11,3.5,3.5,2.5,2.5,2.14,1.77,1.39,1.35,1.31,1.41
ZWE,1985,5.12,5.11,5.13,3.5,3.51,2.5,2.5,2.14,1.77,1.39,1.35,1.35
ZWE,1990,6.99,7.63,5.13,5.13,3.51,3.51,2.5,2.5,2.14,1.77,1.39,1.39
ZWE,1995,8.62,7.97,7.5,5.13,5.13,3.48,3.48,2.53,2.53,2.04,1.83,4.29
ZWE,2000,8.54,8.85,7.49,7.19,5.04,5.04,3.42,3.42,2.54,2.54,1.9,1.9
ZWE,2005,8.54,8.52,8.86,7.5,7.2,5.04,5.04,3.43,3.43,2.55,2.55,1.95
ZWE,2010,8.02,8.85,8.52,8.86,7.5,7.2,5.04,5.04,3.43,3.43,2.55,2.6
