iso3,country,region,t,target_year,y,tfr,tfr_l5,tfr_l10,q5,edu_f1524,edu_f2534,edu_f2564,edu_m1524,edu_m2564,gdppc,urban,split
DZA,Algeria,Middle East and North Africa,1955,1965,7.7105,7.3364,7.3243,,249.2533,0.595,0.685,0.7054958283671037,0.818,1.0481483121195352,,49.113,train
DZA,Algeria,Middle East and North Africa,1960,1970,7.7043,7.5026,7.3364,7.3243,241.9129,0.74,0.513,0.5200115068493151,1.681,0.9393214862681745,5936.796289273422,51.736,train
DZA,Algeria,Middle East and North Africa,1965,1975,7.4848,7.7105,7.5026,7.3364,242.6619,0.901,0.48,0.3936239626556016,3.077,0.981241160949868,5349.94788334997,53.64,train
DZA,Algeria,Middle East and North Africa,1970,1980,6.9945,7.7043,7.7105,7.5026,236.14,1.9510000000000003,0.48999999999999994,0.24989068100358422,4.252,1.6150955921402017,6182.94367398238,56.07,train
DZA,Algeria,Middle East and North Africa,1975,1985,6.0352,7.4848,7.7043,7.7105,204.5037,2.584,1.287,0.6074653543307087,4.907,2.1155665914221222,8798.782020299372,58.811,train
DZA,Algeria,Middle East and North Africa,1980,1990,4.5092,6.9945,7.4848,7.7043,148.1253,3.4570000000000003,2.189,1.0459096140825999,5.877999999999999,2.797143008101444,12635.476199642437,61.515,train
DZA,Algeria,Middle East and North Africa,1985,1995,3.4869,6.0352,6.9945,7.4848,77.4321,5.137,3.079,1.6794869365489522,7.888,3.984015303119482,13631.944931730386,64.471,train
DZA,Algeria,Middle East and North Africa,1990,2000,2.5898,4.5092,6.0352,6.9945,52.188,5.91,4.239,2.51047456412706,8.308,5.040582107547626,9466.723626336236,66.97399999999999,train
DZA,Algeria,Middle East and North Africa,1995,2005,2.5619,3.4869,4.5092,6.0352,47.6191,7.041,5.306,3.32105851910828,8.345,5.922924363057325,8151.331348189717,70.279,train
DZA,Algeria,Middle East and North Africa,2000,2010,2.8747,2.5898,3.4869,4.5092,41.5595,7.103,6.307,4.237074398249454,7.468,6.480105095541401,10968.291466448856,72.857,gap
DZA,Algeria,Middle East and North Africa,2005,2015,3.0914,2.5619,2.5898,3.4869,33.8578,7.8,7.279,4.982130989509499,7.334,6.712640436852422,13425.808424528663,74.717,test
DZA,Algeria,Middle East and North Africa,2010,2020,2.9404,2.8747,2.5619,2.5898,28.088,8.773,8.005,5.840064738783767,7.742,7.1149010410574345,14332.971683238851,76.635,test
BEN,Benin,Sub-Saharan Africa,1955,1965,6.6048,5.9934,5.7511,,331.3274,0.44499999999999995,0.337,0.257681592039801,1.312,0.7583526170798898,,56.166,train
BEN,Benin,Sub-Saharan Africa,1960,1970,6.7354,6.2825,5.9934,5.7511,309.0415,0.49700000000000005,0.339,0.30238709677419356,1.433,0.8802664835164834,1700.3762421357806,56.368,train
BEN,Benin,Sub-Saharan Africa,1965,1975,6.8296,6.6048,6.2825,5.9934,283.8558,0.59,0.342,0.3321586206896552,1.61,0.9667331606217616,1766.6862657100387,57.217,train
BEN,Benin,Sub-Saharan Africa,1970,1980,6.9892,6.7354,6.6048,6.2825,260.2158,0.704,0.345,0.3373630705394191,1.815,0.9871140142517815,2050.51919831862,58.472,train
BEN,Benin,Sub-Saharan Africa,1975,1985,7.0032,6.8296,6.7354,6.6048,235.7658,0.8590000000000001,0.349,0.34203642987249544,2.069,1.0058964059196618,1795.7659622006088,60.022,train
BEN,Benin,Sub-Saharan Africa,1980,1990,6.7407,6.9892,6.8296,6.7354,212.3425,1.321,0.354,0.3465939968404423,3.199,1.0102679856115109,1983.8636791244132,60.532,train
BEN,Benin,Sub-Saharan Africa,1985,1995,6.33,7.0032,6.9892,6.8296,191.9992,1.883,0.862,0.5833817934782608,3.9450000000000003,1.7209366515837103,1823.1692923818414,61.319,train
BEN,Benin,Sub-Saharan Africa,1990,2000,5.9374,6.7407,7.0032,6.9892,172.2298,2.354,1.447,0.8905117647058824,4.08,2.5556756756756758,1283.1402090987922,63.866,train
BEN,Benin,Sub-Saharan Africa,1995,2005,5.6916,6.33,6.7407,7.0032,153.3601,2.594,1.907,1.2927777777777776,4.365,3.3538006166495378,1243.4863830024615,65.747,train
BEN,Benin,Sub-Saharan Africa,2000,2010,5.4519,5.9374,6.33,6.7407,136.5895,3.011,2.185,1.6521931330472104,5.36,3.9533514938488574,1587.3617575882788,67.51400000000001,gap
BEN,Benin,Sub-Saharan Africa,2005,2015,5.3199,5.6916,5.9374,6.33,121.4135,3.9010000000000002,2.444,1.9293172514619883,6.107,4.311858695652174,1941.5810402174834,69.977,test
BEN,Benin,Sub-Saharan Africa,2010,2020,4.7951,5.4519,5.6916,5.9374,108.5906,5.545,2.859,2.261671550671551,7.065,4.729763517528223,1911.6771983346703,71.264,test
BWA,Botswana,Sub-Saharan Africa,1955,1965,6.6037,6.5463,6.4287,,194.1469,1.863,1.294,1.2716785714285714,1.4099999999999997,1.331753424657534,,47.982,train
BWA,Botswana,Sub-Saharan Africa,1960,1970,6.5504,6.5954,6.5463,6.4287,167.1635,1.938,1.303,1.2805111111111112,1.579,1.3395526315789474,519.4698427467649,49.317,train
BWA,Botswana,Sub-Saharan Africa,1965,1975,6.6129,6.6037,6.5954,6.5463,144.3795,2.642,1.325,1.2951372549019606,2.166,1.363048780487805,593.7363280092563,50.869,train
BWA,Botswana,Sub-Saharan Africa,1970,1980,6.2917,6.5504,6.6037,6.5954,123.1159,3.363,2.05,1.5822894736842106,3.187,1.6830217391304347,960.0216581046932,50.299,train
BWA,Botswana,Sub-Saharan Africa,1975,1985,5.4824,6.6129,6.5504,6.6037,98.0559,3.7259999999999995,2.6730000000000005,2.2897462686567165,3.3520000000000003,2.34187962962963,1855.0610558538083,53.141,train
BWA,Botswana,Sub-Saharan Africa,1980,1990,4.5095,6.2917,6.6129,6.5504,72.8191,4.962,2.256,2.256,4.365,2.3152910447761195,2730.8397155818006,58.459,train
BWA,Botswana,Sub-Saharan Africa,1985,1995,3.7921,5.4824,6.2917,6.6129,55.4531,7.798,5.059,3.9866836734693876,7.002,4.125627218934911,4007.044158079979,62.362,train
BWA,Botswana,Sub-Saharan Africa,1990,2000,3.2943,4.5095,5.4824,6.2917,51.7623,9.994,7.885,6.096855319148936,9.135,6.227224880382775,7378.950013153231,63.84,train
BWA,Botswana,Sub-Saharan Africa,1995,2005,3.082,3.7921,4.5095,5.4824,67.5095,10.688,8.918,7.076425531914893,10.644,7.002070038910506,8287.87606590506,66.02000000000001,train
BWA,Botswana,Sub-Saharan Africa,2000,2010,3.1347,3.2943,3.7921,4.5095,75.6523,10.726000000000003,10.251,8.003113846153846,10.741,7.963986348122868,11829.349520928188,67.771,gap
BWA,Botswana,Sub-Saharan Africa,2005,2015,3.0084,3.082,3.2943,3.7921,68.8596,10.558,10.812,8.699672955974844,10.664,8.776955631399318,14253.337117331766,68.065,test
BWA,Botswana,Sub-Saharan Africa,2010,2020,2.8614,3.1347,3.082,3.2943,58.4336,10.517,10.847,9.325503311258277,10.589,9.492171140939597,14641.5026508413,69.268,test
BDI,Burundi,Sub-Saharan Africa,1955,1965,7.1133,6.9301,6.9229,,262.3073,0.599,0.084,0.06357115009746589,1.566,0.5380699774266365,,37.305,train
BDI,Burundi,Sub-Saharan Africa,1960,1970,7.2145,7.0026,6.9301,6.9229,249.4195,1.075,0.178,0.09893235831809873,1.534,0.7552123142250532,719.3280048843659,39.786,train
BDI,Burundi,Sub-Saharan Africa,1965,1975,7.2442,7.1133,7.0026,6.9301,252.618,1.124,0.755,0.3197521514629948,1.713,0.8825526315789474,661.0434375834333,42.963,train
BDI,Burundi,Sub-Saharan Africa,1970,1980,7.3526,7.2145,7.1133,7.0026,249.1044,1.037,1.206,0.5174313408723749,2.595,0.9894042145593869,815.5212533744611,45.933,train
BDI,Burundi,Sub-Saharan Africa,1975,1985,7.2937,7.2442,7.2145,7.1133,246.2266,1.12,1.037,0.6062820097244732,2.886,1.4005553319919517,744.4362129539123,48.031,train
BDI,Burundi,Sub-Saharan Africa,1980,1990,7.3651,7.3526,7.2442,7.2145,219.5066,1.411,0.899,0.7144892395982784,2.7350000000000003,1.8045885416666667,892.6352952649473,51.528,train
BDI,Burundi,Sub-Saharan Africa,1985,1995,7.1836,7.2937,7.3526,7.2442,182.9414,1.452,1.117,0.9003562130177515,2.391,2.0729109589041093,972.3638155102985,55.791,train
BDI,Burundi,Sub-Saharan Africa,1990,2000,6.8715,7.3651,7.2937,7.3526,171.3807,1.957,1.304,1.0428440366972478,2.765,2.264947187141217,912.15070049276,58.48,train
BDI,Burundi,Sub-Saharan Africa,1995,2005,6.7076,7.1836,7.3651,7.2937,170.2767,2.82,1.3830000000000002,1.1669165048543688,3.738,2.321214206437292,747.3562661170965,60.66,train
BDI,Burundi,Sub-Saharan Africa,2000,2010,6.2599,6.8715,7.1836,7.3651,153.6409,3.29,1.971,1.4507712031558184,4.013,2.604609756097561,679.751306843719,62.981,gap
BDI,Burundi,Sub-Saharan Africa,2005,2015,5.6951,6.7076,6.8715,7.1836,122.6427,3.386,2.8,1.8543974683544302,4.03,3.0254877126654063,659.7713575624364,65.686,test
BDI,Burundi,Sub-Saharan Africa,2010,2020,5.1766,6.2599,6.7076,6.8715,90.9976,4.157,3.323,2.3537657295850067,4.684,3.2353359712230216,709.6575595524956,72.70400000000001,test
CMR,Cameroon,Sub-Saharan Africa,1955,1965,5.7962,5.7371,5.7314,,326.7612,0.732,0.333,0.23466176470588235,2.183,1.125333705357143,,59.694,train
CMR,Cameroon,Sub-Saharan Africa,1960,1970,6.1975,5.7248,5.7371,5.7314,281.2415,0.862,0.513,0.3308839458413927,2.422,1.4585682051282052,1562.7697885201433,60.817,train
CMR,Cameroon,Sub-Saharan Africa,1965,1975,6.4013,5.7962,5.7248,5.7371,250.7116,1.516,0.677,0.4110938883968113,3.402,1.7285600375234522,1716.370585764528,62.023,train
CMR,Cameroon,Sub-Saharan Africa,1970,1980,6.6131,6.1975,5.7962,5.7248,214.3302,2.058,1.097,0.6337351046698874,3.9649999999999994,2.2067540425531917,1731.425237416642,63.84,train
CMR,Cameroon,Sub-Saharan Africa,1975,1985,6.5639,6.4013,6.1975,5.7962,191.7141,3.53,1.474,0.8300934306569343,5.162,2.6328030769230772,1734.4737035273802,66.00200000000001,train
CMR,Cameroon,Sub-Saharan Africa,1980,1990,6.3624,6.6131,6.4013,6.1975,176.6401,4.243,2.578,1.4095860495436765,5.831,3.275843406593407,2483.6445253245233,66.55799999999999,train
CMR,Cameroon,Sub-Saharan Africa,1985,1995,5.9187,6.5639,6.6131,6.4013,150.1013,4.848,4.08,2.1269636576787807,6.217,4.047721744471744,3563.337401941811,66.925,train
CMR,Cameroon,Sub-Saharan Africa,1990,2000,5.5141,6.3624,6.5639,6.6131,138.6696,5.525,4.828,2.859650180319423,6.721,4.780453469607315,2608.670923924762,67.836,train
CMR,Cameroon,Sub-Saharan Africa,1995,2005,5.4209,5.9187,6.3624,6.5639,145.7627,5.956,5.44,3.637,7.17,5.496910891089109,2477.034871740328,69.626,train
CMR,Cameroon,Sub-Saharan Africa,2000,2010,5.1543,5.5141,5.9187,6.3624,143.2407,6.045,6.126,4.400994002399041,7.06,6.180920767306088,2731.4123176761295,71.311,gap
CMR,Cameroon,Sub-Saharan Africa,2005,2015,4.8409,5.4209,5.5141,5.9187,127.9033,5.886000000000001,6.625,5.126043072505384,6.596,6.795868022181146,2743.015337997599,72.367,test
CMR,Cameroon,Sub-Saharan Africa,2010,2020,4.5566,5.1543,5.4209,5.5141,109.9234,6.212,6.899,5.8107652312599685,6.592,7.032804263565892,2902.4251611541304,73.288,test
CAF,Central African Republic,Sub-Saharan Africa,1955,1965,6.028,5.9153,5.93,,298.7262,0.289,0.288,0.2458239202657807,0.959,0.5414774436090225,,42.775,train
CAF,Central African Republic,Sub-Saharan Africa,1960,1970,6.0273,5.9478,5.9153,5.93,277.8055,0.326,0.281,0.2594672897196262,1.147,0.6219395017793594,1481.193937512222,44.158,train
CAF,Central African Republic,Sub-Saharan Africa,1965,1975,5.8771,6.028,5.9478,5.9153,251.7732,0.396,0.32599999999999996,0.2829652173913043,1.475,0.7477218543046357,1453.2622373916217,45.817,train
CAF,Central African Republic,Sub-Saharan Africa,1970,1980,6.1302,6.0273,6.028,5.9478,224.896,0.588,0.392,0.3168288770053476,2.277,0.9548632218844985,1534.0213125481741,47.83,train
CAF,Central African Republic,Sub-Saharan Africa,1975,1985,6.1191,5.8771,6.0273,6.028,203.6074,1.019,0.527,0.3821037974683544,3.1149999999999998,1.2464655172413792,1276.0463391262338,49.565,train
CAF,Central African Republic,Sub-Saharan Africa,1980,1990,6.0494,6.1302,5.8771,6.0273,188.393,1.864,0.774,0.4992522935779817,4.246,1.7838025974025975,1134.0645488597004,48.746,train
CAF,Central African Republic,Sub-Saharan Africa,1985,1995,5.9427,6.1191,6.1302,5.8771,180.2724,2.175,1.32,0.7839537223340041,4.453,2.559567567567568,1325.214968067131,47.679,train
CAF,Central African Republic,Sub-Saharan Africa,1990,2000,5.8509,6.0494,6.1191,6.1302,176.6694,2.854,1.931,1.0954585635359115,4.972,3.3494066390041493,1194.4100714288832,48.262,train
CAF,Central African Republic,Sub-Saharan Africa,1995,2005,5.812,5.9427,6.0494,6.1191,172.7966,3.1209999999999996,2.43,1.5047281713344316,5.176,3.973360957642725,1152.925165196619,50.288,train
CAF,Central African Republic,Sub-Saharan Africa,2000,2010,5.9631,5.8509,5.9427,6.0494,165.2037,3.169,3.012,1.905581929555896,5.085,4.551691652470187,1040.4353407581034,51.761,gap
CAF,Central African Republic,Sub-Saharan Africa,2005,2015,6.1262,5.812,5.8509,5.9427,147.8754,3.149,3.299,2.302127976190476,4.977999999999999,5.019157212317666,932.9184205533926,53.355,test
CAF,Central African Republic,Sub-Saharan Africa,2010,2020,6.0587,5.9631,5.812,5.8509,148.1738,3.3349999999999995,3.391,2.669552742616034,4.795,5.236473293768546,1098.297219651518,54.201,test
COG,Congo,Sub-Saharan Africa,1955,1965,6.2286,6.0646,6.065,,236.7503,1.002,0.135,0.17171929824561405,3.521,0.7304846625766871,,74.05799999999999,train
COG,Congo,Sub-Saharan Africa,1960,1970,6.3763,6.0848,6.0646,6.065,194.0401,1.129,0.251,0.20992670157068063,3.8120000000000003,1.0729322033898305,1059.2814431994943,76.202,train
COG,Congo,Sub-Saharan Africa,1965,1975,6.3555,6.2286,6.0848,6.0646,161.0706,2.236,0.352,0.24374285714285715,4.692,1.3473484848484847,1347.7571208237105,78.423,train
COG,Congo,Sub-Saharan Africa,1970,1980,6.0648,6.3763,6.2286,6.0848,137.0713,2.989,0.9009999999999999,0.47770638297872337,5.195000000000001,2.074321428571429,1508.4856910228186,80.712,train
COG,Congo,Sub-Saharan Africa,1975,1985,5.5866,6.3555,6.3763,6.2286,120.058,5.748,1.38,0.680621722846442,8.107,2.722976377952756,1816.4477553075546,82.971,train
COG,Congo,Sub-Saharan Africa,1980,1990,5.2665,6.0648,6.3555,6.3763,106.3696,6.286999999999999,3.109,1.5256039603960396,8.607,3.9654048442906573,2365.7871320905333,84.378,train
COG,Congo,Sub-Saharan Africa,1985,1995,5.0683,5.5866,6.0648,6.3555,94.6418,7.277,4.59,2.264126436781609,8.805,5.038090634441088,3807.382834785442,85.893,train
COG,Congo,Sub-Saharan Africa,1990,2000,4.7242,5.2665,5.5866,6.0648,92.3061,7.399,5.915,3.4373731343283582,6.826,6.231013054830288,2487.0883284547663,85.382,train
COG,Congo,Sub-Saharan Africa,1995,2005,4.6689,5.0683,5.2665,5.5866,104.0373,6.772,6.9239999999999995,4.377494623655914,6.331,6.779965986394558,1651.8250503709646,85.019,train
COG,Congo,Sub-Saharan Africa,2000,2010,4.8507,4.7242,5.0683,5.2665,109.265,5.51,7.013,5.216642592592593,6.52,6.655266019417475,2643.4158642923812,85.584,gap
COG,Congo,Sub-Saharan Africa,2005,2015,4.6073,4.6689,4.7242,5.0683,85.7382,5.379,5.905,5.366083061889251,6.595000000000001,6.771695945945946,3637.877570112,85.906,test
COG,Congo,Sub-Saharan Africa,2010,2020,4.3295,4.8507,4.6689,4.7242,63.609,5.950999999999999,4.636,5.303812680115274,6.729,6.763008862629246,5043.9415159143155,87.376,test
EGY,Egypt,Middle East and North Africa,1955,1965,6.3867,7.0147,7.0582,,370.1606,0.449,0.243,0.16957468085106384,1.42,1.0103132503820127,663.0300827162586,86.03,train
EGY,Egypt,Middle East and North Africa,1960,1970,6.059,6.7929,7.0147,7.0582,317.1396,0.59,0.393,0.24497118545735833,1.615,1.2259322365844105,742.3300051078176,87.268,train
EGY,Egypt,Middle East and North Africa,1965,1975,5.7491,6.3867,6.7929,7.0147,272.7043,1.071,0.528,0.30356645230439444,2.283,1.3894869815047584,924.5017522906126,88.508,train
EGY,Egypt,Middle East and North Africa,1970,1980,5.4938,6.059,6.3867,6.7929,245.6807,1.282,0.909,0.4918666992984173,2.574,1.755906596995428,1196.5124145813927,89.592,train
EGY,Egypt,Middle East and North Africa,1975,1985,5.1157,5.7491,6.059,6.3867,214.4552,1.921,1.26,0.6729405476643726,3.249,2.0903862698880378,1346.9307160584794,90.527,train
EGY,Egypt,Middle East and North Africa,1980,1990,4.5121,5.4938,5.7491,6.059,167.2516,2.844,1.9980000000000002,1.215827263400872,4.889,3.2143086564825696,1403.8804324570588,91.876,train
EGY,Egypt,Middle East and North Africa,1985,1995,3.7644,5.1157,5.4938,5.7491,119.3258,4.712,2.962,1.887193555605281,6.661,4.720703041348673,1988.8434450566047,93.016,train
EGY,Egypt,Middle East and North Africa,1990,2000,3.505,4.5121,5.1157,5.4938,85.984,5.819,3.896,2.5477519788918204,7.541,5.33273542952297,2237.634075360997,94.151,train
EGY,Egypt,Middle East and North Africa,1995,2005,3.2535,3.7644,4.5121,5.1157,64.297,7.052,5.1,3.274282177363699,8.106,5.977631689218681,4058.7723914996423,94.958,train
EGY,Egypt,Middle East and North Africa,2000,2010,3.296,3.505,3.7644,4.5121,46.9538,8.014,6.28,4.142885755658868,8.804,6.724984798464491,5182.5063214823795,95.585,gap
EGY,Egypt,Middle East and North Africa,2005,2015,3.5,3.2535,3.505,3.7644,35.9208,8.147,7.355,5.06360686695279,8.547,7.411895047796071,5742.8910039990305,96.072,test
EGY,Egypt,Middle East and North Africa,2010,2020,2.85,3.296,3.2535,3.505,28.7045,6.849,7.653,5.724032203293905,8.843,8.201387992216118,9653.484659816882,96.444,test
GAB,Gabon,Sub-Saharan Africa,1955,1965,4.7849,4.0659,3.9481,,258.6897,2.417,0.868,0.7574260869565217,1.688,0.1375,,68.814,train
GAB,Gabon,Sub-Saharan Africa,1960,1970,5.0967,4.4221,4.0659,3.9481,222.7607,3.105,1.269,0.9167913043478261,2.133,0.15592792792792792,2919.4871842829025,68.492,train
GAB,Gabon,Sub-Saharan Africa,1965,1975,5.3907,4.7849,4.4221,4.0659,191.192,4.495,2.145,1.223198275862069,3.3729999999999998,0.17407272727272727,5028.575827047175,68.65299999999999,train
GAB,Gabon,Sub-Saharan Africa,1970,1980,5.6641,5.0967,4.7849,4.4221,163.6985,5.279,3.685,1.819925,3.665,0.35677876106194695,6006.376644205169,69.334,train
GAB,Gabon,Sub-Saharan Africa,1975,1985,5.7133,5.3907,5.0967,4.7849,139.9715,7.082,4.687,2.4346240000000003,4.742,0.6171092436974791,9207.074370189457,70.515,train
GAB,Gabon,Sub-Saharan Africa,1980,1990,5.4587,5.6641,5.3907,5.0967,119.278,7.676,6.322,3.641671641791045,3.85,1.673530303030303,13953.667562210187,73.754,train
GAB,Gabon,Sub-Saharan Africa,1985,1995,4.8843,5.7133,5.6641,5.3907,103.1145,8.503,7.63,4.7461496598639465,5.222,2.6089931034482756,11455.613168866703,74.71600000000001,train
GAB,Gabon,Sub-Saharan Africa,1990,2000,4.4692,5.4587,5.7133,5.6641,93.0427,8.332,8.388,5.939161676646707,6.367999999999999,3.830142857142857,9573.417174901104,75.584,train
GAB,Gabon,Sub-Saharan Africa,1995,2005,4.2097,4.8843,5.4587,5.7133,88.1032,8.822,9.032,6.937758064516129,7.839,4.930193548387097,9500.814873505225,76.856,train
GAB,Gabon,Sub-Saharan Africa,2000,2010,4.1532,4.4692,4.8843,5.4587,83.059,9.337,9.43,7.897888372093022,8.059,5.923826291079812,10743.447596032516,78.208,gap
GAB,Gabon,Sub-Saharan Africa,2005,2015,3.9207,4.2097,4.4692,4.8843,73.4665,9.496,10.077,8.683122448979592,8.806,6.577836820083682,18984.179371331036,78.423,test
GAB,Gabon,Sub-Saharan Africa,2010,2020,3.8306,4.1532,4.2097,4.4692,61.6427,9.655,10.63,9.36067883211679,10.182,7.067460966542751,14780.794807174874,79.46000000000001,test
GMB,Gambia,Sub-Saharan Africa,1955,1965,6.1918,6.334,6.353,,392.0247,0.396,0.251,0.24974193548387094,0.785,0.4953272727272727,,33.197,train
GMB,Gambia,Sub-Saharan Africa,1960,1970,6.2566,6.2462,6.334,6.353,361.0161,0.431,0.233,0.25026760563380285,0.885,0.5348,2829.9167566105125,35.464,train
GMB,Gambia,Sub-Saharan Africa,1965,1975,6.4276,6.1918,6.2462,6.334,326.4595,0.505,0.218,0.24517283950617283,1.139,0.5623815789473684,2972.2033343444778,37.985,train
GMB,Gambia,Sub-Saharan Africa,1970,1980,6.4137,6.2566,6.1918,6.2462,294.7937,0.585,0.252,0.25265217391304345,1.245,0.6348505747126437,3073.144102278294,40.746,train
GMB,Gambia,Sub-Saharan Africa,1975,1985,6.3575,6.4276,6.2566,6.1918,261.9715,0.832,0.283,0.25884684684684683,1.934,0.70367,3295.2993654469665,43.823,train
GMB,Gambia,Sub-Saharan Africa,1980,1990,6.2457,6.4137,6.4276,6.2566,229.8283,1.014,0.519,0.3860887096774194,2.288,1.0172100840336133,2821.907501307384,46.862,train
GMB,Gambia,Sub-Saharan Africa,1985,1995,5.994,6.3575,6.4137,6.4276,197.04,1.284,0.7950000000000002,0.5476301369863015,2.744,1.4557259259259259,3099.457631788123,49.354,train
GMB,Gambia,Sub-Saharan Africa,1990,2000,5.7163,6.2457,6.3575,6.4137,166.3598,2.072,1.019,0.7340517241379311,3.9299999999999997,1.8652275449101796,2849.0890788004153,54.864,train
GMB,Gambia,Sub-Saharan Africa,1995,2005,5.7082,5.994,6.2457,6.3575,138.3061,2.88,1.268,0.9661619047619048,4.596,2.382462311557789,2662.651532352746,59.011,train
GMB,Gambia,Sub-Saharan Africa,2000,2010,5.558,5.7163,5.994,6.2457,113.1211,3.394,2.068,1.3247469879518072,4.881,2.9068949579831935,2823.140193757148,62.013,gap
GMB,Gambia,Sub-Saharan Africa,2005,2015,5.003,5.7082,5.7163,5.994,91.5635,4.586,2.773,1.6769723183391005,5.719,3.3448115942028984,3012.81867797124,65.24000000000001,test
GMB,Gambia,Sub-Saharan Africa,2010,2020,4.2479,5.558,5.7082,5.7163,73.4955,5.398,3.418,2.1833201219512195,5.997,3.8705754716981136,2766.35498808761,68.908,test
GHA,Ghana,Sub-Saharan Africa,1955,1965,6.8795,6.8184,6.6998,,227.3007,0.508,0.324,0.2809158512720157,1.589,1.0876337890625,3881.297751147211,47.57,train
GHA,Ghana,Sub-Saharan Africa,1960,1970,6.9525,6.8905,6.8184,6.6998,210.2091,1.007,0.328,0.29777759197324416,2.49,1.15599081803005,4408.5569278881685,50.588,train
GHA,Ghana,Sub-Saharan Africa,1965,1975,6.762,6.8795,6.8905,6.8184,203.0924,2.158,0.867,0.5603938730853392,4.627,1.9560572878897753,4268.921896257669,52.88,train
GHA,Ghana,Sub-Saharan Africa,1970,1980,6.4735,6.9525,6.8795,6.8905,201.1635,4.58,1.456,0.8838759946949603,7.219,2.970160949868074,4503.290615614799,55.072,train
GHA,Ghana,Sub-Saharan Africa,1975,1985,6.1192,6.762,6.9525,6.8795,186.2176,5.886,2.275,1.3844370629370628,8.512,3.7830450346420323,3926.289491626532,57.78,train
GHA,Ghana,Sub-Saharan Africa,1980,1990,5.7369,6.4735,6.762,6.9525,168.3453,5.983,3.944,2.1970398300584173,9.361,4.57090380549683,3522.2455579111147,59.352,train
GHA,Ghana,Sub-Saharan Africa,1985,1995,5.1056,6.1192,6.4735,6.762,153.2615,5.585,5.452,3.1500835214446954,9.815,5.7529509450945095,2839.703906966677,61.192,train
GHA,Ghana,Sub-Saharan Africa,1990,2000,4.8268,5.7369,6.1192,6.4735,129.0698,5.447,5.662,3.8777281931464174,8.816,6.9779572317262835,2932.5133503724323,63.177,train
GHA,Ghana,Sub-Saharan Africa,1995,2005,4.4965,5.1056,5.7369,6.1192,114.4768,5.091,5.906,4.674831822759315,7.663,7.7272199128394226,2793.9307865402125,66.858,train
GHA,Ghana,Sub-Saharan Africa,2000,2010,4.1814,4.8268,5.1056,5.7369,99.5689,5.767,5.919,5.3548628305725074,7.619,7.942211014492754,3229.755956473766,69.67099999999999,gap
GHA,Ghana,Sub-Saharan Africa,2005,2015,3.982,4.4965,4.8268,5.1056,83.5555,7.346,5.942,5.611582553729456,8.893,7.976280310621242,3219.4743185563166,72.319,test
GHA,Ghana,Sub-Saharan Africa,2010,2020,3.5414,4.1814,4.4965,4.8268,69.4088,8.107,7.24,6.255728939327804,8.639,8.27424662234613,4271.9044252657795,74.482,test
CIV,Cote dIvoire,Sub-Saharan Africa,1955,1965,7.8406,7.5975,7.6096,,360.0616,1.085,0.15999999999999998,0.23670703124999998,2.22,0.7234082397003746,,36.1,train
CIV,Cote dIvoire,Sub-Saharan Africa,1960,1970,7.936,7.6911,7.5975,7.6096,318.6169,1.155,0.189,0.22178547854785477,2.469,0.8433476263399694,2030.6597762534968,38.764,train
CIV,Cote dIvoire,Sub-Saharan Africa,1965,1975,7.9096,7.8406,7.6911,7.5975,279.757,1.25,0.245,0.22448256624825663,2.692,1.0311232704402515,2253.081981838783,42.277,train
CIV,Cote dIvoire,Sub-Saharan Africa,1970,1980,7.5858,7.936,7.8406,7.6911,243.1135,1.473,0.329,0.24581451612903224,3.3,1.2398324974924773,3037.460596216551,46.059,train
CIV,Cote dIvoire,Sub-Saharan Africa,1975,1985,7.2726,7.9096,7.936,7.8406,202.9996,1.812,0.465,0.2989057692307693,4.602,1.5607969130787975,2990.3708314379182,50.549,train
CIV,Cote dIvoire,Sub-Saharan Africa,1980,1990,6.7186,7.5858,7.9096,7.936,170.2465,2.193,0.853,0.4897878554957724,4.967,2.0929451180599874,2687.593016950577,52.322,train
CIV,Cote dIvoire,Sub-Saharan Africa,1985,1995,6.0378,7.2726,7.5858,7.9096,155.2086,2.5,1.395,0.7738574969021066,4.997,2.6307797649463467,3026.8932286173817,53.722,train
CIV,Cote dIvoire,Sub-Saharan Africa,1990,2000,5.7735,6.7186,7.2726,7.5858,152.7605,2.88,1.834,1.0717798449612401,5.115,3.073824858757062,2537.2696847313396,55.246,train
CIV,Cote dIvoire,Sub-Saharan Africa,1995,2005,5.4989,6.0378,6.7186,7.2726,151.277,3.7599999999999993,2.427,1.5555477990217874,5.899,3.642034270311898,2622.5742155044572,57.675,train
CIV,Cote dIvoire,Sub-Saharan Africa,2000,2010,5.2921,5.7735,6.0378,6.7186,140.0526,3.9990000000000006,3.615,2.3393201396973224,5.948,4.499445820433436,2428.259690882247,60.23,gap
CIV,Cote dIvoire,Sub-Saharan Africa,2005,2015,4.9697,5.4989,5.7735,6.0378,121.8002,4.264,4.18,2.8834801545486477,6.139,5.124542957521559,2203.381473012579,61.669,test
CIV,Cote dIvoire,Sub-Saharan Africa,2010,2020,4.4614,5.2921,5.4989,5.7735,102.7585,4.724,4.537,3.4856921670222496,6.173,5.587427154195011,2898.6096889389983,63.494,test
KEN,Kenya,Sub-Saharan Africa,1955,1965,7.9233,7.4596,7.3887,,253.2737,1.102,0.78,0.5364685430463577,2.64,1.6949124999999998,1894.7088864653945,24.980999999999995,train
KEN,Kenya,Sub-Saharan Africa,1960,1970,7.943,7.6512,7.4596,7.3887,197.5297,1.422,0.881,0.6219940564635958,3.067,1.9388996466431092,1874.943607999995,27.900000000000006,train
KEN,Kenya,Sub-Saharan Africa,1965,1975,7.7953,7.9233,7.6512,7.4596,166.962,1.6809999999999998,0.974,0.6749212121212121,3.578,2.0766176853055915,1989.4796780471509,31.605000000000004,train
KEN,Kenya,Sub-Saharan Africa,1970,1980,7.5305,7.943,7.9233,7.6512,149.7705,2.616,1.092,0.7290943627450981,4.445,2.341262176788936,1968.6150000610544,35.706999999999994,train
KEN,Kenya,Sub-Saharan Africa,1975,1985,6.9599,7.7953,7.943,7.9233,130.5024,2.939,1.826,1.1038347457627118,5.038,3.0497457627118645,2076.4214639581724,39.608,train
KEN,Kenya,Sub-Saharan Africa,1980,1990,6.1355,7.5305,7.7953,7.943,109.5574,4.042,2.433,1.5287161629434953,5.835,3.9469812750780204,2204.716293454358,44.405,train
KEN,Kenya,Sub-Saharan Africa,1985,1995,5.3717,6.9599,7.5305,7.7953,97.0746,5.114,3.118,2.086561019382627,6.445,4.638239379386775,2192.6455927914576,49.674,train
KEN,Kenya,Sub-Saharan Africa,1990,2000,5.1355,6.1355,6.9599,7.5305,101.0548,5.995,4.233,2.8027730475631234,6.986,5.342160828510508,2203.2935099712413,55.284,train
KEN,Kenya,Sub-Saharan Africa,1995,2005,4.8008,5.3717,6.1355,6.9599,107.307,5.942,5.526,3.7392487419122933,6.78,6.118397445529677,2229.377406476436,58.458,train
KEN,Kenya,Sub-Saharan Africa,2000,2010,4.4463,5.1355,5.3717,6.1355,94.4234,5.913,6.423,4.528488764044943,6.61,6.826080721339631,2056.7920059865055,62.099,gap
KEN,Kenya,Sub-Saharan Africa,2005,2015,3.7658,4.8008,5.1355,5.3717,71.028,6.633,6.541,5.131409251346833,7.041,7.300552260934025,1971.5707120115978,64.697,test
KEN,Kenya,Sub-Saharan Africa,2010,2020,3.3638,4.4463,4.8008,5.1355,54.3435,6.002,7.053,5.921953100409191,6.088,7.521765281173594,2467.8052629346244,68.824,test
LSO,Lesotho,Sub-Saharan Africa,1955,1965,5.772,5.7865,5.7007,,210.3662,4.05,3.6649999999999996,2.69937012987013,2.856,2.378771653543307,,14.394000000000005,train
LSO,Lesotho,Sub-Saharan Africa,1960,1970,5.6977,5.7843,5.7865,5.7007,188.4229,4.086,3.885,3.082122699386503,3.051,2.5778671875,873.6299683662754,15.679000000000002,train
LSO,Lesotho,Sub-Saharan Africa,1965,1975,5.8247,5.772,5.7843,5.7865,186.0901,4.506,4.066,3.395683333333333,3.302,2.782830769230769,1099.9066552639736,17.236000000000004,train
LSO,Lesotho,Sub-Saharan Africa,1970,1980,5.7456,5.6977,5.772,5.7843,176.2361,4.891,4.439,3.7385487179487176,3.559,2.897934306569343,1158.6253729693024,19.235,train
LSO,Lesotho,Sub-Saharan Africa,1975,1985,5.4008,5.8247,5.6977,5.772,153.68,5.5809999999999995,4.934,4.1551376146789,3.95,2.9859794520547944,1346.51055206946,21.426000000000002,train
LSO,Lesotho,Sub-Saharan Africa,1980,1990,4.8134,5.7456,5.8247,5.6977,123.4642,6.271,5.239,4.438392561983471,4.443,3.163158536585366,1388.6070370295672,27.159999999999997,train
LSO,Lesotho,Sub-Saharan Africa,1985,1995,4.1253,5.4008,5.7456,5.8247,98.4197,6.403,6.173,4.97823076923077,4.577,3.5007291666666664,1233.6825006493136,30.242000000000004,train
LSO,Lesotho,Sub-Saharan Africa,1990,2000,3.6053,4.8134,5.4008,5.7456,86.7956,6.711,7.1049999999999995,5.57440614334471,4.869,3.9635392156862745,1390.6572542754295,34.336,train
LSO,Lesotho,Sub-Saharan Africa,1995,2005,3.4278,4.1253,4.8134,5.4008,94.619,7.324,7.576,6.114192182410423,5.449,4.366506976744186,1556.718312876462,36.021,train
LSO,Lesotho,Sub-Saharan Africa,2000,2010,3.2496,3.6053,4.1253,4.8134,109.6183,7.87,7.784,6.727531722054381,5.879,4.863481818181818,1794.0493444492188,37.762,gap
LSO,Lesotho,Sub-Saharan Africa,2005,2015,3.2166,3.4278,3.6053,4.1253,114.1106,8.794,8.249,7.372592024539878,7.086,5.434538461538461,2164.281615193947,36.675,test
LSO,Lesotho,Sub-Saharan Africa,2010,2020,2.8462,3.2496,3.4278,3.6053,94.9498,6.96,7.628,6.7762492211838,5.31,5.008123404255318,2465.260224888767,36.62,test
LBR,Liberia,Sub-Saharan Africa,1955,1965,6.6168,6.1913,6.0012,,308.2482,0.357,0.266,0.26586470588235295,1.019,0.8916770186335404,,38.502,train
LBR,Liberia,Sub-Saharan Africa,1960,1970,6.5784,6.391,6.1913,6.0012,309.613,0.48,0.268,0.26737967914438504,1.487,0.8857833333333334,,38.986,train
LBR,Liberia,Sub-Saharan Africa,1965,1975,6.7439,6.6168,6.391,6.1913,303.7811,0.675,0.377,0.34894230769230766,1.766,1.223365,2418.3609424553897,39.789,train
LBR,Liberia,Sub-Saharan Africa,1970,1980,6.872,6.5784,6.6168,6.391,285.4692,0.844,0.48800000000000004,0.44575324675324673,1.995,1.5588193832599118,2790.494767962509,40.766,train
LBR,Liberia,Sub-Saharan Africa,1975,1985,6.6925,6.7439,6.5784,6.6168,262.9859,1.372,0.529,0.529,3.612,1.8152093023255815,2712.529913912601,41.927,train
LBR,Liberia,Sub-Saharan Africa,1980,1990,6.3699,6.872,6.7439,6.5784,245.7495,1.878,0.897,0.680983388704319,4.767,2.4517491525423734,2379.9539929585844,43.159,train
LBR,Liberia,Sub-Saharan Africa,1985,1995,6.1732,6.6925,6.872,6.7439,246.9405,2.342,1.431,0.9167687861271676,5.225,3.2650500000000005,1647.65549960818,46.823,train
LBR,Liberia,Sub-Saharan Africa,1990,2000,5.8748,6.3699,6.6925,6.872,256.3564,2.553,1.9459999999999997,1.2341863905325443,4.862,4.194808510638298,937.3209935861926,61.522,train
LBR,Liberia,Sub-Saharan Africa,1995,2005,5.5192,6.1732,6.3699,6.6925,246.1469,2.167,2.414,1.58910650887574,3.965,4.934854103343465,266.0977300779475,45.902,train
LBR,Liberia,Sub-Saharan Africa,2000,2010,5.0583,5.8748,6.1732,6.3699,186.3664,2.488,2.693,1.916070981210856,4.592,5.402778969957082,955.3853199329743,52.121,gap
LBR,Liberia,Sub-Saharan Africa,2005,2015,4.5232,5.5192,5.8748,6.1732,132.3939,3.095,2.92,2.2376699604743084,4.832,5.730062500000001,672.6121573344467,58.618,test
LBR,Liberia,Sub-Saharan Africa,2010,2020,4.1736,5.0583,5.5192,5.8748,101.7733,3.901,3.45,2.680503472222222,4.854,6.026550087873463,772.9194115993885,54.433,test
MWI,Malawi,Sub-Saharan Africa,1955,1965,7.1258,6.8428,6.8245,,377.7349,1.019,0.56,0.49583518518518527,1.944,1.261437627811861,805.9919147101253,8.322000000000003,train
MWI,Malawi,Sub-Saharan Africa,1960,1970,7.2955,7.0424,6.8428,6.8245,365.254,1.02,0.637,0.5483555926544241,1.9499999999999997,1.3896000000000002,902.5551932938669,9.591999999999999,train
MWI,Malawi,Sub-Saharan Africa,1965,1975,7.3591,7.1258,7.0424,6.8428,355.9084,1.275,0.695,0.5827448071216617,2.419,1.4918156606851551,980.802562719764,11.123000000000005,train
MWI,Malawi,Sub-Saharan Africa,1970,1980,7.5183,7.2955,7.1258,7.0424,340.9292,1.579,0.979,0.7611679790026247,3.097,1.8152774566473988,1153.634732447741,12.882999999999996,train
MWI,Malawi,Sub-Saharan Africa,1975,1985,7.17,7.3591,7.2955,7.1258,304.0256,2.103,1.265,0.9470442176870747,3.402,2.218139130434783,1337.600428904443,14.944000000000003,train
MWI,Malawi,Sub-Saharan Africa,1980,1990,6.7402,7.5183,7.3591,7.2955,260.0938,2.986,1.668,1.2477548262548261,4.174,2.4105839653304444,1217.02080611025,18.58,train
MWI,Malawi,Sub-Saharan Africa,1985,1995,6.3922,7.17,7.5183,7.3591,250.5469,3.802,2.443,1.589606543624161,4.048,3.016741753063148,1523.959686461367,25.810000000000002,train
MWI,Malawi,Sub-Saharan Africa,1990,2000,6.0021,6.7402,7.17,7.5183,240.458,3.688,2.842,1.873006329113924,4.064,3.5780919778699865,1028.729493693179,33.699,train
MWI,Malawi,Sub-Saharan Africa,1995,2005,5.8483,6.3922,6.7402,7.17,208.3049,3.338,3.0410000000000004,2.1475698090692124,4.2,3.9508954081632655,1134.3625540153987,36.109,train
MWI,Malawi,Sub-Saharan Africa,2000,2010,5.2627,6.0021,6.3922,6.7402,167.6351,3.9250000000000003,3.188,2.3871173580786027,4.711,4.43790490253987,932.8493208055104,40.554,gap
MWI,Malawi,Sub-Saharan Africa,2005,2015,4.3844,5.8483,6.0021,6.3922,112.9357,6.133,3.621,2.7796592292089253,6.206,4.673258150721539,1087.637122457182,45.912,test
MWI,Malawi,Sub-Saharan Africa,2010,2020,3.8774,5.2627,5.8483,6.0021,81.172,5.792999999999999,5.428,3.842123769338959,5.246,5.4998316546762585,1125.958385056974,52.574,test
MLI,Mali,Sub-Saharan Africa,1955,1965,7.0808,6.9503,6.8729,,444.2378,0.20900000000000002,0.041,0.028662079510703365,0.4099999999999999,0.18999066874027995,,29.323999999999998,train
MLI,Mali,Sub-Saharan Africa,1960,1970,7.1815,7.0186,6.9503,6.8729,431.9189,0.224,0.059,0.039720372836218376,0.43,0.23229395604395603,647.3557856531652,29.67,train
MLI,Mali,Sub-Saharan Africa,1965,1975,7.2528,7.0808,7.0186,6.9503,415.6887,0.297,0.073,0.04782359952324196,0.584,0.2628530510585305,549.7943726118148,30.159000000000006,train
MLI,Mali,Sub-Saharan Africa,1970,1980,7.3651,7.1815,7.0808,7.0186,387.1711,0.306,0.12400000000000001,0.07524152542372882,0.705,0.3483456375838926,653.5392363264818,30.747,train
MLI,Mali,Sub-Saharan Africa,1975,1985,7.2612,7.2528,7.1815,7.0808,346.8532,0.515,0.167,0.09446263008514665,1.16,0.4174295634920635,571.5331354073174,31.586,train
MLI,Mali,Sub-Saharan Africa,1980,1990,7.3113,7.3651,7.2528,7.1815,303.5523,0.728,0.351,0.18567248908296943,1.415,0.6271444444444445,669.9625158063129,31.58,train
MLI,Mali,Sub-Saharan Africa,1985,1995,7.0523,7.2612,7.3651,7.2528,265.0056,0.926,0.566,0.2829663191659984,1.5450000000000002,0.8955099223468507,948.9128082837041,31.888999999999996,train
MLI,Mali,Sub-Saharan Africa,1990,2000,6.8865,7.3113,7.2612,7.3651,234.1939,0.953,0.808,0.44330707512764406,1.485,1.1507694753577107,726.5629886329895,32.354,train
MLI,Mali,Sub-Saharan Africa,1995,2005,6.7084,7.0523,7.3113,7.2612,211.847,1.021,0.985,0.5916196078431373,1.488,1.3542047244094488,955.4091623309337,34.673,train
MLI,Mali,Sub-Saharan Africa,2000,2010,6.5788,6.8865,7.0523,7.3113,187.1258,1.307,1.016,0.7221833429728166,1.881,1.5043642720915447,1319.3532273777014,37.252,gap
MLI,Mali,Sub-Saharan Africa,2005,2015,6.3847,6.7084,6.8865,7.0523,158.8215,2.328,1.111,0.8683064356435644,2.939,1.654065845824411,1438.5787577973367,40.029,test
MLI,Mali,Sub-Saharan Africa,2010,2020,5.85,6.5788,6.7084,6.8865,134.7431,3.0850000000000004,1.785,1.69107366638442,2.756,1.5401189725101396,1851.3864329416685,42.657,test
MRT,Mauritania,Sub-Saharan Africa,1955,1965,6.444,5.9231,5.7908,,283.8736,1.605,1.232,1.0196666666666665,1.351,1.5971779141104292,,19.942999999999998,train
MRT,Mauritania,Sub-Saharan Africa,1960,1970,6.6767,6.1495,5.9231,5.7908,253.3971,1.648,1.289,1.1023898305084745,1.462,1.704950276243094,1979.2706176974298,20.891000000000005,train
MRT,Mauritania,Sub-Saharan Africa,1965,1975,6.7128,6.444,6.1495,5.9231,220.6208,1.728,1.288,1.1622388059701492,1.562,1.846458128078818,3266.70514293164,22.129000000000005,train
MRT,Mauritania,Sub-Saharan Africa,1970,1980,6.6709,6.6767,6.444,6.1495,194.7808,1.84,1.295,1.2197236842105261,2.015,1.9623628318584072,4083.154980685049,23.638999999999996,train
MRT,Mauritania,Sub-Saharan Africa,1975,1985,6.4231,6.7128,6.6767,6.444,186.2305,1.978,1.357,1.283421875,2.201,2.1829879032258064,4432.369250634865,25.212999999999994,train
MRT,Mauritania,Sub-Saharan Africa,1980,1990,6.1749,6.6709,6.7128,6.6767,166.0298,2.504,1.42,1.3244787234042552,3.073,2.3472703703703703,3909.380674386943,32.116,train
MRT,Mauritania,Sub-Saharan Africa,1985,1995,5.9622,6.4231,6.6709,6.7128,138.5354,2.797,1.697,1.4575993690851736,3.863,2.6665743243243245,3441.260196018466,39.202,train
MRT,Mauritania,Sub-Saharan Africa,1990,2000,5.4558,6.1749,6.4231,6.6709,117.771,3.054,2.082,1.6376960227272725,4.54,3.041,3219.162872628968,44.09,train
MRT,Mauritania,Sub-Saharan Africa,1995,2005,5.3764,5.9622,6.1749,6.4231,110.4753,3.0479999999999996,2.689,1.9668475,4.949,3.5850896739130436,3395.1011235590827,46.286,train
MRT,Mauritania,Sub-Saharan Africa,2000,2010,5.3845,5.4558,5.9622,6.1749,96.4452,3.468,2.94,2.1928852813852813,5.709,4.069972157772622,3210.173367455334,49.048,gap
MRT,Mauritania,Sub-Saharan Africa,2005,2015,5.2111,5.3764,5.4558,5.9622,72.7917,4.623,2.9380000000000006,2.431801104972376,6.255,4.618902723735409,3250.613014575123,52.382,test
MRT,Mauritania,Sub-Saharan Africa,2010,2020,4.9122,5.3845,5.3764,5.4558,56.8468,6.184,3.5,2.845255961844197,6.066,5.041447761194029,4099.755093805584,55.342,test
MUS,Mauritius,Sub-Saharan Africa,1955,1965,5.508,5.8323,6.0271,,129.5575,2.932,2.096,1.9454574468085106,4.397,3.099815217391304,5089.038596320071,81.19,train
MUS,Mauritius,Sub-Saharan Africa,1960,1970,3.8201,5.8968,5.8323,6.0271,94.6582,3.99,2.479,2.146398148148148,6.106,3.4072884615384615,4136.290705745555,83.137,train
MUS,Mauritius,Sub-Saharan Africa,1965,1975,3.1969,5.508,5.8968,5.8323,86.8423,4.903,3.162,2.548588709677419,6.947,4.24555462184874,5271.426996930251,84.511,train
MUS,Mauritius,Sub-Saharan Africa,1970,1980,2.8033,3.8201,5.508,5.8968,76.8828,5.836,4.065,3.015062937062937,7.523000000000001,4.9919124087591245,4932.77317569403,85.754,train
MUS,Mauritius,Sub-Saharan Africa,1975,1985,2.0538,3.1969,3.8201,5.508,59.6108,6.158999999999999,4.402,3.3647529411764707,7.6339999999999995,5.152119496855346,5441.572957517897,86.584,train
MUS,Mauritius,Sub-Saharan Africa,1980,1990,2.2962,2.8033,3.1969,3.8201,41.811,6.816,4.963,3.808297435897436,7.5,5.4985189189189185,6162.147172619202,86.618,train
MUS,Mauritius,Sub-Saharan Africa,1985,1995,2.1375,2.0538,2.8033,3.1969,25.281,7.809000000000001,5.717,4.321353488372093,8.275,5.874145539906103,7155.587650884262,88.299,train
MUS,Mauritius,Sub-Saharan Africa,1990,2000,1.9765,2.2962,2.0538,2.8033,22.8613,8.642,7.304,5.22740329218107,8.657,7.005836065573771,10662.137284501945,88.906,train
MUS,Mauritius,Sub-Saharan Africa,1995,2005,1.824,2.1375,2.2962,2.0538,21.5567,8.503,7.519,5.784392592592593,8.435,7.2650549450549455,14156.232861510818,89.621,train
MUS,Mauritius,Sub-Saharan Africa,2000,2010,1.4949,1.9765,2.1375,2.2962,18.5988,8.553,7.611999999999999,6.000277591973243,8.13,7.245255102040816,15688.644308818753,90.158,gap
MUS,Mauritius,Sub-Saharan Africa,2005,2015,1.3191,1.824,1.9765,2.1375,15.2814,10.332,8.877,7.115619335347432,9.885,8.05060244648318,14325.636437165049,91.653,test
MUS,Mauritius,Sub-Saharan Africa,2010,2020,1.3871,1.4949,1.824,1.9765,14.5907,11.864,10.314,8.484209631728046,11.344,9.162297752808989,16487.969630816016,91.539,test
MAR,Morocco,Middle East and North Africa,1955,1965,6.9322,6.501,6.14,,266.6635,0.418,0.191,0.18718272620446536,0.651,0.4319893301719028,1491.6788372795227,49.273,train
MAR,Morocco,Middle East and North Africa,1960,1970,6.6825,6.8867,6.501,6.14,248.7295,0.633,0.19199999999999998,0.19015017939518197,0.936,0.5083971962616822,1500.8962590018737,52.666,train
MAR,Morocco,Middle East and North Africa,1965,1975,6.2986,6.9322,6.8867,6.501,216.6856,0.822,0.38,0.26969762225213095,1.613,0.7424652114597544,2310.3891835291565,55.937,train
MAR,Morocco,Middle East and North Africa,1970,1980,5.7836,6.6825,6.9322,6.8867,190.8195,1.181,0.542,0.32797679071628655,2.568,0.9260978540772532,2287.780319066281,59.27,train
MAR,Morocco,Middle East and North Africa,1975,1985,4.9877,6.2986,6.6825,6.9322,166.6136,1.4969999999999999,0.925,0.523997798972854,2.8449999999999998,1.398841379310345,2638.2388502376134,62.366,train
MAR,Morocco,Middle East and North Africa,1980,1990,4.0599,5.7836,6.2986,6.6825,133.9659,1.994,1.452,0.7755035351982785,3.645,1.8368128804870234,2899.664498700651,64.99600000000001,train
MAR,Morocco,Middle East and North Africa,1985,1995,3.2954,4.9877,5.7836,6.2986,103.2143,2.716,1.836,1.1085742599742598,4.366,2.5041909929462833,3598.4558805881657,67.487,train
MAR,Morocco,Middle East and North Africa,1990,2000,2.7744,4.0599,4.9877,5.7836,80.5756,3.492,2.406,1.5187223549858788,5.081,3.176186030267753,4342.827938726663,69.501,train
MAR,Morocco,Middle East and North Africa,1995,2005,2.6131,3.2954,4.0599,4.9877,65.0018,3.987,3.208,2.0500922403955877,5.691,3.8902032160804016,5025.970808598128,71.333,train
MAR,Morocco,Middle East and North Africa,2000,2010,2.6289,2.7744,3.2954,4.0599,51.9255,4.227,4.003,2.624612177909076,5.723,4.642611331152058,4769.506008593067,72.742,gap
MAR,Morocco,Middle East and North Africa,2005,2015,2.406,2.6131,2.7744,3.2954,40.9896,5.084,4.448,3.139515151515152,6.08,5.232583964365256,4672.46975026991,74.44800000000001,test
MAR,Morocco,Middle East and North Africa,2010,2020,2.3195,2.6289,2.6131,2.7744,30.9836,6.702,4.736,3.60184317642652,7.039,5.659667521477113,6530.181098214537,75.925,test
MOZ,Mozambique,Sub-Saharan Africa,1955,1965,6.5435,6.1412,5.9967,,305.768,0.594,0.325,0.2512668688400303,1.833,0.6391469387755102,,35.980000000000004,train
MOZ,Mozambique,Sub-Saharan Africa,1960,1970,6.6994,6.3121,6.1412,5.9967,284.9832,0.648,0.381,0.2903767409470752,2.067,1.0090716440422323,627.7240507774384,36.189,train
MOZ,Mozambique,Sub-Saharan Africa,1965,1975,6.659,6.5435,6.3121,6.1412,275.9612,0.727,0.387,0.3238454198473283,2.396,1.330897170462388,679.538625299405,37.158,train
MOZ,Mozambique,Sub-Saharan Africa,1970,1980,6.5299,6.6994,6.5435,6.3121,272.3641,0.714,0.3940000000000001,0.3438775274407857,1.887,1.6060646578782172,774.222044107079,38.445,train
MOZ,Mozambique,Sub-Saharan Africa,1975,1985,6.4305,6.659,6.6994,6.5435,267.4335,0.683,0.28,0.3155316257187663,1.749,1.5170232558139536,880.2812382104067,40.574,train
MOZ,Mozambique,Sub-Saharan Africa,1980,1990,6.3191,6.5299,6.659,6.6994,264.5357,1.078,0.17399999999999996,0.28552702078521935,2.644,1.4361177654755912,856.9636345113848,43.411,train
MOZ,Mozambique,Sub-Saharan Africa,1985,1995,6.0193,6.4305,6.5299,6.659,276.8913,1.334,0.44800000000000006,0.33723776824034335,2.432,1.5169511961722488,697.2937551760222,44.96,train
MOZ,Mozambique,Sub-Saharan Africa,1990,2000,5.8296,6.3191,6.4305,6.5299,242.3685,1.037,0.683,0.394981667394151,1.59,1.557685387131952,646.8070834888058,46.439,train
MOZ,Mozambique,Sub-Saharan Africa,1995,2005,5.5003,6.0193,6.3191,6.4305,214.6723,0.929,0.722,0.4428197132616487,1.44,1.3745330804888327,576.0500992812508,48.993,train
MOZ,Mozambique,Sub-Saharan Africa,2000,2010,5.6597,5.8296,6.0193,6.3191,172.8065,0.976,0.8309999999999998,0.5719059298354547,1.822,1.4719499811959382,790.235955833603,49.584,gap
MOZ,Mozambique,Sub-Saharan Africa,2005,2015,5.2446,5.5003,5.8296,6.0193,132.9799,1.111,1.078,0.7347758323765787,2.036,1.739514344262295,1089.089510672065,49.865,test
MOZ,Mozambique,Sub-Saharan Africa,2010,2020,4.959,5.6597,5.5003,5.8296,104.386,2.576,1.196,0.8675139226818059,3.509,1.8388653435114504,1121.290420930831,50.167,test
NER,Niger,Sub-Saharan Africa,1955,1965,7.4659,7.5512,7.5593,,327.061,0.071,0.08,0.07211654135338345,0.594,0.6919065040650406,,29.396,train
NER,Niger,Sub-Saharan Africa,1960,1970,7.5142,7.5296,7.5512,7.5593,326.1729,0.078,0.083,0.07737268128161888,0.619,0.7525900735294118,1964.4305829782868,31.302000000000007,train
NER,Niger,Sub-Saharan Africa,1965,1975,7.539,7.4659,7.5296,7.5512,327.1656,0.09799999999999999,0.086,0.07963691376701967,0.686,0.7810049261083744,2301.9609805045275,33.316,train
NER,Niger,Sub-Saharan Africa,1970,1980,7.7825,7.5142,7.4659,7.5296,337.7403,0.192,0.102,0.08743396226415096,0.778,0.7935381231671554,1989.5027132627847,35.294,train
NER,Niger,Sub-Saharan Africa,1975,1985,7.9317,7.539,7.5142,7.4659,343.7514,0.315,0.11700000000000002,0.09501920768307325,1.026,0.8026709677419354,1482.6804856301646,37.232,train
NER,Niger,Sub-Saharan Africa,1980,1990,7.8064,7.7825,7.539,7.5142,330.7556,0.49099999999999994,0.18099999999999997,0.12740523560209424,1.431,0.8398598233995586,1915.612893437707,39.174,train
NER,Niger,Sub-Saharan Africa,1985,1995,7.7757,7.9317,7.7825,7.539,339.851,0.727,0.30599999999999994,0.18599085086916742,1.8490000000000002,0.9584328922495274,1348.817103168567,40.871,train
NER,Niger,Sub-Saharan Africa,1990,2000,7.8286,7.8064,7.9317,7.7825,332.284,0.9710000000000001,0.487,0.283184126984127,2.236,1.1609067524115757,1202.4614204990637,44.188,train
NER,Niger,Sub-Saharan Africa,1995,2005,7.7687,7.7757,7.8064,7.9317,284.1163,1.123,0.717,0.41967029972752046,2.478,1.4214348413234301,1093.6100995762722,47.192,train
NER,Niger,Sub-Saharan Africa,2000,2010,7.64,7.8286,7.7757,7.8064,228.8388,1.168,0.9600000000000001,0.5872475362318841,2.473,1.7202968838526913,1009.0464516758376,50.053,gap
NER,Niger,Sub-Saharan Africa,2005,2015,7.2145,7.7687,7.8286,7.7757,174.6373,1.406,1.123,0.7457211018199704,2.539,1.9765263407688658,1011.7317370332727,50.499,test
NER,Niger,Sub-Saharan Africa,2010,2020,6.3685,7.64,7.7687,7.8286,139.2385,2.085,1.211,0.9001297996661101,2.9909999999999997,2.1035386454183267,1080.4354589020606,51.464,test
RWA,Rwanda,Sub-Saharan Africa,1955,1965,8.2488,8.2143,8.1524,,244.6619,0.366,0.11,0.1229064039408867,1.079,0.47994615384615386,,45.85,train
RWA,Rwanda,Sub-Saharan Africa,1960,1970,8.1455,8.2829,8.2143,8.1524,222.8971,0.667,0.154,0.1320276595744681,2.437,0.624986577181208,1026.5346500409134,50.195,train
RWA,Rwanda,Sub-Saharan Africa,1965,1975,8.0961,8.2488,8.2829,8.2143,211.1358,0.781,0.27,0.1877719298245614,2.554,0.973451219512195,842.7865941552072,53.71,train
RWA,Rwanda,Sub-Saharan Africa,1970,1980,8.1153,8.1455,8.2488,8.2829,222.1605,1.305,0.366,0.2283255033557047,2.903,1.2636217162872154,1059.8951490856407,57.683,train
RWA,Rwanda,Sub-Saharan Africa,1975,1985,7.7858,8.0961,8.1455,8.2488,241.5012,1.681,0.784,0.4338043795620438,3.038,1.695158778625954,1029.118749636287,61.504,train
RWA,Rwanda,Sub-Saharan Africa,1980,1990,6.8031,8.1153,8.0961,8.1455,214.7157,2.083,1.132,0.6048373570520965,2.882,2.0554760638297873,1224.7989246709205,65.661,train
RWA,Rwanda,Sub-Saharan Africa,1985,1995,6.3448,7.7858,8.1153,8.0961,162.998,2.329,1.6289999999999998,0.9730612691466083,2.632,2.3994339839265213,1247.2136447718042,72.104,train
RWA,Rwanda,Sub-Saharan Africa,1990,2000,5.9667,6.8031,7.7858,8.1153,160.3133,2.999,2.062,1.2888284910965322,2.781,2.575148,1111.7636641883144,77.895,train
RWA,Rwanda,Sub-Saharan Africa,1995,2005,5.5003,6.3448,6.8031,7.7858,212.0468,4.311,2.305,1.6179976076555023,3.676,2.6541746666666666,658.09810993156,65.328,train
RWA,Rwanda,Sub-Saharan Africa,2000,2010,4.522,5.9667,6.3448,6.8031,179.3093,5.107,3.015,2.106506783719074,4.727,2.8061261510128914,946.9935858942715,79.781,gap
RWA,Rwanda,Sub-Saharan Africa,2005,2015,4.1078,5.5003,5.9667,6.3448,106.066,5.505,4.198,2.835480848153215,5.252,3.296405979543666,1245.7350222463483,81.57,test
RWA,Rwanda,Sub-Saharan Africa,2010,2020,3.9134,4.522,5.5003,5.9667,64.7572,5.777,5.017,3.5680666283744973,5.677,3.803036036036036,1515.0140657929837,85.347,test
SEN,Senegal,Sub-Saharan Africa,1955,1965,7.19,6.8341,6.7868,,314.2283,1.16,1.211,1.1340341113105925,2.723,3.04508957952468,,54.746,train
SEN,Senegal,Sub-Saharan Africa,1960,1970,7.2617,6.9963,6.8341,6.7868,300.4528,1.233,1.212,1.2247665056360708,2.924,3.1727931596091206,3003.0773840735956,57.287,train
SEN,Senegal,Sub-Saharan Africa,1965,1975,7.2523,7.19,6.9963,6.8341,300.3208,1.491,1.222,1.2334992826398852,2.783,3.130803206997084,2805.8961065519975,59.887,train
SEN,Senegal,Sub-Saharan Africa,1970,1980,7.292,7.2617,7.19,6.9963,289.3688,1.859,1.346,1.2917429667519182,3.394,3.070927741935484,2401.194974374663,62.585,train
SEN,Senegal,Sub-Saharan Africa,1975,1985,7.0134,7.2523,7.2617,7.19,253.4097,2.21,1.597,1.368468819599109,4.12,3.089394265232975,2334.642051952536,65.188,train
SEN,Senegal,Sub-Saharan Africa,1980,1990,6.3963,7.292,7.2523,7.2617,207.6695,2.171,1.847,1.4564811133200795,3.8659999999999997,3.2202444690265484,2204.943692891935,65.095,train
SEN,Senegal,Sub-Saharan Africa,1985,1995,5.8189,7.0134,7.292,7.2523,171.7007,1.9579999999999997,2.06,1.5239298860648556,3.417,3.291009920634921,2846.004201012405,64.688,train
SEN,Senegal,Sub-Saharan Africa,1990,2000,5.4978,6.3963,7.0134,7.292,142.1603,1.889,1.947,1.5,3.244,3.171315563198624,2773.0152986218873,64.649,train
SEN,Senegal,Sub-Saharan Africa,1995,2005,5.1333,5.8189,6.3963,7.0134,138.3398,1.898,1.7160000000000002,1.4162503293807642,3.035,2.9981256583897666,2412.3447929176023,66.196,train
SEN,Senegal,Sub-Saharan Africa,2000,2010,5.055,5.4978,5.8189,6.3963,126.5781,1.672,1.642,1.3147855089131684,2.308,2.764041585445094,2596.1545435531316,67.997,gap
SEN,Senegal,Sub-Saharan Africa,2005,2015,4.7514,5.1333,5.4978,5.8189,92.6503,1.436,1.5610000000000002,1.12965,1.9169999999999998,2.2662443463872037,2727.5749908184007,68.544,test
SEN,Senegal,Sub-Saharan Africa,2010,2020,4.0032,5.055,5.1333,5.4978,66.7392,3.514,2.444,1.9751864478114476,4.231,3.4015621546961325,2980.836963529689,69.163,test
SLE,Sierra Leone,Sub-Saharan Africa,1955,1965,6.3112,6.0731,6.0903,,427.2308,0.214,0.34,0.32357957244655583,0.812,0.5669924050632911,,48.604,train
SLE,Sierra Leone,Sub-Saharan Africa,1960,1970,6.4106,6.1748,6.0731,6.0903,395.3289,0.283,0.312,0.3188672566371682,0.8890000000000001,0.6358992974238876,,48.938,train
SLE,Sierra Leone,Sub-Saharan Africa,1965,1975,6.546,6.3112,6.1748,6.0731,363.3106,0.498,0.301,0.3367377049180328,1.48,0.73435,1192.6867510687705,49.773,train
SLE,Sierra Leone,Sub-Saharan Africa,1970,1980,6.5618,6.4106,6.3112,6.1748,334.2052,0.803,0.391,0.34760491493383744,2.058,0.8663413173652695,1369.7697476306892,50.933,train
SLE,Sierra Leone,Sub-Saharan Africa,1975,1985,6.5917,6.546,6.4106,6.3112,309.2915,1.202,0.588,0.4158219895287958,2.649,1.1245635359116022,1388.073656137045,52.101,train
SLE,Sierra Leone,Sub-Saharan Africa,1980,1990,6.5673,6.5618,6.546,6.4106,288.4413,1.513,0.915,0.557139646869984,3.135,1.4789897959183675,1258.1888712300743,48.505,train
SLE,Sierra Leone,Sub-Saharan Africa,1985,1995,6.5553,6.5917,6.5618,6.546,272.943,1.8380000000000003,1.315,0.7554860907759883,3.765,1.883167701863354,1314.738985238329,46.55,train
SLE,Sierra Leone,Sub-Saharan Africa,1990,2000,6.3545,6.5673,6.5917,6.5618,260.0081,2.398,1.62,0.9840156453715777,3.972,2.372129655172414,1534.5354964000333,45.639,train
SLE,Sierra Leone,Sub-Saharan Africa,1995,2005,5.8072,6.5553,6.5673,6.5917,250.267,2.692,1.959,1.2662772020725388,4.358,2.9184523160762947,1745.024236381486,46.798,train
SLE,Sierra Leone,Sub-Saharan Africa,2000,2010,5.3269,6.3545,6.5553,6.5673,225.6759,2.866,2.493,1.6290740291262136,4.725,3.291016581632653,928.6104985000234,47.871,gap
SLE,Sierra Leone,Sub-Saharan Africa,2005,2015,4.5481,5.8072,6.3545,6.5553,195.12,3.446,2.799,1.9405187436676798,5.118,3.8270959488272918,1035.2373000531031,50.894,test
SLE,Sierra Leone,Sub-Saharan Africa,2010,2020,4.0805,5.3269,5.8072,6.3545,161.0375,5.316,3.101,2.332557924003707,6.908,4.228105722599418,1177.0659784705222,52.431,test
ZAF,South Africa,Sub-Saharan Africa,1955,1965,5.8917,6.1268,6.0318,,185.7424,4.957,4.454,4.149101820633851,4.503,4.352453237410072,6211.113597038725,50.439,train
ZAF,South Africa,Sub-Saharan Africa,1960,1970,5.6344,6.105,6.1268,6.0318,149.7664,5.039,4.521,4.238318711656442,4.743,4.297448062015503,6526.071714856579,52.725,train
ZAF,South Africa,Sub-Saharan Africa,1965,1975,5.1912,5.8917,6.105,6.1268,136.2067,5.1,4.628,4.280610621904238,4.592,4.51719606741573,7429.45067220719,55.673,train
ZAF,South Africa,Sub-Saharan Africa,1970,1980,4.7796,5.6344,5.8917,6.105,126.1507,5.291,4.81,4.386789864029666,4.699,4.7108835341365465,8664.009548624328,58.829,train
ZAF,South Africa,Sub-Saharan Africa,1975,1985,4.4951,5.1912,5.6344,5.8917,112.0672,5.42,4.926,4.483995381570266,4.961,5.004377266696152,9712.182950854862,61.735,train
ZAF,South Africa,Sub-Saharan Africa,1980,1990,3.7243,4.7796,5.1912,5.6344,93.9412,5.441,5.172,4.655126895757343,5.926,5.163315301391036,10749.00796725288,64.094,train
ZAF,South Africa,Sub-Saharan Africa,1985,1995,3.1715,4.4951,4.7796,5.1912,75.0684,5.708,5.348,4.809390247933884,5.640000000000001,5.108052631578947,9838.73308333696,66.428,train
ZAF,South Africa,Sub-Saharan Africa,1990,2000,2.4135,3.7243,4.4951,4.7796,63.3124,7.367,7.059,6.482432037457435,7.571,6.682867891766749,9276.375599859231,69.065,train
ZAF,South Africa,Sub-Saharan Africa,1995,2005,2.5125,3.1715,3.7243,4.4951,62.1482,8.847,8.995,8.193252294630565,8.413,8.27634663311766,9153.447398017915,71.084,train
ZAF,South Africa,Sub-Saharan Africa,2000,2010,2.4448,2.4135,3.1715,3.7243,68.8918,8.915,8.872,7.376184352517986,8.528,7.725024286774843,9761.227573573464,72.908,gap
ZAF,South Africa,Sub-Saharan Africa,2005,2015,2.3594,2.5125,2.4135,3.1715,78.2258,10.168,9.813,8.342341642788922,9.095,8.665524186188014,11311.116635733124,74.247,test
ZAF,South Africa,Sub-Saharan Africa,2010,2020,2.2565,2.4448,2.5125,2.4135,53.488,10.491,11.070000000000002,9.57882032685427,9.975,9.858966557507195,12841.621674412409,75.708,test
SDN,Sudan,Sub-Saharan Africa,1955,1965,6.8399,6.679,6.6625,,193.4251,0.221,0.099,0.05951812004530012,0.977,0.5654631456761463,,47.634,train
SDN,Sudan,Sub-Saharan Africa,1960,1970,6.9865,6.6629,6.679,6.6625,177.9893,0.268,0.159,0.09972076612903226,1.013,0.6969502848265147,,50.733,train
SDN,Sudan,Sub-Saharan Africa,1965,1975,6.8658,6.8399,6.6629,6.679,165.592,0.4169999999999999,0.218,0.13380500894454384,1.229,0.8474539594843462,,54.127,train
SDN,Sudan,Sub-Saharan Africa,1970,1980,6.5918,6.9865,6.8399,6.6629,157.8997,0.589,0.305,0.19302056148675364,1.491,1.0138612693246543,1671.0474906265501,57.683,train
SDN,Sudan,Sub-Saharan Africa,1975,1985,6.2791,6.8658,6.9865,6.8399,152.6741,0.962,0.43,0.26626276121959574,2.107,1.1640443037974684,2025.2917161761627,61.483,train
SDN,Sudan,Sub-Saharan Africa,1980,1990,6.0742,6.5918,6.8658,6.9865,147.2505,1.49,0.728,0.42633550295857986,2.97,1.4555712988192553,2099.692696849306,64.095,train
SDN,Sudan,Sub-Saharan Africa,1985,1995,5.8556,6.2791,6.5918,6.8658,178.4784,2.56,0.961,0.5575112858229774,4.005,1.71135503875969,1930.6584052514945,67.13499999999999,train
SDN,Sudan,Sub-Saharan Africa,1990,2000,5.5956,6.0742,6.2791,6.5918,131.5147,3.074,1.794,0.9972842057964503,4.183,2.325376682637463,1979.2145037570253,69.2,train
SDN,Sudan,Sub-Saharan Africa,1995,2005,5.3972,5.8556,6.0742,6.2791,118.9559,3.227,2.863,1.5233912958626072,4.195,2.9127309213127717,1814.0982464455842,71.503,train
SDN,Sudan,Sub-Saharan Africa,2000,2010,5.1412,5.5956,5.8556,6.0742,103.1952,3.327,3.367,2.03596264999155,4.071,3.4187767156025948,2138.9503303206247,73.36,gap
SDN,Sudan,Sub-Saharan Africa,2005,2015,4.8981,5.3972,5.5956,5.8556,100.4474,3.375,3.552,2.4657599821879175,3.814,3.808393464637422,2738.597955780633,74.71000000000001,test
SDN,Sudan,Sub-Saharan Africa,2010,2020,4.5419,5.1412,5.3972,5.5956,74.6857,3.352,3.71,2.86082291532414,3.658,4.075778249678249,3962.4469456705665,75.676,test
SWZ,Swaziland,Sub-Saharan Africa,1955,1965,6.7941,6.6815,6.7318,,223.8929,2.043,1.428,1.0467857142857142,2.251,1.4264,,11.355999999999995,train
SWZ,Swaziland,Sub-Saharan Africa,1960,1970,6.7489,6.7521,6.6815,6.7318,208.1668,2.232,1.719,1.2903064516129032,2.471,1.7560555555555555,,12.326999999999998,train
SWZ,Swaziland,Sub-Saharan Africa,1965,1975,6.707,6.7941,6.7521,6.6815,189.8157,2.97,1.967,1.4733235294117648,2.855,2.0057068965517244,,13.346999999999994,train
SWZ,Swaziland,Sub-Saharan Africa,1970,1980,6.5745,6.7489,6.7941,6.7521,168.318,3.8980000000000006,2.78,2.03404,4.415,2.6031874999999998,2721.900222650625,14.563000000000002,train
SWZ,Swaziland,Sub-Saharan Africa,1975,1985,6.2819,6.707,6.7489,6.7941,140.9526,5.015,3.6609999999999996,2.716551724137931,5.742000000000001,3.531929577464789,4281.541169264232,15.992000000000004,train
SWZ,Swaziland,Sub-Saharan Africa,1980,1990,5.2947,6.5745,6.707,6.7489,112.7656,6.19,4.958,3.8164158415841585,5.571,3.668551282051282,4194.312912966439,17.703999999999994,train
SWZ,Swaziland,Sub-Saharan Africa,1985,1995,4.5227,6.2819,6.5745,6.707,86.581,6.547,6.457000000000001,5.101134453781512,6.586,3.5336021505376345,4364.8347146875185,21.807000000000002,train
SWZ,Swaziland,Sub-Saharan Africa,1990,2000,4.0298,5.2947,6.2819,6.5745,71.6548,6.347,6.051,5.033760000000001,6.243,4.016245454545454,6642.959478581504,24.427000000000007,train
SWZ,Swaziland,Sub-Saharan Africa,1995,2005,3.7038,4.5227,5.2947,6.2819,85.2266,6.31,5.718,4.78515,6.212000000000001,4.1748721804511275,8486.763502147349,28.650000000000006,train
SWZ,Swaziland,Sub-Saharan Africa,2000,2010,3.3748,4.0298,4.5227,5.2947,111.8889,5.511,5.16,4.171348571428571,5.148,4.041907142857143,8360.96732229085,30.468000000000004,gap
SWZ,Swaziland,Sub-Saharan Africa,2005,2015,3.1216,3.7038,4.0298,4.5227,113.9676,6.47,3.996,3.1677485029940122,5.855,3.3981333333333335,8274.919252005428,28.790000000000006,test
SWZ,Swaziland,Sub-Saharan Africa,2010,2020,2.8882,3.3748,3.7038,4.0298,85.9445,6.606,5.885,4.305045161290322,5.941,4.523851063829786,8826.633354447677,28.631,test
TZA,United Republic of Tanzania,Sub-Saharan Africa,1955,1965,6.727,6.3048,6.1825,,249.665,0.45199999999999996,0.652,0.59057876943881,1.809,2.5094333333333334,,16.054000000000002,train
TZA,United Republic of Tanzania,Sub-Saharan Africa,1960,1970,7.0005,6.5364,6.3048,6.1825,240.6555,1.288,0.653,0.6104224441833138,2.916,2.5768783102143757,1199.687986446391,17.583,train
TZA,United Republic of Tanzania,Sub-Saharan Africa,1965,1975,7.1006,6.727,6.5364,6.3048,229.4841,1.359,0.987,0.7581224593495935,3.144,2.775181818181818,1433.672454976632,19.406999999999996,train
TZA,United Republic of Tanzania,Sub-Saharan Africa,1970,1980,6.9911,7.0005,6.727,6.5364,214.671,2.188,1.266,0.8878610139860139,4.363,2.9993786816269288,1688.6646785492885,21.614999999999995,train
TZA,United Republic of Tanzania,Sub-Saharan Africa,1975,1985,6.598,7.1006,7.0005,6.727,196.1557,2.322,1.9249999999999998,1.2548695813264172,4.393,3.508958102766798,1892.7464588329196,24.320999999999998,train
TZA,United Republic of Tanzania,Sub-Saharan Africa,1980,1990,6.2012,6.9911,7.1006,7.0005,180.3983,3.638,2.464,1.5511786513263024,5.77,3.9402927821077602,1739.6386086606083,28.152,train
TZA,United Republic of Tanzania,Sub-Saharan Africa,1985,1995,5.8218,6.598,6.9911,7.1006,176.5143,4.079,3.662,2.2733602501359433,5.098,4.6576032110091745,1681.8702682252342,31.643,train
TZA,United Republic of Tanzania,Sub-Saharan Africa,1990,2000,5.6697,6.2012,6.598,6.9911,166.9769,4.919,4.34,2.758315570934256,4.991,5.071981337857489,1049.66957945091,34.97,train
TZA,United Republic of Tanzania,Sub-Saharan Africa,1995,2005,5.5791,5.8218,6.2012,6.598,154.6496,4.756,4.748,3.4168721292331643,4.982,5.429269120654396,856.4502734576072,38.927,train
TZA,United Republic of Tanzania,Sub-Saharan Africa,2000,2010,5.2255,5.6697,5.8218,6.2012,127.9653,4.966,5.345,3.9729053677239454,5.104,5.667069378859426,1146.9792226771606,42.388,gap
TZA,United Republic of Tanzania,Sub-Saharan Africa,2005,2015,5.025,5.5791,5.6697,5.8218,93.1959,5.573,5.382,4.416564337654125,5.751,5.772379777455249,1507.2956508117759,44.809,test
TZA,United Republic of Tanzania,Sub-Saharan Africa,2010,2020,4.8008,5.2255,5.5791,5.6697,69.1491,7.005,5.614000000000001,4.902149936467598,6.9,5.9861541501976285,2156.783589473723,47.417,test
TGO,Togo,Sub-Saharan Africa,1955,1965,6.9373,6.6649,6.598,,272.9668,0.239,0.126,0.08784790874524714,1.034,0.5916367346938776,,46.884,train
TGO,Togo,Sub-Saharan Africa,1960,1970,7.035,6.7967,6.6649,6.598,261.7287,0.351,0.152,0.10387234042553191,1.341,0.6732889733840305,1148.181020416914,48.042,train
TGO,Togo,Sub-Saharan Africa,1965,1975,7.0883,6.9373,6.7967,6.6649,246.4232,0.4580000000000001,0.214,0.1406721854304636,1.582,0.8098727915194347,1570.6824295647061,49.404,train
TGO,Togo,Sub-Saharan Africa,1970,1980,6.8756,7.035,6.9373,6.7967,225.9049,0.843,0.261,0.16512841530054645,2.461,0.9277077363896847,1822.9764923267167,53.071,train
TGO,Togo,Sub-Saharan Africa,1975,1985,6.4574,7.0883,7.035,6.9373,202.5037,1.979,0.753,0.46717560975609757,4.849,1.7946391752577318,1844.632775557926,55.665,train
TGO,Togo,Sub-Saharan Africa,1980,1990,6.0671,6.8756,7.0883,7.035,180.0877,2.713,1.6239999999999999,1.0267943107221007,6.172,3.2595277777777776,2108.565191196539,57.369,train
TGO,Togo,Sub-Saharan Africa,1985,1995,5.5646,6.4574,6.8756,7.0883,161.14,3.6059999999999994,2.056,1.3049116022099447,7.476999999999999,3.9005587668593447,1550.8915834535817,61.057,train
TGO,Togo,Sub-Saharan Africa,1990,2000,5.1652,6.0671,6.4574,6.8756,147.8607,4.378,2.631,1.7404984326018806,7.773,4.832952614379085,1761.2815200657765,63.573,train
TGO,Togo,Sub-Saharan Africa,1995,2005,5.0378,5.5646,6.0671,6.4574,136.1442,4.509,3.348,2.2326111869031378,7.147,5.622121602288985,1395.8164416136397,66.481,train
TGO,Togo,Sub-Saharan Africa,2000,2010,5.0873,5.1652,5.5646,6.0671,120.0898,4.776,3.883,2.6956451247165534,7.498,6.142380214541121,1405.6015472157837,69.578,gap
TGO,Togo,Sub-Saharan Africa,2005,2015,4.6616,5.0378,5.1652,5.5646,103.5344,5.686,3.776,2.9323433852140073,7.8999999999999995,6.363406313645621,1257.5371376504909,71.33500000000001,test
TGO,Togo,Sub-Saharan Africa,2010,2020,4.3863,5.0873,5.0378,5.1652,88.9844,7.291,3.9990000000000006,3.221837613918807,9.097,6.541120378331899,1259.4843040659616,72.178,test
TUN,Tunisia,Middle East and North Africa,1955,1965,7.1127,6.9734,6.6804,,289.6464,0.744,0.209,0.19456965517241379,2.024,0.9482651622002821,,47.602,train
TUN,Tunisia,Middle East and North Africa,1960,1970,6.4259,7.1568,6.9734,6.6804,267.7406,0.894,0.301,0.23431084656084658,2.323,1.1384638242894058,1736.28927711135,48.757,train
TUN,Tunisia,Middle East and North Africa,1965,1975,5.9719,7.1127,7.1568,6.9734,229.5647,1.778,0.388,0.2703358116480793,3.775,1.301139393939394,1993.0603343019516,49.83,train
TUN,Tunisia,Middle East and North Africa,1970,1980,5.0331,6.4259,7.1127,7.1568,180.211,2.274,1.014,0.47829466357308587,4.557,1.7787772215269086,2768.9327697169265,52.232,train
TUN,Tunisia,Middle East and North Africa,1975,1985,4.5211,5.9719,6.4259,7.1127,133.3027,3.342,1.702,0.7313301178992497,5.815,2.1989176598049838,3777.0082659025757,55.022,train
TUN,Tunisia,Middle East and North Africa,1980,1990,3.4407,5.0331,5.9719,6.4259,95.6322,4.148,2.551,1.2058148487626033,6.381,3.473482397716461,4687.817265963544,56.693,train
TUN,Tunisia,Middle East and North Africa,1985,1995,2.67,4.5211,5.0331,5.9719,70.9134,4.493,3.32,1.7555782208588957,6.546999999999999,4.235033096926713,5332.2109527826515,58.105,train
TUN,Tunisia,Middle East and North Africa,1990,2000,2.0255,3.4407,4.5211,5.0331,55.0883,5.424999999999999,4.094,2.5368305412371135,7.158,5.095830374753452,5822.278284241813,59.666,train
TUN,Tunisia,Middle East and North Africa,1995,2005,1.9534,2.67,3.4407,4.5211,41.8646,6.579,5.052,3.349781094527363,7.673,5.945894590072504,7920.562067539411,63.175,train
TUN,Tunisia,Middle East and North Africa,2000,2010,2.0753,2.0255,2.67,3.4407,29.5698,7.845,5.934,4.207953757225434,8.298,6.748179337231968,8762.506148058115,65.41,gap
TUN,Tunisia,Middle East and North Africa,2005,2015,2.3057,1.9534,2.0255,2.67,22.0432,9.232,7.288,5.216355490113589,9.038,7.505077052631579,9353.088482711244,66.979,test
TUN,Tunisia,Middle East and North Africa,2010,2020,2.0,2.0753,1.9534,2.0255,18.9996,10.236,9.225,6.426128760088041,9.472,8.154606138107416,11552.04895863226,68.54599999999999,test
UGA,Uganda,Sub-Saharan Africa,1955,1965,7.0418,6.7434,6.6574,,244.7701,0.598,0.686,0.4517135416666667,1.852,1.5205284810126583,857.8003890987872,16.497,train
UGA,Uganda,Sub-Saharan Africa,1960,1970,7.1486,6.9051,6.7434,6.6574,222.9033,0.682,0.682,0.5171161524500908,2.061,1.6858976958525345,881.5936589792726,18.863,train
UGA,Uganda,Sub-Saharan Africa,1965,1975,7.2015,7.0418,6.9051,6.7434,205.3105,1.013,0.633,0.47718888888888894,2.475,1.617382258064516,943.9375205425824,21.509,train
UGA,Uganda,Sub-Saharan Africa,1970,1980,7.1133,7.1486,7.0418,6.9051,194.3479,1.606,0.742,0.4766963315217391,3.165,1.804956340956341,1134.511122363273,24.551000000000002,train
UGA,Uganda,Sub-Saharan Africa,1975,1985,7.0369,7.2015,7.1486,7.0418,206.8425,2.012,1.156,0.7555664085765337,3.668,2.3303974437005475,1094.9917021369135,27.450000000000003,train
UGA,Uganda,Sub-Saharan Africa,1980,1990,7.0136,7.1133,7.2015,7.1486,229.13,2.505,1.68,1.0595423553719008,3.851,2.8706477453580903,810.5725230089467,29.084999999999994,train
UGA,Uganda,Sub-Saharan Africa,1985,1995,6.8711,7.0369,7.1133,7.2015,198.6916,3.177,2.173,1.4604511814534105,4.919,3.3474738051470587,870.5873597894619,32.238,train
UGA,Uganda,Sub-Saharan Africa,1990,2000,6.7876,7.0136,7.0369,7.1133,181.7422,4.307,3.037,2.0123159288687096,5.321,4.046273264984227,880.5357231399981,36.999,train
UGA,Uganda,Sub-Saharan Africa,1995,2005,6.5252,6.8711,7.0136,7.0369,164.7791,4.35,3.738,2.6118079114984916,5.588,4.681935211267605,1115.9435731066912,41.567,train
UGA,Uganda,Sub-Saharan Africa,2000,2010,6.0194,6.7876,6.8711,7.0136,143.412,4.82,4.215,3.169121038333836,5.396,5.183706322018064,1221.2983489348408,46.498,gap
UGA,Uganda,Sub-Saharan Africa,2005,2015,5.2508,6.5252,6.7876,6.8711,106.9002,5.529,4.667,3.768638028895769,5.941,5.534538782972056,1430.293219809869,50.576,test
UGA,Uganda,Sub-Saharan Africa,2010,2020,4.6211,6.0194,6.5252,6.7876,76.2116,6.303,5.633,4.7554541372674795,5.922,6.605221292122772,1839.008652184997,55.583,test
COD,Democratic Republic of the Congo,Sub-Saharan Africa,1955,1965,6.2103,5.9819,5.9658,,286.9888,0.371,0.11,0.0536465483234714,2.082,0.9354937560038425,2885.213678599401,47.579,train
COD,Democratic Republic of the Congo,Sub-Saharan Africa,1960,1970,6.3291,6.1053,5.9819,5.9658,272.012,0.5,0.171,0.09866035087719299,2.394,1.1898013411567476,2793.31244370062,49.536,train
COD,Democratic Republic of the Congo,Sub-Saharan Africa,1965,1975,6.4192,6.2103,6.1053,5.9819,260.8716,0.717,0.268,0.1487175738724728,2.649,1.474299416484318,2718.118609600054,52.042,train
COD,Democratic Republic of the Congo,Sub-Saharan Africa,1970,1980,6.4948,6.3291,6.2103,6.1053,239.3864,1.085,0.403,0.22662013605442177,2.939,1.764727215980025,2948.05158544765,54.894,train
COD,Democratic Republic of the Congo,Sub-Saharan Africa,1975,1985,6.6116,6.4192,6.3291,6.2103,224.4286,1.604,0.632,0.3511430964345537,3.445,2.082629101667563,2211.0558893061307,57.494,train
COD,Democratic Republic of the Congo,Sub-Saharan Africa,1980,1990,6.6494,6.4948,6.4192,6.3291,211.7573,2.221,1.022,0.5552977871443625,4.588,2.423038309728349,2219.033386170626,57.69,train
COD,Democratic Republic of the Congo,Sub-Saharan Africa,1985,1995,6.6756,6.6116,6.4948,6.4192,198.308,2.696,1.589,0.8668780396558174,6.521000000000001,2.874866382806164,2215.622766051557,58.453,train
COD,Democratic Republic of the Congo,Sub-Saharan Africa,1990,2000,6.7018,6.6494,6.6116,6.4948,185.83,3.485,2.647,1.4764929761515844,6.031,3.5061554504030843,1510.7505508273816,59.919,train
COD,Democratic Republic of the Congo,Sub-Saharan Africa,1995,2005,6.5264,6.6756,6.6494,6.6116,174.3399,3.003,3.555,2.110066629260766,5.075,4.31276834725537,822.9347406441382,62.831,train
COD,Democratic Republic of the Congo,Sub-Saharan Africa,2000,2010,6.5868,6.7018,6.6756,6.6494,158.4205,2.857,3.546,2.449237532133676,4.527,4.705231080534197,553.3390740377846,64.95,gap
COD,Democratic Republic of the Congo,Sub-Saharan Africa,2005,2015,6.437,6.5264,6.7018,6.6756,135.8872,3.27,3.068,2.678464804722979,5.079,4.867081366678408,623.8975922099888,66.781,test
COD,Democratic Republic of the Congo,Sub-Saharan Africa,2010,2020,6.2057,6.5868,6.5264,6.7018,113.9058,3.5829999999999997,3.206,2.962835350851294,5.322,5.171440933789495,719.5880066267421,68.943,test
ZMB,Zambia,Sub-Saharan Africa,1955,1965,7.1163,6.8033,6.7789,,222.8899,2.061,1.679,1.203909090909091,3.249,2.233394144144144,2926.7392363500717,45.921,train
ZMB,Zambia,Sub-Saharan Africa,1960,1970,7.224,6.9468,6.8033,6.7789,204.5211,2.507,1.959,1.409162661737523,3.7799999999999994,2.491733727810651,2858.7623231620487,46.93,train
ZMB,Zambia,Sub-Saharan Africa,1965,1975,7.4215,7.1163,6.9468,6.8033,191.4135,2.75,2.359,1.73852188006483,4.053,2.8953602058319037,3169.792374197862,48.109,train
ZMB,Zambia,Sub-Saharan Africa,1970,1980,7.1391,7.224,7.1163,6.9468,178.4025,3.65,2.702,2.00729802259887,4.499,3.22489880952381,3841.5843252213954,49.436,train
ZMB,Zambia,Sub-Saharan Africa,1975,1985,6.928,7.4215,7.224,7.1163,159.215,4.07,3.108,2.222862530413625,5.801,4.150796178343949,2596.106289269196,50.44,train
ZMB,Zambia,Sub-Saharan Africa,1980,1990,6.5667,7.1391,7.4215,7.224,157.2238,4.973,3.116,2.2668738170347003,6.049,5.1795784851811195,1714.435273664626,50.279,train
ZMB,Zambia,Sub-Saharan Africa,1985,1995,6.2316,6.928,7.1391,7.4215,168.6228,5.002,4.251,2.899148936170213,6.116,5.768319482917821,2166.2892086751276,48.844,train
ZMB,Zambia,Sub-Saharan Africa,1990,2000,5.9208,6.5667,6.928,7.1391,181.5366,4.919999999999999,4.722,3.3843287671232876,5.588,6.4554821852731585,1416.051561783573,47.733,train
ZMB,Zambia,Sub-Saharan Africa,1995,2005,5.6975,6.2316,6.5667,6.928,175.2762,6.34,5.801,4.5121320626276376,6.519,7.052686302342087,1032.0056698063356,47.888,train
ZMB,Zambia,Sub-Saharan Africa,2000,2010,5.3594,5.9208,6.2316,6.5667,151.5747,6.68,6.471,5.104732507739938,6.414,7.334465189873418,1297.4325106778608,48.139,gap
ZMB,Zambia,Sub-Saharan Africa,2005,2015,4.7753,5.6975,5.9208,6.2316,107.8112,6.852000000000001,6.880000000000001,5.725593140153756,6.131,7.538439067055394,1710.8427167656848,50.084,test
ZMB,Zambia,Sub-Saharan Africa,2010,2020,4.3232,5.3594,5.6975,5.9208,80.084,8.095,7.066,6.234413413963716,7.982,7.5131554267650165,3453.5358784965497,51.621,test
ZWE,Zimbabwe,Sub-Saharan Africa,1955,1965,7.2313,7.0985,7.0406,,167.4402,2.607,1.598,1.1136702127659575,3.564,1.7364871794871795,2008.8833326386905,24.839,train
ZWE,Zimbabwe,Sub-Saharan Africa,1960,1970,6.9821,7.1945,7.0985,7.0406,150.3918,3.059,1.964,1.3817658227848102,3.899,2.208788368336026,2485.5711122595203,26.659999999999997,train
ZWE,Zimbabwe,Sub-Saharan Africa,1965,1975,6.8325,7.2313,7.1945,7.0985,131.0575,3.284,2.327,1.6739915966386554,3.951,2.728384835479256,2451.552938115471,28.676000000000002,train
ZWE,Zimbabwe,Sub-Saharan Africa,1970,1980,6.5173,6.9821,7.2313,7.1945,117.4331,4.187,2.493,1.9214444444444443,4.658,3.152547738693467,2933.7929263198766,30.855999999999995,train
ZWE,Zimbabwe,Sub-Saharan Africa,1975,1985,5.8708,6.8325,6.9821,7.2313,114.1659,4.079,3.018,2.305498898678414,4.672,3.7057384960718296,3378.1246276141487,33.144000000000005,train
ZWE,Zimbabwe,Sub-Saharan Africa,1980,1990,4.8762,6.5173,6.8325,6.9821,107.4649,4.635,3.501,2.6439735599622285,5.317,4.186331054687501,3183.1147052408114,33.721000000000004,train
ZWE,Zimbabwe,Sub-Saharan Africa,1985,1995,4.1529,5.8708,6.5173,6.8325,85.1628,5.118000000000001,4.402,3.338163884673748,6.368,5.177042154566744,4189.141613551986,34.67100000000001,train
ZWE,Zimbabwe,Sub-Saharan Africa,1990,2000,4.0088,4.8762,5.8708,6.5173,81.7992,7.278,5.131,3.8786202069385274,7.896000000000001,5.944277673545966,5283.048707605838,36.844,train
ZWE,Zimbabwe,Sub-Saharan Africa,1995,2005,3.6933,4.1529,4.8762,5.8708,96.1244,8.323,6.43,4.810097419694576,8.799,6.648273284997211,5628.38766049171,37.691,train
ZWE,Zimbabwe,Sub-Saharan Africa,2000,2010,4.0401,4.0088,4.1529,4.8762,94.9923,8.681,7.363,5.398745679012346,8.802,7.001077818951827,3608.850369045027,38.113,gap
ZWE,Zimbabwe,Sub-Saharan Africa,2005,2015,3.9114,3.6933,4.0088,4.1529,91.8027,8.533,8.336,6.3502537676227515,8.34,7.70862017059709,1787.037473723159,36.972,test
ZWE,Zimbabwe,Sub-Saharan Africa,2010,2020,3.7543,4.0401,3.6933,4.0088,82.6848,8.429,8.652,7.100885531135531,7.957000000000001,8.098381016644176,2204.595713981554,36.921,test
BRB,Barbados,Latin America and the Caribbean,1955,1965,4.176,4.4405,4.473,,137.0621,5.299,5.088,4.649980392156863,4.581,5.004761904761905,,87.459,train
BRB,Barbados,Latin America and the Caribbean,1960,1970,3.079,4.7057,4.4405,4.473,86.1765,5.31,5.216,4.8543773584905665,5.209,5.1987749999999995,9270.01898342287,87.691,train
BRB,Barbados,Latin America and the Caribbean,1965,1975,2.447,4.176,4.7057,4.4405,61.6005,7.607000000000001,6.879,6.200285714285713,8.078,6.470538461538461,10209.163621537371,88.146,train
BRB,Barbados,Latin America and the Caribbean,1970,1980,1.7767,3.079,4.176,4.7057,47.8931,9.356,9.201,8.027127659574468,9.283,8.38345945945946,15103.69023190269,88.405,train
BRB,Barbados,Latin America and the Caribbean,1975,1985,1.7692,2.447,3.079,4.176,36.284,8.767,8.541,7.328877551020408,8.832,7.666604651162791,16665.552785933807,88.27,train
BRB,Barbados,Latin America and the Caribbean,1980,1990,1.8416,1.7767,2.447,3.079,27.1735,9.6,8.207,6.5619615384615395,9.249,6.975860465116279,13870.5032097014,87.208,train
BRB,Barbados,Latin America and the Caribbean,1985,1995,1.7043,1.7692,1.7767,2.447,21.8868,9.62,9.209,7.710672727272727,9.406,8.073808510638298,13492.74822612658,87.619,train
BRB,Barbados,Latin America and the Caribbean,1990,2000,1.9331,1.8416,1.7692,1.7767,18.0583,9.491,9.858,8.481288135593221,9.358,8.551589285714286,15712.096309056627,87.647,train
BRB,Barbados,Latin America and the Caribbean,1995,2005,1.7381,1.7043,1.8416,1.7692,15.151,9.442,9.771,9.015333333333334,9.253,8.936491803278688,21733.440572653268,87.58500000000001,train
BRB,Barbados,Latin America and the Caribbean,2000,2010,1.7848,1.9331,1.7043,1.8416,14.8001,9.566,9.701,9.30805479452055,9.305,9.031507246376812,23796.017111163288,87.122,gap
BRB,Barbados,Latin America and the Caribbean,2005,2015,1.7256,1.7381,1.9331,1.7043,15.1968,10.339,9.801,9.429272727272727,9.449,9.131424657534247,23708.161649817426,85.777,test
BRB,Barbados,Latin America and the Caribbean,2010,2020,1.7077,1.7848,1.7381,1.9331,14.4223,10.881,10.32,9.651670731707318,9.273,9.22874358974359,19011.36635386133,85.587,test
CAN,Canada,Advanced Economies,1955,1965,3.0747,3.7463,3.3736,,40.0367,8.661,8.652,8.153346272855133,8.427,7.8152083904579115,14038.693556228909,61.534,train
CAN,Canada,Advanced Economies,1960,1970,2.2665,3.8203,3.7463,3.3736,32.3,9.151,9.174,8.47859357470678,9.139,8.250749131513647,14980.657991366155,63.993,train
CAN,Canada,Advanced Economies,1965,1975,1.7993,3.0747,3.8203,3.7463,26.304,9.461,9.398,8.570881863560732,9.686,8.589674923330973,17990.958514733076,65.626,train
CAN,Canada,Advanced Economies,1970,1980,1.6576,2.2665,3.0747,3.8203,22.4312,10.23,10.196,8.984188412017167,10.507,9.184006941522927,20486.73517237456,66.943,train
CAN,Canada,Advanced Economies,1975,1985,1.5945,1.7993,2.2665,3.0747,17.3979,10.851,10.962,9.447799279074179,10.894,9.861589131252352,24508.174913641004,68.248,train
CAN,Canada,Advanced Economies,1980,1990,1.6963,1.6576,1.7993,2.2665,12.877,10.866,11.628,10.01286002714625,10.892,10.674673389830508,27693.53450722586,68.873,train
CAN,Canada,Advanced Economies,1985,1995,1.674,1.5945,1.6576,1.7993,9.6813,10.487,11.11,10.048675667475727,10.254,10.480803525300107,30183.617591273738,69.976,train
CAN,Canada,Advanced Economies,1990,2000,1.5105,1.6963,1.5945,1.6576,8.3011,10.764,11.501,10.652897192458973,10.439,10.828723691311387,33249.12243672861,71.283,train
CAN,Canada,Advanced Economies,1995,2005,1.5656,1.674,1.6963,1.5945,7.1242,11.21,11.929,11.090476611883691,10.793,11.178973993182678,35085.112795324894,72.227,train
CAN,Canada,Advanced Economies,2000,2010,1.6417,1.5105,1.674,1.6963,5.9394,11.048,12.5,11.527932612312812,10.618,11.529871481173537,41743.805156356255,73.089,gap
CAN,Canada,Advanced Economies,2005,2015,1.601,1.5656,1.5105,1.674,6.2646,11.375,13.642,12.932514571746385,11.017,12.673628561924826,44671.07081330428,74.037,test
CAN,Canada,Advanced Economies,2010,2020,1.4133,1.6417,1.5656,1.5105,5.7989,11.45,13.833,13.253523472940184,11.162,12.91048010916343,43429.49617138137,74.95400000000001,test
CRI,Costa Rica,Latin America and the Caribbean,1955,1965,5.9604,6.5709,6.3166,,119.3793,4.231,3.8059999999999996,3.5407910447761193,4.336,3.6755622119815667,5010.666915835772,45.003,train
CRI,Costa Rica,Latin America and the Caribbean,1960,1970,4.5846,6.7118,6.5709,6.3166,98.5763,4.396,4.08,3.713369369369369,4.391,3.8115983263598325,5118.8613718025235,49.228,train
CRI,Costa Rica,Latin America and the Caribbean,1965,1975,3.8036,5.9604,6.7118,6.5709,88.7007,4.924,4.292,3.8598502024291497,4.842,3.901659090909091,5509.254040104932,53.425,train
CRI,Costa Rica,Latin America and the Caribbean,1970,1980,3.5833,4.5846,5.9604,6.7118,72.8997,4.692,4.067,3.6303215547703185,4.611,3.693551369863013,6465.217333680579,56.92,train
CRI,Costa Rica,Latin America and the Caribbean,1975,1985,3.5108,3.8036,4.5846,5.9604,44.6731,6.375,5.45,4.555424242424242,6.308,4.66834023668639,7027.153562174218,59.864,train
CRI,Costa Rica,Latin America and the Caribbean,1980,1990,3.1675,3.5833,3.8036,4.5846,25.8621,7.467,6.329999999999999,5.416913366336634,7.38,5.574424390243903,8417.654228471654,62.142,train
CRI,Costa Rica,Latin America and the Caribbean,1985,1995,2.7785,3.5108,3.5833,3.8036,21.4544,8.054,7.408,6.1741529175050305,7.805999999999999,6.36576227897839,7591.414670232016,64.311,train
CRI,Costa Rica,Latin America and the Caribbean,1990,2000,2.4127,3.1675,3.5108,3.5833,17.2108,8.113,8.2,6.890978653530377,7.862,7.01006200317965,7993.1405503019305,67.128,train
CRI,Costa Rica,Latin America and the Caribbean,1995,2005,2.0382,2.7785,3.1675,3.5108,14.9061,8.123,8.436,7.401360497237569,7.965000000000001,7.462771999999999,9642.591699515504,69.66,train
CRI,Costa Rica,Latin America and the Caribbean,2000,2010,1.8271,2.4127,2.7785,3.1675,13.1081,8.492,8.413,7.82808875739645,8.129,7.794982798165137,10548.179852876005,71.874,gap
CRI,Costa Rica,Latin America and the Caribbean,2005,2015,1.7966,2.0382,2.4127,2.7785,11.4377,8.839,9.211,8.509695918367347,8.454,8.44088932806324,11579.870594798462,72.68299999999999,test
CRI,Costa Rica,Latin America and the Caribbean,2010,2020,1.4477,1.8271,2.0382,2.4127,10.4047,8.998,9.348,8.470296164139162,8.155,8.289586206896551,14151.384127550753,73.175,test
DOM,Dominican Rep.,Latin America and the Caribbean,1955,1965,7.0531,7.672,7.5073,,235.1196,3.165,2.409,2.408886524822695,2.581,2.406714592274678,2168.875711082279,62.786,train
DOM,Dominican Rep.,Latin America and the Caribbean,1960,1970,6.1838,7.5545,7.672,7.5073,203.4474,3.4419999999999997,2.41,2.409324701195219,3.425,2.4061183970856104,2576.5653182761666,66.328,train
DOM,Dominican Rep.,Latin America and the Caribbean,1965,1975,5.2348,7.0531,7.5545,7.672,172.3057,3.819,2.922,2.552813559322034,4.134,2.789173708920188,2637.4593052505406,69.561,train
DOM,Dominican Rep.,Latin America and the Caribbean,1970,1980,4.3024,6.1838,7.0531,7.5545,144.8139,4.668,3.611,2.942483357452967,4.64,3.42050336473755,3257.959227879735,72.434,train
DOM,Dominican Rep.,Latin America and the Caribbean,1975,1985,3.6856,5.2348,6.1838,7.0531,115.549,5.146,4.156,3.3616373762376237,5.763,3.7778102444703143,4635.026591161826,75.03,train
DOM,Dominican Rep.,Latin America and the Caribbean,1980,1990,3.4109,4.3024,5.2348,6.1838,94.8121,5.966,4.82,3.8102130115424977,6.659999999999999,4.385159793814433,4928.679040824428,76.91,train
DOM,Dominican Rep.,Latin America and the Caribbean,1985,1995,3.1009,3.6856,4.3024,5.2348,77.8949,6.965,5.355,4.320470484581498,6.985,5.0921103565365025,4904.5313326423,78.435,train
DOM,Dominican Rep.,Latin America and the Caribbean,1990,2000,2.8688,3.4109,3.6856,4.3024,62.8084,7.967,6.23,4.9826785449146245,6.88,5.807802173913044,4954.21668539989,79.389,train
DOM,Dominican Rep.,Latin America and the Caribbean,1995,2005,2.5742,3.1009,3.4109,3.6856,49.8908,8.25,7.509999999999999,5.809589433481858,6.809999999999999,6.385625628140703,6282.563777400816,81.19800000000001,train
DOM,Dominican Rep.,Latin America and the Caribbean,2000,2010,2.5559,2.8688,3.1009,3.4109,42.3933,8.281,8.696,6.649218212104387,7.15,6.773835189309576,8512.886080577044,82.985,gap
DOM,Dominican Rep.,Latin America and the Caribbean,2005,2015,2.4298,2.5742,2.8688,3.1009,36.6691,9.149,8.793,7.1511623762376235,7.917,7.064082917082917,9354.900878363665,83.842,test
DOM,Dominican Rep.,Latin America and the Caribbean,2010,2020,2.3289,2.5559,2.5742,2.8688,35.0222,9.117,9.078,8.205770053475936,8.197,7.602203259393391,12474.4067467028,84.844,test
SLV,El Salvador,Latin America and the Caribbean,1955,1965,6.6361,6.4749,6.2959,,220.079,1.7980000000000003,1.467,1.36165625,2.025,1.8014274193548387,852.6499664950494,55.655,train
SLV,El Salvador,Latin America and the Caribbean,1960,1970,6.1778,6.6177,6.4749,6.2959,208.7885,2.475,1.437,1.437,2.653,1.9218235294117647,808.4182935986515,58.734,train
SLV,El Salvador,Latin America and the Caribbean,1965,1975,5.7052,6.6361,6.6177,6.4749,190.7358,3.08,2.045,1.675981707317073,3.268,2.3018946280991734,942.9553694900656,62.006,train
SLV,El Salvador,Latin America and the Caribbean,1970,1980,5.1065,6.1778,6.6361,6.6177,171.0535,3.7839999999999994,2.747,1.9873060869565218,3.849,2.7410406360424027,1007.9874628350537,65.26400000000001,train
SLV,El Salvador,Latin America and the Caribbean,1975,1985,4.3165,5.7052,6.1778,6.6361,154.7897,4.254,3.316,2.4080878787878786,4.498,3.1208826219512193,1056.6725345179018,67.94,train
SLV,El Salvador,Latin America and the Caribbean,1980,1990,3.964,5.1065,5.7052,6.1778,136.0571,4.65,3.8960000000000004,2.8561148197596795,4.548,3.6112272727272723,1114.5831691241751,69.783,train
SLV,El Salvador,Latin America and the Caribbean,1985,1995,3.5678,4.3165,5.1065,5.7052,106.2638,6.163,4.396,3.340494532199271,6.236,3.933971241830065,1030.8138842006078,71.95400000000001,train
SLV,El Salvador,Latin America and the Caribbean,1990,2000,3.0761,3.964,4.3165,5.1065,69.3032,6.915,4.884,3.802288671023965,6.789,4.234328502415459,1162.0899163110269,75.619,train
SLV,El Salvador,Latin America and the Caribbean,1995,2005,2.4404,3.5678,3.964,4.3165,45.1539,7.08,6.506,4.785137640449438,6.981,5.307658922914467,1815.3773945785808,76.989,train
SLV,El Salvador,Latin America and the Caribbean,2000,2010,2.2394,3.0761,3.5678,3.964,33.1631,8.413,8.19,5.9824758511480605,8.37,6.626763459841129,2508.32190893167,77.056,gap
SLV,El Salvador,Latin America and the Caribbean,2005,2015,2.0669,2.4404,3.0761,3.5678,25.3246,9.225,9.003,7.186911468812877,9.107,8.01330814380044,3654.2077620943924,76.85900000000001,test
SLV,El Salvador,Latin America and the Caribbean,2010,2020,1.819,2.2394,2.4404,3.0761,19.3412,8.086,9.013,7.861518015357353,7.822000000000001,8.38214769820972,5931.92981746882,76.771,test
GTM,Guatemala,Latin America and the Caribbean,1955,1965,6.8391,6.9501,6.8038,,245.0895,1.367,1.093,0.9861810490693739,1.72,1.4732873754152824,2334.866648345258,52.359,train
GTM,Guatemala,Latin America and the Caribbean,1960,1970,6.6002,6.9993,6.9501,6.8038,221.1245,1.5210000000000001,1.207,1.0118592375366569,1.875,1.467492816091954,2484.059900213341,54.858,train
GTM,Guatemala,Latin America and the Caribbean,1965,1975,6.4101,6.8391,6.9993,6.9501,195.5564,1.7,1.384,1.0639793014230272,2.012,1.5294108723135271,2684.949593687544,57.547,train
GTM,Guatemala,Latin America and the Caribbean,1970,1980,6.1708,6.6002,6.8391,6.9993,170.472,2.175,1.5760000000000003,1.1698857142857144,2.574,1.6439036954087345,3219.6702414906135,60.02,train
GTM,Guatemala,Latin America and the Caribbean,1975,1985,5.7294,6.4101,6.6002,6.8391,145.5543,2.7,2.023,1.3877144268774706,3.054,1.8995881782945734,3456.544751347897,62.233,train
GTM,Guatemala,Latin America and the Caribbean,1980,1990,5.4803,6.1708,6.4101,6.6002,122.8077,3.397,2.709,2.1262959719789842,4.24,2.7662336206896554,3990.106801847172,63.73,train
GTM,Guatemala,Latin America and the Caribbean,1985,1995,5.1051,5.7294,6.1708,6.4101,99.8281,3.65,3.112,2.454289638932496,4.388,3.224697111631538,3569.453586351313,65.417,train
GTM,Guatemala,Latin America and the Caribbean,1990,2000,4.5825,5.4803,5.7294,6.1708,80.8238,3.9290000000000003,3.607,2.8000886075949367,4.846,3.6395092329545453,3807.814645276195,67.495,train
GTM,Guatemala,Latin America and the Caribbean,1995,2005,3.9743,5.1051,5.4803,5.7294,64.4018,4.19,3.953,3.176185873605948,4.843,4.073976408912189,4480.7457613444185,69.67099999999999,train
GTM,Guatemala,Latin America and the Caribbean,2000,2010,3.3752,4.5825,5.1051,5.4803,52.1539,4.555,4.393,3.5755029585798814,5.14,4.559342152736019,5114.701630509745,71.577,gap
GTM,Guatemala,Latin America and the Caribbean,2005,2015,3.0288,3.9743,4.5825,5.1051,43.9373,4.603,4.264,3.465125457875458,5.244,4.531525333333334,5588.076734029586,72.518,test
GTM,Guatemala,Latin America and the Caribbean,2010,2020,2.4697,3.3752,3.9743,4.5825,34.9022,6.058,4.951,4.18770968992248,6.469,5.038059442158208,6721.728266528562,72.961,test
HTI,Haiti,Latin America and the Caribbean,1955,1965,6.1289,6.2299,6.2507,,324.2041,0.666,0.525,0.43722437673130193,1.099,0.7784855842185128,,47.621,train
HTI,Haiti,Latin America and the Caribbean,1960,1970,5.9114,6.178,6.2299,6.2507,292.3875,0.807,0.601,0.4887529722589168,1.556,0.8805115606936416,1337.98872843043,50.138,train
HTI,Haiti,Latin America and the Caribbean,1965,1975,5.7483,6.1289,6.178,6.2299,268.6695,1.024,0.678,0.55974625,1.73,1.0791074380165289,1234.0469510641717,52.736,train
HTI,Haiti,Latin America and the Caribbean,1970,1980,5.5573,5.9114,6.1289,6.178,243.9058,1.472,0.851,0.6594935217903415,2.114,1.243971685971686,1247.9342208159674,55.394,train
HTI,Haiti,Latin America and the Caribbean,1975,1985,5.4953,5.7483,5.9114,6.1289,216.9927,1.917,1.17,0.8943017621145374,2.476,1.5942279855247288,1369.647069999629,58.085,train
HTI,Haiti,Latin America and the Caribbean,1980,1990,5.4144,5.5573,5.7483,5.9114,190.8147,2.695,1.582,1.1686161616161617,3.423,1.9430515117581186,1714.9360234149299,61.632,train
HTI,Haiti,Latin America and the Caribbean,1985,1995,4.8841,5.4953,5.5573,5.7483,166.3261,3.225,2.067,1.4654908424908426,5.608,3.22531934493347,1537.5986827753043,65.25800000000001,train
HTI,Haiti,Latin America and the Caribbean,1990,2000,4.3896,5.4144,5.4953,5.5573,144.6448,3.854,2.878,1.8772645107794363,5.85,3.976395327102803,1343.4755668829287,68.261,train
HTI,Haiti,Latin America and the Caribbean,1995,2005,3.835,4.8841,5.4144,5.4953,123.3503,4.271,3.494,2.3149730976172176,6.028,4.706314360770578,1327.4286794937002,70.888,train
HTI,Haiti,Latin America and the Caribbean,2000,2010,3.4973,4.3896,4.8841,5.4144,103.7625,4.071,4.086,2.839001421464108,6.185,5.348567415730337,1943.9295948832003,73.232,gap
HTI,Haiti,Latin America and the Caribbean,2005,2015,3.1104,3.835,4.3896,4.8841,89.3595,4.523,4.512,3.349020434227331,6.354,5.913542695836274,1613.558356090913,75.31,test
HTI,Haiti,Latin America and the Caribbean,2010,2020,2.8036,3.4973,3.835,4.3896,141.1142,5.199,4.224,3.60347418630752,5.856,6.479136473429952,1577.6917151364687,78.41,test
HND,Honduras,Latin America and the Caribbean,1955,1965,7.4424,7.5125,7.4688,,247.8169,1.8230000000000002,1.622,1.4432107279693487,1.948,1.8972576923076923,2169.4132615474537,28.233999999999995,train
HND,Honduras,Latin America and the Caribbean,1960,1970,7.1719,7.4584,7.5125,7.4688,212.1886,2.241,1.679,1.5042736156351793,2.309,1.9349313725490194,2223.8063524264467,30.942999999999998,train
HND,Honduras,Latin America and the Caribbean,1965,1975,6.8661,7.4424,7.4584,7.5125,177.0171,2.671,1.864,1.572367688022284,2.978,1.9143798882681562,2490.8294331382904,33.843,train
HND,Honduras,Latin America and the Caribbean,1970,1980,6.4182,7.1719,7.4424,7.4584,145.7175,2.986,2.308,1.7837124999999998,3.226,2.1171800000000003,2439.9620690907827,36.965,train
HND,Honduras,Latin America and the Caribbean,1975,1985,5.8162,6.8661,7.1719,7.4424,118.6595,3.6430000000000002,2.725,1.9976357615894038,3.55,2.347791574279379,2371.5854656683114,40.277,train
HND,Honduras,Latin America and the Caribbean,1980,1990,5.2712,6.4182,6.8661,7.1719,94.6193,4.999,3.797,2.8900371057513916,4.736,3.1249277777777777,3080.589741748111,42.355,train
HND,Honduras,Latin America and the Caribbean,1985,1995,4.8352,5.8162,6.4182,6.8661,74.2359,5.778,5.121,3.9268989113530326,5.452,4.0961625,2836.8034979296503,44.568,train
HND,Honduras,Latin America and the Caribbean,1990,2000,4.2893,5.2712,5.8162,6.4182,58.2441,6.127000000000001,5.508,4.448941785252264,5.777,4.57510182767624,3032.023612506642,46.427,train
HND,Honduras,Latin America and the Caribbean,1995,2005,3.577,4.8352,5.2712,5.8162,46.59,6.159,5.929,4.9343863636363645,6.325,5.049357997823722,3295.668837254559,48.226,train
HND,Honduras,Latin America and the Caribbean,2000,2010,3.0781,4.2893,4.8352,5.2712,37.2781,6.634,6.232,5.345840036563072,6.683,5.441065934065934,3279.1303312536343,50.529,gap
HND,Honduras,Latin America and the Caribbean,2005,2015,2.7464,3.577,4.2893,4.8352,30.0399,7.1979999999999995,6.538,5.745855486862442,6.873,5.799574845679012,3582.888152258652,52.45,test
HND,Honduras,Latin America and the Caribbean,2010,2020,2.5768,3.0781,3.577,4.2893,25.0582,7.879,7.004,6.138426518615285,7.212000000000001,6.044447112264764,3979.106345589464,54.087,test
JAM,Jamaica,Latin America and the Caribbean,1955,1965,5.7186,4.5242,3.923,,106.514,4.204,3.996,3.6126030303030308,3.9820000000000007,3.539342372881356,4383.567315695537,67.562,train
JAM,Jamaica,Latin America and the Caribbean,1960,1970,5.3493,5.5382,4.5242,3.923,82.1281,4.643,4.186,3.7505496894409935,4.246,3.644432055749129,5564.289686646209,68.783,train
JAM,Jamaica,Latin America and the Caribbean,1965,1975,4.4356,5.7186,5.5382,4.5242,67.021,5.46,4.527,4.092355555555556,5.073,4.079282229965156,6182.121684338545,70.209,train
JAM,Jamaica,Latin America and the Caribbean,1970,1980,3.5881,5.3493,5.7186,5.5382,56.4065,5.999,4.993,4.485058064516129,5.597,4.603625874125874,7081.836637468665,71.291,train
JAM,Jamaica,Latin America and the Caribbean,1975,1985,3.212,4.4356,5.3493,5.7186,46.2952,6.907,5.667,4.854496894409937,6.273,4.921190972222222,7474.315896207179,72.596,train
JAM,Jamaica,Latin America and the Caribbean,1980,1990,2.9546,3.5881,4.4356,5.3493,37.9569,7.734,6.76,5.51530790960452,7.121,5.512513513513513,4799.332811229972,73.65899999999999,train
JAM,Jamaica,Latin America and the Caribbean,1985,1995,2.8506,3.212,3.5881,4.4356,32.1238,8.15,7.638,6.198592964824121,7.662,6.110703703703703,4088.252371805302,73.51599999999999,train
JAM,Jamaica,Latin America and the Caribbean,1990,2000,2.3446,2.9546,3.212,3.5881,27.9027,8.995,8.565,6.8713951434878595,8.338,6.761464788732394,5185.546527943648,73.80199999999999,train
JAM,Jamaica,Latin America and the Caribbean,1995,2005,2.1475,2.8506,2.9546,3.212,24.1287,10.251,9.526,8.148877712031558,9.29,7.737754756871035,5765.576920202226,75.227,train
JAM,Jamaica,Latin America and the Caribbean,2000,2010,1.7988,2.3446,2.8506,2.9546,20.6898,10.797,10.894,9.542996363636364,10.068999999999999,8.878823076923076,6140.593405104756,75.691,gap
JAM,Jamaica,Latin America and the Caribbean,2005,2015,1.5075,2.1475,2.3446,2.8506,19.2253,11.163,11.443,10.053683937823834,10.782,9.323312384473198,7147.599952445308,75.521,test
JAM,Jamaica,Latin America and the Caribbean,2010,2020,1.3826,1.7988,2.1475,2.3446,19.0906,10.515,11.946,10.634892156862746,10.278,9.947494736842106,7769.376359875252,75.013,test
MEX,Mexico,Latin America and the Caribbean,1955,1965,6.8186,6.7298,6.7093,,196.0692,2.586,1.918,1.918,2.785,2.4760510783200904,5723.694449080738,51.643,train
MEX,Mexico,Latin America and the Caribbean,1960,1970,6.5295,6.7626,6.7298,6.7093,155.8943,2.7480000000000007,2.371,2.0888433300557194,3.077,2.6132044414307507,6472.486122939716,55.165,train
MEX,Mexico,Latin America and the Caribbean,1965,1975,5.7393,6.8186,6.7626,6.7298,127.859,3.331,2.876,2.3380751748251747,4.257,2.818798887719826,7750.345750291737,58.956,train
MEX,Mexico,Latin America and the Caribbean,1970,1980,4.739,6.5295,6.8186,6.7626,106.623,4.329,3.205,2.6280514743263854,4.32,3.299952973539429,8905.085397563755,62.739,train
MEX,Mexico,Latin America and the Caribbean,1975,1985,4.0874,5.7393,6.5295,6.8186,88.0203,4.87,4.009,3.139407720144753,5.844,3.792469993180268,10635.988456104173,66.08500000000001,train
MEX,Mexico,Latin America and the Caribbean,1980,1990,3.4436,4.739,5.7393,6.5295,71.3933,6.125,4.775,3.6300241510132323,6.725,4.619848049679798,13942.324876479775,68.756,train
MEX,Mexico,Latin America and the Caribbean,1985,1995,3.0436,4.0874,4.739,5.7393,56.9206,7.118,5.827,4.536949228741958,7.556,5.491504201680673,13059.281072722579,71.023,train
MEX,Mexico,Latin America and the Caribbean,1990,2000,2.714,3.4436,4.0874,4.739,45.1331,7.995000000000001,6.9190000000000005,5.405323860660031,8.057,6.30464365869151,12091.061392610418,73.724,train
MEX,Mexico,Latin America and the Caribbean,1995,2005,2.4947,3.0436,3.4436,4.0874,35.6281,8.404,7.808,6.314343748280984,8.488,7.210221468451702,12172.852249403892,74.755,train
MEX,Mexico,Latin America and the Caribbean,2000,2010,2.3402,2.714,3.0436,3.4436,28.2,8.847,8.663,7.14010325886263,8.839,7.960155712841254,14874.655516396411,75.88,gap
MEX,Mexico,Latin America and the Caribbean,2005,2015,2.1368,2.4947,2.714,3.0436,22.8946,9.963,9.285,8.12710881366757,9.893,8.84887980178916,15230.149835192524,76.358,test
MEX,Mexico,Latin America and the Caribbean,2010,2020,1.99,2.3402,2.4947,2.714,19.1596,10.196,9.847,8.625983853145605,9.931,9.075208682705117,16830.23058135496,77.21000000000001,test
NIC,Nicaragua,Latin America and the Caribbean,1955,1965,7.033,7.1233,7.1205,,238.7615,1.726,1.544,1.4909523809523808,2.51,1.8696146788990826,5010.5709183849185,49.743,train
NIC,Nicaragua,Latin America and the Caribbean,1960,1970,6.7726,7.1586,7.1233,7.1205,213.8456,1.8210000000000002,1.686,1.5468830188679243,3.463,2.36129674796748,4813.9787993359205,52.68,train
NIC,Nicaragua,Latin America and the Caribbean,1965,1975,6.4454,7.033,7.1586,7.1233,185.5951,2.002,1.776,1.6103399999999999,4.383,2.97468661971831,6929.658733907916,55.659,train
NIC,Nicaragua,Latin America and the Caribbean,1970,1980,5.9591,6.7726,7.033,7.1586,161.8059,2.24,1.795,1.6275714285714284,5.12,3.8138395061728394,6979.473353925368,58.729,train
NIC,Nicaragua,Latin America and the Caribbean,1975,1985,5.3592,6.4454,6.7726,7.033,144.005,2.691,2.045,1.7616683544303795,5.436,4.1633527851458885,7022.535849261291,61.613,train
NIC,Nicaragua,Latin America and the Caribbean,1980,1990,4.5963,5.9591,6.4454,6.7726,127.3848,3.583,2.412,1.9760430107526883,5.749,4.661926174496644,5417.097486073424,62.13,train
NIC,Nicaragua,Latin America and the Caribbean,1985,1995,3.7752,5.3592,5.9591,6.4454,103.2572,4.211,3.013,2.3407638376383764,5.678,5.2261332046332045,5421.333877918487,63.176,train
NIC,Nicaragua,Latin America and the Caribbean,1990,2000,3.1196,4.5963,5.3592,5.9591,74.8577,5.13,4.706,3.5041796116504855,5.36,5.098526315789474,3332.7489574532633,63.94,train
NIC,Nicaragua,Latin America and the Caribbean,1995,2005,2.7646,3.7752,4.5963,5.3592,52.6888,6.031,5.593,4.298531293463143,5.654,5.344163503649636,3366.0304747930277,65.24199999999999,train
NIC,Nicaragua,Latin America and the Caribbean,2000,2010,2.596,3.1196,3.7752,4.5963,38.5062,6.565,6.547,5.242192814371257,5.986,5.508615960099751,3733.544933183109,66.124,gap
NIC,Nicaragua,Latin America and the Caribbean,2005,2015,2.4344,2.7646,3.1196,3.7752,29.651,7.452,6.923,6.012270351758794,6.587,5.754845672575599,3865.9772045290324,65.809,test
NIC,Nicaragua,Latin America and the Caribbean,2010,2020,2.2989,2.596,2.7646,3.1196,23.8957,8.214,7.341,6.5156078268109905,7.557,6.051530927835051,4259.45650718184,65.694,test
PAN,Panama,Latin America and the Caribbean,1955,1965,5.7276,5.7341,5.5681,,106.6272,4.928,4.501,3.8875321637426903,4.793,4.066957219251337,2677.911756076381,40.718,train
PAN,Panama,Latin America and the Caribbean,1960,1970,5.1752,5.8291,5.7341,5.5681,92.4456,5.561,4.959,4.3117947368421055,5.345000000000001,4.466584158415841,2977.3844007968746,43.021,train
PAN,Panama,Latin America and the Caribbean,1965,1975,4.4145,5.7276,5.8291,5.7341,80.1613,6.056000000000001,5.251,4.581767772511848,5.489,4.5954778761061945,3951.2521157876963,45.716,train
PAN,Panama,Latin America and the Caribbean,1970,1980,3.7962,5.1752,5.7276,5.8291,67.5862,6.719,5.869999999999999,4.984821576763485,5.646,4.849625482625482,5504.645277219218,48.428,train
PAN,Panama,Latin America and the Caribbean,1975,1985,3.4273,4.4145,5.1752,5.7276,52.1451,7.205000000000001,6.595999999999999,5.541017857142857,7.092,5.424642140468227,5929.97796323987,51.03,train
PAN,Panama,Latin America and the Caribbean,1980,1990,3.072,3.7962,4.4145,5.1752,43.3092,8.252,7.331,6.137632530120482,7.975,6.214398843930635,6697.256816382924,52.431,train
PAN,Panama,Latin America and the Caribbean,1985,1995,2.8517,3.4273,3.7962,4.4145,36.113,8.896,8.313,6.947923273657289,8.53,6.935521091811415,6878.250202015275,54.665,train
PAN,Panama,Latin America and the Caribbean,1990,2000,2.7439,3.072,3.4273,3.7962,30.6412,8.976,9.406,7.793725701943845,8.454,7.681746835443038,6620.582472403294,57.289,train
PAN,Panama,Latin America and the Caribbean,1995,2005,2.6431,2.8517,3.072,3.4273,27.9293,9.388,9.692000000000002,8.53290054249548,9.241,8.302017857142857,7818.385036754454,60.816,train
PAN,Panama,Latin America and the Caribbean,2000,2010,2.5866,2.7439,2.8517,3.072,25.3861,9.804,10.184,9.253162287480679,9.32,8.96228854961832,9695.91887515972,63.623,gap
PAN,Panama,Latin America and the Caribbean,2005,2015,2.5303,2.6431,2.7439,2.8517,21.669,10.021,10.393,9.592466032608696,9.572,9.198462987886945,12668.796010515232,64.949,test
PAN,Panama,Latin America and the Caribbean,2010,2020,2.1841,2.5866,2.6431,2.7439,18.6952,9.978,10.903,9.989860267314704,9.421,9.478938256658596,15709.623744093302,65.914,test
TTO,Trinidad and Tobago,Latin America and the Caribbean,1955,1965,4.8801,5.3494,5.1815,,81.0701,5.978,5.144,4.787822222222222,6.164,5.366233576642336,5883.649460455302,81.316,train
TTO,Trinidad and Tobago,Latin America and the Caribbean,1960,1970,3.7093,5.4049,5.3494,5.1815,68.0116,6.64,5.432,4.943115646258503,6.661,5.5932941176470585,7869.284795806524,83.351,train
TTO,Trinidad and Tobago,Latin America and the Caribbean,1965,1975,3.214,4.8801,5.4049,5.3494,58.19,6.889000000000001,5.961,5.267126582278481,6.972,5.912904458598726,8843.207104773825,84.729,train
TTO,Trinidad and Tobago,Latin America and the Caribbean,1970,1980,3.1455,3.7093,4.8801,5.4049,51.6627,7.676999999999999,6.428,5.5182787878787884,7.63,6.15939751552795,11310.176521708661,85.57900000000001,train
TTO,Trinidad and Tobago,Latin America and the Caribbean,1975,1985,2.9878,3.214,3.7093,4.8801,45.7939,7.885000000000001,7.19,6.305005494505495,7.923,6.714265536723164,17392.809810042374,86.22,train
TTO,Trinidad and Tobago,Latin America and the Caribbean,1980,1990,2.3939,3.1455,3.214,3.7093,39.3636,8.565,7.859,6.996331683168317,8.089,7.229055000000001,25345.03892738748,85.81700000000001,train
TTO,Trinidad and Tobago,Latin America and the Caribbean,1985,1995,1.9668,2.9878,3.1455,3.214,33.8435,9.036,8.512,7.617072649572649,8.758,7.843251063829788,17834.06225566849,86.343,train
TTO,Trinidad and Tobago,Latin America and the Caribbean,1990,2000,1.7323,2.3939,2.9878,3.1455,30.2944,9.885,9.206,8.136354085603113,9.71,8.36196484375,12353.995142814034,86.892,train
TTO,Trinidad and Tobago,Latin America and the Caribbean,1995,2005,1.6247,1.9668,2.3939,2.9878,28.444,10.202,9.879,8.805929328621907,10.02,8.89331654676259,10481.581106233058,87.168,train
TTO,Trinidad and Tobago,Latin America and the Caribbean,2000,2010,1.6138,1.7323,1.9668,2.3939,27.5693,10.504,10.722000000000001,9.439971061093248,10.139,9.484555183946489,14444.693512740767,87.314,gap
TTO,Trinidad and Tobago,Latin America and the Caribbean,2005,2015,1.5982,1.6247,1.7323,1.9668,25.5889,10.954,11.082,10.095946268656718,10.593,10.039947530864197,22465.975093463025,87.188,test
TTO,Trinidad and Tobago,Latin America and the Caribbean,2010,2020,1.5724,1.6138,1.6247,1.7323,22.3189,11.721,11.669,10.815953678474115,11.387,10.736114285714285,30304.295077088605,86.999,test
USA,USA,Advanced Economies,1955,1965,2.983,3.515,3.0857,,32.1451,10.07,10.37,9.044936857387661,9.636,8.862278351016048,18016.987205865506,59.776,train
USA,USA,Advanced Economies,1960,1970,2.5148,3.7324,3.515,3.0857,30.5776,10.427,10.832,9.521961025032518,10.047,9.400771751651503,18900.7482995768,61.378,train
USA,USA,Advanced Economies,1965,1975,1.8146,2.983,3.7324,3.515,27.8518,10.823,11.42,10.33243951022581,10.65,10.296480678043753,22554.89599314365,63.044,train
USA,USA,Advanced Economies,1970,1980,1.8611,2.5148,2.983,3.7324,24.1881,11.35,11.947,11.03615000210677,11.037,11.100816917981348,25353.64323172146,64.13499999999999,train
USA,USA,Advanced Economies,1975,1985,1.8545,1.8146,2.5148,2.983,18.6576,11.631,12.537,11.706400749504581,11.554,11.902131114513658,27293.371626766915,65.084,train
USA,USA,Advanced Economies,1980,1990,2.0719,1.8611,1.8146,2.5148,15.1896,11.954,12.979,12.292318234819266,11.818,12.583355893270609,30788.470693586147,65.79599999999999,train
USA,USA,Advanced Economies,1985,1995,1.965,1.8545,1.8611,1.8146,12.8513,11.917,13.088,12.521004592908678,11.73,12.552332883355833,35122.45798931455,66.711,train
USA,USA,Advanced Economies,1990,2000,2.0301,2.0719,1.8545,1.8611,11.5243,11.933,13.204,12.803542564411632,11.422,12.826810777964093,39059.427775015145,67.708,train
USA,USA,Advanced Economies,1995,2005,2.0402,1.965,2.0719,1.8545,9.3805,11.943,13.284,13.049643687590168,11.735,13.12866399734031,42499.739170601926,68.914,train
USA,USA,Advanced Economies,2000,2010,1.9156,2.0301,1.965,2.0719,8.4744,12.221,13.617,13.393072853853015,12.018,13.33975857286596,50088.869650411725,70.248,gap
USA,USA,Advanced Economies,2005,2015,1.8322,2.0402,2.0301,1.965,8.234,11.951,13.552999999999999,13.40845700381992,11.645,13.270906964783933,54210.992458068,71.129,test
USA,USA,Advanced Economies,2010,2020,1.6156,1.9156,2.0402,2.0301,7.246,12.131000000000002,13.89,13.668840584239947,11.922,13.482389047124261,53666.0717858455,71.993,test
ARG,Argentina,Latin America and the Caribbean,1955,1965,3.0053,3.1393,3.1638,,78.4587,5.639000000000001,5.178,4.877409048938135,5.892,5.204633434256055,3002.051601870835,74.892,train
ARG,Argentina,Latin America and the Caribbean,1960,1970,3.0848,3.1363,3.1393,3.1638,73.7733,6.72,5.196,5.1208309623430965,6.731999999999999,5.5396106870229005,3252.6304937262184,76.438,train
ARG,Argentina,Latin America and the Caribbean,1965,1975,3.2706,3.0053,3.1363,3.1393,68.5799,6.987,6.196,5.498601004248745,6.931,5.889585462805225,3670.7265906227262,77.82300000000001,train
ARG,Argentina,Latin America and the Caribbean,1970,1980,3.3013,3.0848,3.0053,3.1363,62.1917,7.533,6.98,5.955605897159296,7.302,6.315947472212263,4046.541766753302,79.032,train
ARG,Argentina,Latin America and the Caribbean,1975,1985,3.0661,3.2706,3.0848,3.0053,52.4699,8.251,7.459,6.482861471861471,7.841,6.824774355540676,4375.790571680509,80.252,train
ARG,Argentina,Latin America and the Caribbean,1980,1990,3.0342,3.3013,3.2706,3.0848,41.7949,8.692,8.357,6.874528664394174,8.24,7.4702955562659845,4667.427273566087,80.804,train
ARG,Argentina,Latin America and the Caribbean,1985,1995,2.8638,3.0661,3.3013,3.2706,33.8203,9.496,9.079,7.600018100202723,8.626,7.887322036451272,4790.8943387767895,80.992,train
ARG,Argentina,Latin America and the Caribbean,1990,2000,2.5906,3.0342,3.0661,3.3013,29.7242,10.015,9.818,8.361341636041923,9.361,8.22366283034953,6030.865209600483,81.418,train
ARG,Argentina,Latin America and the Caribbean,1995,2005,2.4259,2.8638,3.0342,3.0661,25.6561,9.667,10.018,8.836905948862906,9.08,8.56778701472557,12161.915196807642,82.751,train
ARG,Argentina,Latin America and the Caribbean,2000,2010,2.4109,2.5906,2.8638,3.0342,21.4278,9.537,10.119,9.200876093469143,9.033,8.794042545227697,14339.789180523865,83.786,gap
ARG,Argentina,Latin America and the Caribbean,2005,2015,2.3496,2.4259,2.5906,2.8638,17.8537,10.092,10.475,9.550323561583898,9.522,9.426271303755817,14246.83382694917,84.4,test
ARG,Argentina,Latin America and the Caribbean,2010,2020,1.6006,2.4109,2.4259,2.5906,15.162,10.923999999999998,11.433000000000002,10.63475866612609,10.285,10.075714480159146,19247.686776856433,85.205,test
BOL,Bolivia,Latin America and the Caribbean,1955,1965,6.1823,6.2414,6.1914,,303.9177,3.317,2.102,1.6045300546448087,4.424,2.8721748120300754,1760.442589506986,38.442,train
BOL,Bolivia,Latin America and the Caribbean,1960,1970,6.0039,6.2727,6.2414,6.1914,288.6867,3.446,2.389,1.884310344827586,4.88,3.3595,1545.339433167888,40.661,train
BOL,Bolivia,Latin America and the Caribbean,1965,1975,5.7479,6.1823,6.2727,6.2414,271.405,4.293,2.645,2.0863813056379823,6.125,3.7153950617283953,1913.4543947795896,43.166,train
BOL,Bolivia,Latin America and the Caribbean,1970,1980,5.4741,6.0039,6.1823,6.2727,251.3754,4.521,3.332,2.5129959839357427,6.373,4.361880785413745,1849.8102679268352,45.93,train
BOL,Bolivia,Latin America and the Caribbean,1975,1985,5.1533,5.7479,6.0039,6.1823,229.6417,5.472,3.938,2.8886587395957193,7.393,4.931845283018868,2141.518604207626,48.848,train
BOL,Bolivia,Latin America and the Caribbean,1980,1990,4.8995,5.4741,5.7479,6.0039,205.84,6.831,4.911,3.6672075471698116,8.464,5.81366703662597,2289.507446659325,51.538,train
BOL,Bolivia,Latin America and the Caribbean,1985,1995,4.4094,5.1533,5.4741,5.7479,180.9237,7.988000000000001,6.165,4.616690740740741,9.162,6.7857424094025465,2449.8844382235666,54.229,train
BOL,Bolivia,Latin America and the Caribbean,1990,2000,3.9906,4.8995,5.1533,5.4741,153.7401,8.769,7.653,5.74343560295324,9.71,7.776143598615918,2372.398892019292,57.115,train
BOL,Bolivia,Latin America and the Caribbean,1995,2005,3.5584,4.4094,4.8995,5.1533,124.983,8.996,8.33,6.4383190717911525,9.793,8.37979540229885,3045.7879709119434,60.832,train
BOL,Bolivia,Latin America and the Caribbean,2000,2010,3.2132,3.9906,4.4094,4.8995,98.0491,9.812,9.046,7.110617777777777,10.442,8.956694666666666,3304.8652923720383,64.261,gap
BOL,Bolivia,Latin America and the Caribbean,2005,2015,2.886,3.5584,3.9906,4.4094,77.5535,9.898000000000001,9.079,7.278136287156479,10.361999999999998,8.912676832844575,3992.6543000199517,66.48599999999999,test
BOL,Bolivia,Latin America and the Caribbean,2010,2020,2.6511,3.2132,3.5584,3.9906,61.741,9.075,9.808,7.535130952380952,9.269,9.012200823892893,5427.519479723026,67.826,test
BRA,Brazil,Latin America and the Caribbean,1955,1965,5.6774,6.0842,6.1216,,192.0563,2.36,2.26,1.977561022253129,2.533,2.4765328350240257,2055.7276461977067,57.134,train
BRA,Brazil,Latin America and the Caribbean,1960,1970,4.9345,6.0513,6.0842,6.1216,169.1014,2.452,2.704,2.28658033924441,2.53,2.809084628670121,2429.154769136258,60.497,train
BRA,Brazil,Latin America and the Caribbean,1965,1975,4.4152,5.6774,6.0513,6.0842,148.9593,2.904,2.739,2.535556112428039,2.798,3.0645203983516485,3028.0547787617434,63.69,train
BRA,Brazil,Latin America and the Caribbean,1970,1980,4.0373,4.9345,5.6774,6.0513,132.2374,3.6279999999999997,2.828,2.8229238487726214,3.616,3.3508451854990016,3816.9771193324086,66.436,train
BRA,Brazil,Latin America and the Caribbean,1975,1985,3.4804,4.4152,4.9345,5.6774,115.0512,3.151,2.206,2.5741557997304865,2.923,2.9772853392144505,5382.5923515946115,68.895,train
BRA,Brazil,Latin America and the Caribbean,1980,1990,2.8964,4.0373,4.4152,4.9345,95.5575,3.32,3.576,2.8608792154774583,3.028,3.1143696806117855,5971.294213120388,71.648,train
BRA,Brazil,Latin America and the Caribbean,1985,1995,2.567,3.4804,4.0373,4.4152,76.967,5.467,4.354,3.5795242297394125,4.552,3.7103341582244225,6047.164116732489,73.055,train
BRA,Brazil,Latin America and the Caribbean,1990,2000,2.2472,2.8964,3.4804,4.0373,62.5217,7.043,5.114,4.26317676897393,6.33,3.961763016157989,6357.229937234311,74.465,train
BRA,Brazil,Latin America and the Caribbean,1995,2005,1.9422,2.567,2.8964,3.4804,47.7522,7.503,6.981,5.331450654751869,7.301,4.789813900158758,9298.787755054478,75.675,train
BRA,Brazil,Latin America and the Caribbean,2000,2010,1.7857,2.2472,2.567,2.8964,34.579,8.427,8.463,6.294506640139269,8.328,5.775937529553932,9382.806137913572,76.773,gap
BRA,Brazil,Latin America and the Caribbean,2005,2015,1.777,1.9422,2.2472,2.567,24.8261,9.144,9.051,7.298273113708821,8.699,7.014091424005264,9609.713449416338,77.542,test
BRA,Brazil,Latin America and the Caribbean,2010,2020,1.6528,1.7857,1.9422,2.2472,18.882,8.772,9.917,8.273186973832775,8.148,7.849813687414716,14904.446999821961,78.304,test
CHL,Chile,Latin America and the Caribbean,1955,1965,4.3637,4.7774,4.8361,,155.5685,5.149,4.991,4.780132947976878,5.285,5.15357250755287,5207.788119682428,59.897,train
CHL,Chile,Latin America and the Caribbean,1960,1970,3.7777,4.6965,4.7774,4.8361,141.5391,5.726,4.818,4.8185364721485415,5.787,5.197704481792718,5466.905226577042,62.603,train
CHL,Chile,Latin America and the Caribbean,1965,1975,3.1818,4.3637,4.6965,4.7774,120.2328,6.449,5.591,5.152160048869884,6.54,5.5448582524271846,6400.805742446893,65.10900000000001,train
CHL,Chile,Latin America and the Caribbean,1970,1980,2.744,3.7777,4.3637,4.6965,84.9039,6.735,6.413,5.697671255506608,6.732000000000001,6.139160046728972,7588.203745599314,67.233,train
CHL,Chile,Latin America and the Caribbean,1975,1985,2.5917,3.1818,3.7777,4.3637,62.641,7.818,6.998,5.965628230616303,7.653,6.343263435194942,5847.056766056724,69.07900000000001,train
CHL,Chile,Latin America and the Caribbean,1980,1990,2.5787,2.744,3.1818,3.7777,34.7455,8.204,7.818,6.4608258377425045,7.982,6.7518894052044605,7636.246915104085,70.779,train
CHL,Chile,Latin America and the Caribbean,1985,1995,2.3531,2.5917,2.744,3.1818,22.9773,8.744,8.81,7.374773577701414,8.511,7.562689270043877,6487.354184091749,71.86,train
CHL,Chile,Latin America and the Caribbean,1990,2000,2.0456,2.5787,2.5917,2.744,18.3028,9.424,9.306,8.252462755438364,9.129,8.343599726775956,8216.224977726297,72.519,train
CHL,Chile,Latin America and the Caribbean,1995,2005,1.8248,2.3531,2.5787,2.5917,14.6612,9.863,9.798,8.543818420285632,9.561,8.726200239449266,12058.760708499753,74.57,train
CHL,Chile,Latin America and the Caribbean,2000,2010,1.8441,2.0456,2.3531,2.5787,11.3727,10.296,10.4,9.020689292291502,10.024,9.293862866361925,11909.364350761582,76.697,gap
CHL,Chile,Latin America and the Caribbean,2005,2015,1.7373,1.8248,2.0456,2.3531,9.699,10.547,11.067,9.740708789870952,10.252,9.887079136690648,14534.084302015712,78.826,test
CHL,Chile,Latin America and the Caribbean,2010,2020,1.307,1.8441,1.8248,2.0456,9.1464,10.204,11.631,10.450357352608991,9.823,10.473045402430635,20676.26956215653,80.551,test
COL,Colombia,Latin America and the Caribbean,1955,1965,6.3332,6.625,6.4096,,166.3178,3.004,2.695,2.424550623052959,3.027,2.7698672097759673,3960.506168825876,59.8,train
COL,Colombia,Latin America and the Caribbean,1960,1970,5.2756,6.7352,6.625,6.4096,135.4831,3.56,2.963,2.698308362369338,3.637,2.997646024184683,3763.216611346512,63.245,train
COL,Colombia,Latin America and the Caribbean,1965,1975,4.3976,6.3332,6.7352,6.625,115.0839,3.993,3.365,2.9884023742580443,4.145,3.2788170409511226,4046.001056186727,66.718,train
COL,Colombia,Latin America and the Caribbean,1970,1980,3.7983,5.2756,6.3332,6.7352,97.0077,4.707,3.8190000000000004,3.267172174396001,4.967,3.61323121894183,4737.526035768514,69.69,train
COL,Colombia,Latin America and the Caribbean,1975,1985,3.2247,4.3976,5.2756,6.3332,77.1365,5.142,4.477,3.712064686152372,5.255,4.161666163141994,6552.240931387816,72.015,train
COL,Colombia,Latin America and the Caribbean,1980,1990,2.9951,3.7983,4.3976,5.2756,58.362,6.15,5.112,4.163161323051948,5.741,4.59826552828175,7693.267809720754,71.759,train
COL,Colombia,Latin America and the Caribbean,1985,1995,2.8496,3.2247,3.7983,4.3976,49.6949,6.835,5.923,4.809704657908207,6.591,5.120329307858688,7107.144050751087,71.753,train
COL,Colombia,Latin America and the Caribbean,1990,2000,2.5737,2.9951,3.2247,3.7983,35.8149,7.181,6.848,5.582996994848312,6.875,5.804223383310616,7587.10991516521,71.709,train
COL,Colombia,Latin America and the Caribbean,1995,2005,2.3087,2.8496,2.9951,3.2247,29.9817,7.527,7.589000000000001,6.286999153259949,7.124,6.466738242894057,8403.465048524444,74.39099999999999,train
COL,Colombia,Latin America and the Caribbean,2000,2010,2.0102,2.5737,2.8496,2.9951,25.7405,8.052,7.755,6.773038160676533,7.619,6.842865919891378,7730.229557591367,76.575,gap
COL,Colombia,Latin America and the Caribbean,2005,2015,1.7707,2.3087,2.5737,2.8496,21.5704,8.404,8.495,7.315955889210109,7.978,7.299912071535023,8366.707672763678,77.832,test
COL,Colombia,Latin America and the Caribbean,2010,2020,1.6937,2.0102,2.3087,2.5737,18.5261,10.548,10.432,9.005779703592063,10.206,8.89604222103956,11606.42221716085,79.108,test
ECU,Ecuador,Latin America and the Caribbean,1955,1965,6.5642,6.7669,6.7251,,202.7913,3.237,2.671,2.324778417266187,3.592,3.061132158590308,4006.3571305536607,53.267,train
ECU,Ecuador,Latin America and the Caribbean,1960,1970,6.1384,6.7205,6.7669,6.7251,176.4833,3.688,3.074,2.673011703511053,3.9990000000000006,3.3503425559947297,4261.882390883877,56.182,train
ECU,Ecuador,Latin America and the Caribbean,1965,1975,5.4258,6.5642,6.7205,6.7669,152.7074,4.655,3.69,3.1741830822711474,5.134,3.896113953488372,4530.324778674339,59.285,train
ECU,Ecuador,Latin America and the Caribbean,1970,1980,4.7296,6.1384,6.5642,6.7205,136.0527,5.26,4.369,3.6341881390593045,5.747,4.39011293634497,5058.316409915945,62.478,train
ECU,Ecuador,Latin America and the Caribbean,1975,1985,4.1449,5.4258,6.1384,6.5642,114.0453,5.989,4.963,4.044071428571428,6.227999999999999,4.836042857142857,6767.302983207551,65.539,train
ECU,Ecuador,Latin America and the Caribbean,1980,1990,3.6795,4.7296,5.4258,6.1384,90.6759,7.514,6.666,5.2359532428355955,7.604000000000001,6.024503012048193,7866.897750909793,67.201,train
ECU,Ecuador,Latin America and the Caribbean,1985,1995,3.3814,4.1449,4.7296,5.4258,69.4106,7.751,7.154,5.763415082382763,7.993,6.471648253968254,7171.779725872478,68.374,train
ECU,Ecuador,Latin America and the Caribbean,1990,2000,3.1019,3.6795,4.1449,4.7296,53.6523,8.192,7.976,6.339077825159915,8.192,7.064130946018172,6235.6396755907135,69.2,train
ECU,Ecuador,Latin America and the Caribbean,1995,2005,2.7998,3.3814,3.6795,4.1449,40.4481,7.909999999999999,8.066,6.806323662737987,7.876,7.214846678798908,5597.285126371386,71.52,train
ECU,Ecuador,Latin America and the Caribbean,2000,2010,2.6148,3.1019,3.3814,3.6795,29.8145,7.993999999999999,8.015,7.034642,8.01,7.218092592592592,5603.018779369934,73.65,gap
ECU,Ecuador,Latin America and the Caribbean,2005,2015,2.2085,2.7998,3.1019,3.3814,23.433,8.386,8.346,7.34055180979418,8.226,7.506980272596843,7711.212127727148,74.879,test
ECU,Ecuador,Latin America and the Caribbean,2010,2020,1.9671,2.6148,2.7998,3.1019,18.9308,8.218,9.438,7.9793131695022055,7.861,8.035902361199744,9474.857034289987,75.924,test
GUY,Guyana,Latin America and the Caribbean,1955,1965,6.135,6.2183,5.8342,,119.5204,4.666,4.379,4.056166666666666,5.153,4.870682352941177,,66.48599999999999,train
GUY,Guyana,Latin America and the Caribbean,1960,1970,5.4111,6.331,6.2183,5.8342,93.102,5.506,4.73,4.218434782608696,5.496,5.0372765957446815,,69.768,train
GUY,Guyana,Latin America and the Caribbean,1965,1975,4.4497,6.135,6.331,6.2183,79.0716,5.849,5.1,4.463147058823529,6.575,5.271058823529412,,71.839,train
GUY,Guyana,Latin America and the Caribbean,1970,1980,3.7701,5.4111,6.135,6.331,74.3496,6.681,5.435,4.686514285714285,6.967,5.446,3573.9677430129987,73.689,train
GUY,Guyana,Latin America and the Caribbean,1975,1985,3.4698,4.4497,5.4111,6.135,72.8088,6.9719999999999995,6.0040000000000004,5.149603448275862,7.226000000000001,5.908216216216216,4193.477538066089,74.64099999999999,train
GUY,Guyana,Latin America and the Caribbean,1980,1990,3.1806,3.7701,4.4497,5.4111,70.3385,7.653,6.73,5.661225806451614,7.404,6.382462809917356,3931.839369068471,74.617,train
GUY,Guyana,Latin America and the Caribbean,1985,1995,3.2377,3.4698,3.7701,4.4497,66.558,7.945,7.542,6.424563909774436,7.644,6.667701612903226,3169.1930228539723,75.706,train
GUY,Guyana,Latin America and the Caribbean,1990,2000,3.0565,3.1806,3.4698,3.7701,60.4784,7.871999999999999,8.099,7.128084507042254,7.333,7.017632,2872.9672873680393,74.57,train
GUY,Guyana,Latin America and the Caribbean,1995,2005,2.6476,3.2377,3.1806,3.4698,53.0408,9.108,8.391,7.782156862745098,8.038,7.267244444444445,3977.205871547477,75.68299999999999,train
GUY,Guyana,Latin America and the Caribbean,2000,2010,2.6837,3.0565,3.2377,3.1806,46.5484,9.676,9.154,8.615160714285715,8.405,7.549308724832215,4689.454197405469,73.973,gap
GUY,Guyana,Latin America and the Caribbean,2005,2015,2.6665,2.6476,3.0565,3.2377,42.3095,10.233,9.712,8.972076086956521,9.134,7.803668711656442,7213.168847867356,73.185,test
GUY,Guyana,Latin America and the Caribbean,2010,2020,2.4909,2.6837,2.6476,3.0565,37.2929,10.008,10.229,9.375477157360406,9.023,8.20957627118644,9580.711856774627,72.988,test
PRY,Paraguay,Latin America and the Caribbean,1955,1965,6.3454,6.5087,6.4905,,99.5745,3.15,2.735,2.4557427652733117,3.7090000000000005,3.424103703703704,2135.5037769709306,40.604,train
PRY,Paraguay,Latin America and the Caribbean,1960,1970,5.7177,6.4997,6.5087,6.4905,91.2764,4.016,2.7099999999999995,2.679604938271605,4.239,3.63106884057971,2070.1415098923108,42.785,train
PRY,Paraguay,Latin America and the Caribbean,1965,1975,5.1771,6.3454,6.4997,6.5087,83.0684,4.271,3.7530000000000006,3.0665335276967935,4.508,3.918513157894737,2324.01794215698,45.203,train
PRY,Paraguay,Latin America and the Caribbean,1970,1980,5.1016,5.7177,6.3454,6.4997,77.735,4.912,4.136,3.515530997304582,5.083,4.273798245614035,2657.8454573857175,47.62,train
PRY,Paraguay,Latin America and the Caribbean,1975,1985,4.9739,5.1771,5.7177,6.3454,72.1677,5.472,4.758,3.987635036496351,5.757,4.653239074550128,3082.8735206848855,50.093,train
PRY,Paraguay,Latin America and the Caribbean,1980,1990,4.5655,5.1016,5.1771,5.7177,64.2378,6.04,5.408,4.5784772277227725,6.193999999999999,5.169197211155378,4418.383577083252,51.905,train
PRY,Paraguay,Latin America and the Caribbean,1985,1995,4.108,4.9739,5.1016,5.1771,54.6267,6.659000000000001,6.146,5.24004958677686,6.828,5.7168990066225165,4482.1440381194225,53.023,train
PRY,Paraguay,Latin America and the Caribbean,1990,2000,3.5079,4.5655,4.9739,5.1016,45.6332,7.0,6.757,5.911475409836065,6.989,6.307024258760108,4898.531460914923,54.092,train
PRY,Paraguay,Latin America and the Caribbean,1995,2005,2.9731,4.108,4.5655,4.9739,38.7101,6.636,7.051,6.171512761020882,6.514999999999999,6.4414,5388.440519188092,56.643,train
PRY,Paraguay,Latin America and the Caribbean,2000,2010,2.6946,3.5079,4.108,4.5655,33.8029,7.107,7.134,6.249226865671642,6.881,6.38567738791423,4918.003196056283,59.342,gap
PRY,Paraguay,Latin America and the Caribbean,2005,2015,2.6454,2.9731,3.5079,4.108,29.7177,9.28,8.424,7.2375120068610626,9.146,7.56478889823381,6608.990396320733,61.549,test
PRY,Paraguay,Latin America and the Caribbean,2010,2020,2.4965,2.6946,2.9731,3.5079,25.7891,8.684,8.713,7.668082788671023,8.301,7.8094949712643675,10183.872500808257,62.28,test
PER,Peru,Latin America and the Caribbean,1955,1965,6.7502,6.9603,6.9389,,255.89,3.095,2.585,2.1192784645413143,4.142,3.4810906148867313,2584.504537466937,44.055,train
PER,Peru,Latin America and the Caribbean,1960,1970,6.3161,6.9413,6.9603,6.9389,227.517,3.318,2.896,2.3448766570605186,4.353,3.720960413080895,2823.0676688215426,47.594,train
PER,Peru,Latin America and the Caribbean,1965,1975,5.7095,6.7502,6.9413,6.9603,194.6008,3.951,3.236,2.6572400611620797,5.171,4.071486568677141,3426.756417374897,51.263,train
PER,Peru,Latin America and the Caribbean,1970,1980,5.0406,6.3161,6.7502,6.9413,194.665,5.035,3.908,3.073457117198024,6.122,4.6262603841000445,3920.378884513389,54.825,train
PER,Peru,Latin America and the Caribbean,1975,1985,4.4603,5.7095,6.3161,6.7502,142.7359,6.4,4.672,3.726725283313794,7.505000000000001,5.357869024485037,4284.754559783943,57.954,train
PER,Peru,Latin America and the Caribbean,1980,1990,3.9119,5.0406,5.7095,6.3161,125.3277,7.038,6.133,4.628150905432596,7.84,6.321870525259284,4366.131448955157,59.807,train
PER,Peru,Latin America and the Caribbean,1985,1995,3.315,4.4603,5.0406,5.7095,103.9447,7.924,6.81,5.227073436603557,8.238,6.7225448827901655,4167.29500019016,61.036,train
PER,Peru,Latin America and the Caribbean,1990,2000,2.8451,3.9119,4.4603,5.0406,80.0856,8.384,7.798,6.06791156963891,8.796,7.389402298850575,3696.935848025817,62.524,train
PER,Peru,Latin America and the Caribbean,1995,2005,2.6433,3.315,3.9119,4.4603,57.1611,8.903,8.671,6.8381070889894415,9.334,8.253269206077468,5030.685410010058,64.81700000000001,train
PER,Peru,Latin America and the Caribbean,2000,2010,2.4207,2.8451,3.315,3.9119,38.1543,9.771,9.3,7.944790926275993,10.126,9.259318685446008,5270.222676019269,66.525,gap
PER,Peru,Latin America and the Caribbean,2005,2015,2.2288,2.6433,2.8451,3.315,26.7017,10.253,10.36,9.085379356123465,10.439,10.264530120481927,6831.845147579617,68.60300000000001,test
PER,Peru,Latin America and the Caribbean,2010,2020,2.0563,2.4207,2.6433,2.8451,20.5609,9.544,9.83,8.612905918727916,9.573,9.696125238304736,10239.903953379111,70.635,test
URY,Uruguay,Latin America and the Caribbean,1955,1965,2.8402,2.7567,2.6916,,61.0817,5.53,5.197,4.446692028985507,5.711,4.493738219895287,8510.95002462058,81.055,train
URY,Uruguay,Latin America and the Caribbean,1960,1970,2.7721,2.8271,2.7567,2.6916,56.5239,5.876,5.538,4.782554635761589,5.932,4.782301948051948,7705.264011455653,82.14,train
URY,Uruguay,Latin America and the Caribbean,1965,1975,3.0166,2.8402,2.8271,2.7567,54.0083,6.643,5.876,5.066455813953488,6.585,5.034973684210526,7542.702574040852,83.053,train
URY,Uruguay,Latin America and the Caribbean,1970,1980,2.5896,2.7721,2.8402,2.8271,51.3132,7.361,6.572,5.566832835820895,7.067,5.478435435435435,8477.494216210946,83.644,train
URY,Uruguay,Latin America and the Caribbean,1975,1985,2.4702,3.0166,2.7721,2.8402,45.2277,8.104,7.436,6.056270430906389,7.652,5.894368740515933,8615.295562669955,83.982,train
URY,Uruguay,Latin America and the Caribbean,1980,1990,2.4767,2.5896,3.0166,2.7721,40.5252,8.43,8.099,6.6816946454413895,7.81,6.375544360902256,10239.822011102122,84.011,train
URY,Uruguay,Latin America and the Caribbean,1985,1995,2.4012,2.4702,2.5896,3.0166,32.8371,8.635,8.883,7.243696551724137,8.149,6.899734992679356,8096.608337437022,83.977,train
URY,Uruguay,Latin America and the Caribbean,1990,2000,2.1963,2.4767,2.4702,2.5896,23.4716,8.018,8.46,7.366985333333334,8.685,7.631514978601997,9684.9606368309,84.006,train
URY,Uruguay,Latin America and the Caribbean,1995,2005,2.0971,2.4012,2.4767,2.4702,21.5895,8.422,7.87,7.220559322033898,8.603,8.678749652294854,12407.12536957852,84.237,train
URY,Uruguay,Latin America and the Caribbean,2000,2010,2.011,2.1963,2.4012,2.4767,16.5025,8.886,8.724,8.024958750000001,8.111,8.616002656042497,11997.585472534563,84.55,gap
URY,Uruguay,Latin America and the Caribbean,2005,2015,2.0414,2.0971,2.1963,2.4012,13.7544,8.738,9.407,8.819087781731909,8.078,8.22576645962733,11091.499810118179,85.135,test
URY,Uruguay,Latin America and the Caribbean,2010,2020,1.4973,2.011,2.0971,2.1963,9.9503,8.777,9.523,8.961656392694064,8.169,8.348727810650887,18046.693017838672,85.694,test
VEN,Venezuela,Latin America and the Caribbean,1955,1965,5.9769,6.5993,6.6346,,128.7282,2.132,1.745,1.443152573529412,2.593,2.1902412556053807,8181.025028656579,70.733,train
VEN,Venezuela,Latin America and the Caribbean,1960,1970,5.3207,6.3825,6.5993,6.6346,107.4369,2.954,2.052,1.6541899529042388,3.2100000000000004,2.5186341647770223,7851.395244229604,74.338,train
VEN,Venezuela,Latin America and the Caribbean,1965,1975,4.686,5.9769,6.3825,6.5993,88.927,3.715,2.468,1.847749320652174,3.711,2.5723320105820107,8434.294486955152,77.375,train
VEN,Venezuela,Latin America and the Caribbean,1970,1980,4.1995,5.3207,5.9769,6.3825,71.2268,5.095,3.206,2.252282051282051,5.051,2.8414192439862545,9552.167076021335,79.961,train
VEN,Venezuela,Latin America and the Caribbean,1975,1985,3.7939,4.686,5.3207,5.9769,55.3432,6.289,4.29,3.14637559354226,6.273,3.719821694599627,9971.550826873086,82.138,train
VEN,Venezuela,Latin America and the Caribbean,1980,1990,3.4483,4.1995,4.686,5.3207,44.3822,6.856,6.018,4.3908725190839695,6.666999999999999,4.987878504672897,11426.09380560432,82.93,train
VEN,Venezuela,Latin America and the Caribbean,1985,1995,3.0821,3.7939,4.1995,4.686,36.4098,6.27,6.275,4.697110231232182,5.921,5.0920324594257185,9606.037183767217,83.414,train
VEN,Venezuela,Latin America and the Caribbean,1990,2000,2.7897,3.4483,3.7939,4.1995,30.1426,6.283,6.357999999999999,4.87100341207349,5.512,5.018322404371585,9431.681683306877,83.91,train
VEN,Venezuela,Latin America and the Caribbean,1995,2005,2.6288,3.0821,3.4483,3.7939,25.8351,6.99,7.014,5.837427104264345,6.429,5.82235392135081,8081.001604845434,86.096,train
VEN,Venezuela,Latin America and the Caribbean,2000,2010,2.3956,2.7897,3.0821,3.4483,21.8375,7.910000000000001,7.943,6.78481934483427,7.499,6.5736111863750715,7823.314326091707,87.494,gap
VEN,Venezuela,Latin America and the Caribbean,2005,2015,2.2529,2.6288,2.7897,3.0821,18.7906,8.571,9.045,7.794707674183776,8.033,7.356734266914122,11116.984127500567,88.17,test
VEN,Venezuela,Latin America and the Caribbean,2010,2020,2.1164,2.3956,2.6288,2.7897,17.5415,9.479,10.228,9.009605419010956,8.702,8.301831221112272,17117.298331149785,88.593,test
AFG,Afghanistan,South Asia,1955,1965,7.3053,7.2621,7.2484,,384.4414,0.18699999999999997,0.034,0.022482892188508716,0.896,0.33831414868105514,,52.213,train
AFG,Afghanistan,South Asia,1960,1970,7.3996,7.2817,7.2621,7.2484,354.452,0.216,0.039,0.0267865889212828,1.087,0.4238544474393532,,54.221,train
AFG,Afghanistan,South Asia,1965,1975,7.542,7.3053,7.2817,7.2621,327.3154,0.211,0.068,0.041122448979591844,1.131,0.5593247697527872,,56.812,train
AFG,Afghanistan,South Asia,1970,1980,7.6432,7.3996,7.3053,7.2817,301.2696,0.379,0.095,0.05416526217228464,2.301,0.6787328707718995,,59.698,train
AFG,Afghanistan,South Asia,1975,1985,7.5498,7.542,7.3996,7.3053,274.4467,0.434,0.241,0.12173633708802671,2.538,1.1792733952049497,,62.696,train
AFG,Afghanistan,South Asia,1980,1990,7.5758,7.6432,7.542,7.3996,261.1878,0.681,0.368,0.17857692307692305,3.177,1.5987091381872212,,63.004,train
AFG,Afghanistan,South Asia,1985,1995,7.7671,7.5498,7.6432,7.542,286.6748,0.9539999999999998,0.574,0.3079919571045576,4.228,2.1154513457556936,,60.289,train
AFG,Afghanistan,South Asia,1990,2000,7.5661,7.5758,7.5498,7.6432,199.388,1.196,0.846,0.45903162911611783,4.554,2.6799311316955294,,62.06,train
AFG,Afghanistan,South Asia,1995,2005,6.8575,7.7671,7.5758,7.5498,153.9471,1.456,1.134,0.668295291549735,4.384,3.434037735849057,,67.97,train
AFG,Afghanistan,South Asia,2000,2010,6.195,7.5661,7.7671,7.5758,131.9071,1.906,1.336,0.8580834480859267,5.988,3.9628447699820093,,71.949,gap
AFG,Afghanistan,South Asia,2005,2015,5.6523,6.8575,7.5661,7.7671,109.4739,1.9740000000000002,1.609,1.1127626151820973,6.142,4.464626229508196,,75.623,test
AFG,Afghanistan,South Asia,2010,2020,5.1453,6.195,6.8575,7.5661,90.2386,3.323,2.003,1.4041126117904728,5.877,5.457182749786507,,78.384,test
BHR,Bahrain,Middle East and North Africa,1955,1965,7.0273,7.2753,7.2901,,288.2372,0.613,0.68,0.5588571428571429,1.7260000000000002,1.5077407407407408,,92.877,train
BHR,Bahrain,Middle East and North Africa,1960,1970,6.428,7.2617,7.2753,7.2901,198.0092,1.273,0.679,0.6002083333333333,2.034,1.6120625,,93.301,train
BHR,Bahrain,Middle East and North Africa,1965,1975,5.6184,7.0273,7.2617,7.2753,125.2296,1.636,1.139,0.8571000000000001,3.023,1.9829999999999999,,93.819,train
BHR,Bahrain,Middle East and North Africa,1970,1980,4.7622,6.428,7.0273,7.2617,76.7085,4.136,2.118,1.2657096774193548,5.748,2.6719024390243904,16225.84741216105,93.937,train
BHR,Bahrain,Middle East and North Africa,1975,1985,4.2808,5.6184,6.428,7.0273,48.0699,5.63,3.288,1.9315833333333332,5.892,3.6237600000000003,15704.094297167812,94.57300000000001,train
BHR,Bahrain,Middle East and North Africa,1980,1990,3.8167,4.7622,5.6184,6.428,32.9435,6.675,5.24,3.134857142857143,6.377,4.896360824742268,24222.859894085104,95.377,train
BHR,Bahrain,Middle East and North Africa,1985,1995,3.1278,4.2808,4.7622,5.6184,25.543,7.107,6.627,4.836549295774647,6.594,5.792607407407407,15934.431367690046,95.568,train
BHR,Bahrain,Middle East and North Africa,1990,2000,2.7978,3.8167,4.2808,4.7622,22.7292,8.223,7.6290000000000004,6.005816091954022,7.71,6.527974842767295,16631.588098319124,97.263,train
BHR,Bahrain,Middle East and North Africa,1995,2005,2.6695,3.1278,3.8167,4.2808,17.9125,8.997,7.981,6.662436363636363,8.21,7.068787234042554,18185.859518721936,97.337,train
BHR,Bahrain,Middle East and North Africa,2000,2010,1.9868,2.7978,3.1278,3.8167,12.7377,9.156,8.783,7.378992366412214,8.563,7.54764705882353,26317.759208958323,97.218,gap
BHR,Bahrain,Middle East and North Africa,2005,2015,2.1128,2.6695,2.7978,3.1278,10.571,8.625,8.965,7.270940397350993,8.152,7.124500000000001,40549.887309877595,98.062,test
BHR,Bahrain,Middle East and North Africa,2010,2020,1.8596,1.9868,2.6695,2.7978,8.7713,8.717,8.274,6.953816091954023,7.971,6.606522222222223,48907.278772383674,97.804,test
BGD,Bangladesh,South Asia,1955,1965,6.7707,6.5049,6.374,,302.4229,0.371,0.23099999999999998,0.2303624714539457,1.689,1.447479775730877,,78.596,train
BGD,Bangladesh,South Asia,1960,1970,6.8392,6.7421,6.5049,6.374,268.6332,0.515,0.228,0.2278622180670796,2.061,1.4678868519048984,1598.931751480321,80.963,train
BGD,Bangladesh,South Asia,1965,1975,6.7276,6.7707,6.7421,6.5049,246.169,0.733,0.419,0.32635840613679945,2.546,1.7547873615398584,1607.375155159594,83.436,train
BGD,Bangladesh,South Asia,1970,1980,6.3257,6.8392,6.7707,6.7421,265.9483,0.899,0.563,0.38632310053722174,2.739,1.9039665307509344,1651.1649335767536,85.67,train
BGD,Bangladesh,South Asia,1975,1985,5.5394,6.7276,6.8392,6.7707,222.0374,1.23,0.588,0.40474109242965417,3.341,1.9649187121453617,1130.861039745769,87.393,train
BGD,Bangladesh,South Asia,1980,1990,4.5062,6.3257,6.7276,6.8392,204.5902,1.957,1.327,0.9253781136087486,3.504,3.103740913261345,1288.5030438290974,90.141,train
BGD,Bangladesh,South Asia,1985,1995,3.5878,5.5394,6.3257,6.7276,178.3307,2.803,1.858,1.4244762588988311,4.283,3.429360873287671,1345.3690241722331,93.072,train
BGD,Bangladesh,South Asia,1990,2000,3.2789,4.5062,5.5394,6.3257,145.3104,3.2260000000000004,2.446,1.9273927755170301,4.111,3.726742984526619,1479.1564943287497,94.705,train
BGD,Bangladesh,South Asia,1995,2005,2.8457,3.5878,4.5062,5.5394,113.8924,4.115,3.066,2.572242417016406,4.833,4.017357697867728,1604.238867949299,95.459,train
BGD,Bangladesh,South Asia,2000,2010,2.3796,3.2789,3.5878,4.5062,85.9339,6.321999999999999,3.766,3.2900145195028916,6.828999999999999,4.32622608831331,1496.2823008132348,96.147,gap
BGD,Bangladesh,South Asia,2005,2015,2.2274,2.8457,3.2789,3.5878,64.6917,8.224,4.809,3.8067242040932348,7.703,4.832184797343094,1615.5334971811697,96.63,test
BGD,Bangladesh,South Asia,2010,2020,2.1753,2.3796,2.8457,3.2789,49.5492,9.220000000000002,7.169,4.852194133005683,7.959,5.5540492924666784,2526.2813904726554,97.059,test
MMR,Myanmar,East Asia and the Pacific,1955,1965,5.9123,5.9136,5.9429,,291.3622,1.04,1.063,0.8007938039614017,1.657,1.6152512188863228,,54.052,train
MMR,Myanmar,East Asia and the Pacific,1960,1970,5.6819,5.9005,5.9136,5.9429,246.913,1.115,0.9749999999999999,0.7977600763176723,1.895,1.5323060831930753,,56.344,train
MMR,Myanmar,East Asia and the Pacific,1965,1975,5.2485,5.9123,5.9005,5.9136,207.213,1.484,0.9259999999999999,0.7847565392354124,2.68,1.474204279279279,692.0725615853462,58.747,train
MMR,Myanmar,East Asia and the Pacific,1970,1980,4.7889,5.6819,5.9123,5.9005,175.4284,1.762,1.132,0.8305182451824518,2.545,1.5382598881756058,702.6089591654193,61.185,train
MMR,Myanmar,East Asia and the Pacific,1975,1985,4.3159,5.2485,5.6819,5.9123,156.9176,2.225,1.335,0.8666512867647058,2.919,1.5897266976744184,737.2334585711488,63.387,train
MMR,Myanmar,East Asia and the Pacific,1980,1990,3.5035,4.7889,5.2485,5.6819,140.4147,3.1309999999999993,2.025,1.3869999999999998,3.662,2.210051778329198,834.1367674056745,63.336,train
MMR,Myanmar,East Asia and the Pacific,1985,1995,3.1274,4.3159,4.7889,5.2485,127.1062,3.5740000000000003,2.923,2.024752053018297,3.763,2.905428277483833,942.6027233237431,63.475,train
MMR,Myanmar,East Asia and the Pacific,1990,2000,2.8133,3.5035,4.3159,4.7889,114.9037,3.977,3.2670000000000003,2.411483335461627,3.183,2.7396473814809976,748.8333558343339,64.059,train
MMR,Myanmar,East Asia and the Pacific,1995,2005,2.5146,3.1274,3.5035,4.3159,101.9857,4.832,3.636,2.775874706079946,3.656,2.959350413602941,918.5048806480803,65.804,train
MMR,Myanmar,East Asia and the Pacific,2000,2010,2.3354,2.8133,3.1274,3.5035,89.2229,5.569,4.369,3.307537692830115,4.493,3.252591490211746,1091.7051185483829,67.509,gap
MMR,Myanmar,East Asia and the Pacific,2005,2015,2.2656,2.5146,2.8133,3.1274,76.5768,6.336,5.325,3.8859889011268325,5.598,3.5801352466210288,1974.6378972927519,68.21000000000001,test
MMR,Myanmar,East Asia and the Pacific,2010,2020,2.1787,2.3354,2.5146,2.8133,63.1674,7.291,6.344,4.593241073459176,6.555,4.0027485403187635,3699.1706833672138,68.712,test
CHN,China,East Asia and the Pacific,1955,1965,6.605,6.263,5.813,,180.2744,3.941,1.474,0.5631227760938323,4.695,1.939030376774635,1048.9891191502775,66.575,train
CHN,China,East Asia and the Pacific,1960,1970,6.085,4.451,6.263,5.813,336.0534,5.042,2.425,0.9807998349860672,5.539999999999999,2.5616628374497417,996.1005542456209,68.346,train
CHN,China,East Asia and the Pacific,1965,1975,3.571,6.605,4.451,6.263,134.866,5.299,3.436,1.6203510855337726,5.579,3.332067966935374,1175.8580604307294,69.946,train
CHN,China,East Asia and the Pacific,1970,1980,2.739,6.085,6.605,4.451,110.8745,5.948,4.452,2.2490729101493434,6.235,3.949418230126205,1300.1530782825146,72.408,train
CHN,China,East Asia and the Pacific,1975,1985,2.633,3.571,6.085,6.605,84.9081,6.282,5.068,3.034003439302121,6.7620000000000005,4.716936985049,1435.0278869410954,74.463,train
CHN,China,East Asia and the Pacific,1980,1990,2.514,2.739,3.571,6.085,64.3587,7.414,5.504,3.813273304874934,8.349,5.432733891982791,1680.4616690029666,75.36,train
CHN,China,East Asia and the Pacific,1985,1995,1.5885,2.633,2.739,3.571,55.4956,7.647,6.441000000000001,4.658546635820854,7.815,5.865419400179506,2282.7319970116364,76.94,train
CHN,China,East Asia and the Pacific,1990,2000,1.6281,2.514,2.633,2.739,52.7446,7.572,7.771,5.553203067442766,7.408,6.2096987475353185,2477.8636278371896,78.872,train
CHN,China,East Asia and the Pacific,1995,2005,1.6238,1.5885,2.514,2.633,46.7015,8.124,7.856,6.145537330433526,8.506,7.256753502642442,3487.542012510898,80.394,train
CHN,China,East Asia and the Pacific,2000,2010,1.6865,1.6281,1.5885,2.514,35.8131,8.564,7.806,6.72805553581058,8.81,8.252212932298642,4272.927613196216,81.545,gap
CHN,China,East Asia and the Pacific,2005,2015,1.6696,1.6238,1.6281,1.5885,24.167,8.805,8.089,7.147730804466075,8.919,8.342467802736476,6680.768560079192,82.295,test
CHN,China,East Asia and the Pacific,2010,2020,1.2357,1.6865,1.6238,1.6281,15.9397,9.567,8.376,7.41856714608594,9.526000000000002,8.306416393729434,10126.501685552754,82.931,test
HKG,"China, Hong Kong Special Administrative Region",East Asia and the Pacific,1955,1965,4.9233,4.5505,4.255,,85.2212,5.484999999999999,3.2650000000000006,2.4995357142857144,7.532,5.722108620689656,,97.956,train
HKG,"China, Hong Kong Special Administrative Region",East Asia and the Pacific,1960,1970,3.3862,5.0846,4.5505,4.255,58.535,5.757,4.14,3.013510447761194,7.632999999999999,6.164008498583569,4147.52844710937,98.422,train
HKG,"China, Hong Kong Special Administrative Region",East Asia and the Pacific,1965,1975,2.6273,4.9233,5.0846,4.5505,39.3299,7.831,5.06,3.383646979865772,8.918,6.569762284196547,6455.597979254521,98.754,train
HKG,"China, Hong Kong Special Administrative Region",East Asia and the Pacific,1970,1980,2.0614,3.3862,4.9233,5.0846,27.3075,8.451,6.558,3.8335250659630606,9.318,6.993452020202021,8431.057615063328,98.717,train
HKG,"China, Hong Kong Special Administrative Region",East Asia and the Pacific,1975,1985,1.5041,2.6273,3.3862,4.9233,19.8519,9.153,7.941,4.719257437070938,9.885,7.322736040609137,10851.100325080692,98.991,train
HKG,"China, Hong Kong Special Administrative Region",East Asia and the Pacific,1980,1990,1.283,2.0614,2.6273,3.3862,14.492,10.582,8.924,6.1125218631178715,10.852,8.286184615384615,16538.454645984526,99.156,train
HKG,"China, Hong Kong Special Administrative Region",East Asia and the Pacific,1985,1995,1.3038,1.5041,2.0614,2.6273,10.2608,11.803,9.92,7.398854800936768,11.703,9.051081306462821,19954.821093046332,99.195,train
HKG,"China, Hong Kong Special Administrative Region",East Asia and the Pacific,1990,2000,1.0265,1.283,1.5041,2.0614,7.4513,12.781,11.281,8.705756048387098,12.453999999999999,9.945334161490683,26369.74793546997,99.237,train
HKG,"China, Hong Kong Special Administrative Region",East Asia and the Pacific,1995,2005,0.9574,1.3038,1.283,1.5041,5.3505,12.519000000000002,11.874,9.2310944476245,12.098,10.081795402298852,34082.39298517298,99.325,train
HKG,"China, Hong Kong Special Administrative Region",East Asia and the Pacific,2000,2010,1.1198,1.0265,1.3038,1.283,4.0783,12.189,12.703,9.681227948463826,11.778,10.30579924446843,38861.10097562534,99.471,gap
HKG,"China, Hong Kong Special Administrative Region",East Asia and the Pacific,2005,2015,1.2272,0.9574,1.0265,1.3038,3.6254,13.759,13.763,11.558039113428944,13.669,12.169768839103869,47716.2826272377,99.497,test
HKG,"China, Hong Kong Special Administrative Region",East Asia and the Pacific,2010,2020,0.8916,1.1198,0.9574,1.0265,3.1747,13.57,13.622,11.636136812969553,13.402,12.348304694835681,53039.388668152584,99.519,test
IND,India,South Asia,1955,1965,5.9411,5.9106,5.7316,,262.9571,0.65,0.457,0.35967851635642695,1.749,1.6063285195390782,1036.4004731517846,53.596,train
IND,India,South Asia,1960,1970,5.624,5.9211,5.9106,5.7316,242.0594,0.8519999999999999,0.53,0.3748637291450223,2.265,1.5216710478934103,1148.3949360672264,56.567,train
IND,India,South Asia,1965,1975,5.1945,5.9411,5.9211,5.9106,240.8214,1.059,0.655,0.49062319173363955,2.264,1.814829286164994,1257.5759720527833,59.525,train
IND,India,South Asia,1970,1980,4.7753,5.624,5.9411,5.9211,213.1682,1.545,0.829,0.5555375352368604,3.357,1.940694912118409,1429.6344222049386,62.16,train
IND,India,South Asia,1975,1985,4.4316,5.1945,5.624,5.9411,194.2311,1.929,1.154,0.7562062595568283,4.191,2.387889614401897,1571.5773104486145,64.872,train
IND,India,South Asia,1980,1990,4.0446,4.7753,5.1945,5.624,169.4529,2.422,1.644,1.000902572225637,4.271,2.940868878591288,1272.4180109352271,67.108,train
IND,India,South Asia,1985,1995,3.6511,4.4316,4.7753,5.1945,146.0212,2.921,2.107,1.413885844462558,4.985,3.6196736900634527,1166.167787330636,69.874,train
IND,India,South Asia,1990,2000,3.3498,4.0446,4.4316,4.7753,126.4688,3.5619999999999994,2.58,1.840914144791328,5.444,4.263474065984596,1408.8918816186372,72.613,train
IND,India,South Asia,1995,2005,2.9584,3.6511,4.0446,4.4316,108.8412,4.39,2.945,2.1339443561036293,6.635,5.237496286357998,1682.6069802609504,75.33,train
IND,India,South Asia,2000,2010,2.5985,3.3498,3.6511,4.0446,91.1444,6.022,3.774,2.5729860732507728,7.689,6.512747810669479,2112.3839673484626,77.627,gap
IND,India,South Asia,2005,2015,2.2887,2.9584,3.3498,3.6511,73.9118,7.061,5.086,3.2679423493323707,8.261,6.9902363943516255,2871.6915673734843,79.188,test
IND,India,South Asia,2010,2020,2.0468,2.5985,2.9584,3.3498,57.753,8.23,6.257,4.026731731501793,8.771,7.459878921087602,4373.6262297512,80.501,test
IDN,Indonesia,East Asia and the Pacific,1955,1965,5.5927,5.3619,5.1089,,259.766,1.435,0.7,0.43613913643780594,2.469,1.520379796107507,,73.255,train
IDN,Indonesia,East Asia and the Pacific,1960,1970,5.488,5.5055,5.3619,5.1089,224.2882,2.054,0.843,0.5449457841436803,3.45,1.7194755927475591,1024.2762642230837,75.531,train
IDN,Indonesia,East Asia and the Pacific,1965,1975,5.0316,5.5927,5.5055,5.3619,224.2618,2.741,1.533,0.9964301783944499,4.272,2.4631338010523676,995.7832116235035,77.844,train
IDN,Indonesia,East Asia and the Pacific,1970,1980,4.4946,5.488,5.5927,5.5055,166.3976,3.7849999999999997,2.343,1.4995102657541552,4.828,3.238531174568475,1069.8004832594306,79.815,train
IDN,Indonesia,East Asia and the Pacific,1975,1985,3.7251,5.0316,5.488,5.5927,141.4205,4.089,3.017,1.9468525490829764,4.908,3.651384335839599,1552.728106583603,81.707,train
IDN,Indonesia,East Asia and the Pacific,1980,1990,3.1137,4.4946,5.0316,5.488,120.7639,4.463,3.817,2.444245317810398,5.288,4.192335014836795,2427.1507628069785,81.652,train
IDN,Indonesia,East Asia and the Pacific,1985,1995,2.809,3.7251,4.4946,5.0316,102.1643,4.598,3.903,2.6779409076583676,5.591,4.320695977639273,2827.542199715836,82.211,train
IDN,Indonesia,East Asia and the Pacific,1990,2000,2.5033,3.1137,3.7251,4.4946,83.5169,5.911,3.9660000000000006,2.7000591869380552,6.533,4.343243605905258,3455.7366062272126,82.999,train
IDN,Indonesia,East Asia and the Pacific,1995,2005,2.4524,2.809,3.1137,3.7251,66.0787,5.393,4.838,3.8407689531554507,5.882,5.229793828482429,4626.052326977307,83.765,train
IDN,Indonesia,East Asia and the Pacific,2000,2010,2.4616,2.5033,2.809,3.1137,52.149,6.173,4.727,4.525465554256563,6.160000000000001,5.631060894958344,4123.481092769998,84.341,gap
IDN,Indonesia,East Asia and the Pacific,2005,2015,2.3465,2.4524,2.5033,2.809,41.5888,7.937000000000001,6.811999999999999,5.684441840212041,7.794,6.7438567386192,4602.076711744475,84.74,test
IDN,Indonesia,East Asia and the Pacific,2010,2020,2.189,2.4616,2.4524,2.5033,33.7416,8.937,8.832,7.24493003029581,8.781,8.204877825258714,8174.570128548601,85.17099999999999,test
IRN,Iran (Islamic Republic of),Middle East and North Africa,1955,1965,7.222,7.1514,6.9699,,302.9542,0.677,0.355,0.20964558437773242,1.813,0.7112213416360034,2167.4541184381023,61.523,train
IRN,Iran (Islamic Republic of),Middle East and North Africa,1960,1970,6.7981,7.5189,7.1514,6.9699,269.8326,1.047,0.498,0.31950293020777837,2.284,0.9929479813664596,2809.60117542434,64.37899999999999,train
IRN,Iran (Islamic Republic of),Middle East and North Africa,1965,1975,5.9472,7.222,7.5189,7.1514,235.9273,1.711,0.6920000000000001,0.4638098352713178,3.475,1.3383756464503995,3116.0362910980816,67.529,train
IRN,Iran (Islamic Republic of),Middle East and North Africa,1970,1980,6.6304,6.7981,7.222,7.5189,196.714,2.527,1.136,0.704316644993498,4.77,1.8527639503053275,4084.741558282556,70.554,train
IRN,Iran (Islamic Republic of),Middle East and North Africa,1975,1985,6.2416,5.9472,6.7981,7.222,152.0129,3.729,1.836,1.044042314173376,5.767999999999999,2.523175141242938,8525.274213642553,73.339,train
IRN,Iran (Islamic Republic of),Middle East and North Africa,1980,1990,4.9338,6.6304,5.9472,6.7981,108.5286,4.998,2.744,1.6309979430379749,7.119,3.4186043737574554,4198.232092106219,74.929,train
IRN,Iran (Islamic Republic of),Middle East and North Africa,1985,1995,2.8515,6.2416,6.6304,5.9472,76.7574,5.773,4.031,2.474206153846154,7.505000000000001,4.558505321100918,3378.8320070383907,76.833,train
IRN,Iran (Islamic Republic of),Middle East and North Africa,1990,2000,1.9992,4.9338,6.2416,6.6304,63.0869,6.568,5.335,3.440163709153863,7.655,5.762795703410158,3321.1166406643897,78.195,train
IRN,Iran (Islamic Republic of),Middle East and North Africa,1995,2005,1.756,2.8515,4.9338,6.2416,46.0002,8.379,6.271,4.499253307948596,8.671,6.885592453185283,5421.528536750946,79.751,train
IRN,Iran (Islamic Republic of),Middle East and North Africa,2000,2010,1.7487,1.9992,2.8515,4.9338,36.1039,9.446,7.096,5.695364640883978,9.172,7.607084721993071,8362.65087128594,81.012,gap
IRN,Iran (Islamic Republic of),Middle East and North Africa,2005,2015,2.0174,1.756,1.9992,2.8515,26.6198,10.116,8.751,6.639802115960186,10.206,8.367640341145473,15322.570784494967,82.117,test
IRN,Iran (Islamic Republic of),Middle East and North Africa,2010,2020,1.6997,1.7487,1.756,1.9992,19.4908,10.969,9.81,8.145120161198776,10.204,8.83075812335148,19190.877957950433,83.265,test
IRQ,Iraq,Middle East and North Africa,1955,1965,7.0205,6.0,6.2,,262.1372,0.264,0.15,0.08407978723404255,0.898,0.40900896860986546,,60.474,train
IRQ,Iraq,Middle East and North Africa,1960,1970,7.0712,5.3,6.0,6.2,191.732,0.40900000000000003,0.213,0.12408555286521387,1.39,0.5649362224039248,,62.374,train
IRQ,Iraq,Middle East and North Africa,1965,1975,6.9129,7.0205,5.3,6.0,145.5088,0.9180000000000001,0.272,0.16108037653874005,2.569,0.7624479472140762,,65.47999999999999,train
IRQ,Iraq,Middle East and North Africa,1970,1980,6.593,7.0712,7.0205,5.3,113.4353,1.627,0.553,0.30189187460012795,4.079,1.1354315245478035,5082.093919071045,68.926,train
IRQ,Iraq,Middle East and North Africa,1975,1985,6.2456,6.9129,7.0712,7.0205,90.6268,2.305,1.071,0.5222163774403471,5.205,1.710192161132281,6883.021917114764,72.189,train
IRQ,Iraq,Middle East and North Africa,1980,1990,5.9294,6.593,6.9129,7.0712,72.5435,2.969,1.89,0.9412026204960224,6.307,2.631596091205212,10741.829443519886,73.379,train
IRQ,Iraq,Middle East and North Africa,1985,1995,5.3602,6.2456,6.593,6.9129,61.1099,4.389,2.575,1.4246074163643692,7.866,3.6226110003985657,6913.5663024402475,74.71600000000001,train
IRQ,Iraq,Middle East and North Africa,1990,2000,4.9196,5.9294,6.2456,6.593,80.4899,5.997,3.467,2.1206016511867904,7.957,4.92624779661017,7377.781754013537,75.643,train
IRQ,Iraq,Middle East and North Africa,1995,2005,4.4457,5.3602,5.9294,6.2456,49.4496,6.035,4.969,3.1160956175298806,7.507,6.049557977088572,3080.5598768306927,78.367,train
IRQ,Iraq,Middle East and North Africa,2000,2010,4.4566,4.9196,5.3602,5.9294,44.4865,6.504,6.239,4.071197709745268,8.458,6.879955973400596,7706.4023281541495,80.697,gap
IRQ,Iraq,Middle East and North Africa,2005,2015,4.0799,4.4457,4.9196,5.3602,39.8468,6.355,6.784,4.889961089494164,7.873000000000001,7.697301678108315,6677.514921282311,83.009,test
IRQ,Iraq,Middle East and North Africa,2010,2020,3.4189,4.4566,4.4457,4.9196,35.0346,8.155,6.905,5.541083347086978,8.864,8.112775477191848,12943.272498101675,84.498,test
ISR,Israel,Middle East and North Africa,1955,1965,4.1252,4.3867,4.5706,,59.1813,7.129,7.104,6.708915816326531,7.629,8.468032828282828,7405.1116608973425,73.432,train
ISR,Israel,Middle East and North Africa,1960,1970,3.7864,4.3661,4.3867,4.5706,48.1882,7.989,6.954,6.8451249999999995,8.502,8.477689361702128,9531.664011549747,76.368,train
ISR,Israel,Middle East and North Africa,1965,1975,3.614,4.1252,4.3661,4.3867,37.0177,8.769,7.960999999999999,7.258893577981651,9.245,8.689953445065177,11745.852799150447,79.545,train
ISR,Israel,Middle East and North Africa,1970,1980,3.1528,3.7864,4.1252,4.3661,27.1582,9.591,9.684,7.86180303030303,9.625,9.24237043478261,14937.76491568722,82.51599999999999,train
ISR,Israel,Middle East and North Africa,1975,1985,3.0387,3.614,3.7864,4.1252,27.4994,10.657,10.872,8.836225108225108,10.612,10.076575528700907,18185.174971223274,84.486,train
ISR,Israel,Middle East and North Africa,1980,1990,2.8398,3.1528,3.614,3.7864,18.3744,11.187,11.936,9.888388818297331,10.982,11.030671957671958,17837.182805135697,85.476,train
ISR,Israel,Middle East and North Africa,1985,1995,2.823,3.0387,3.1528,3.614,14.037,10.92,12.213,10.581421892816419,10.492,11.33694265232975,19757.285921203806,86.578,train
ISR,Israel,Middle East and North Africa,1990,2000,2.9212,2.8398,3.0387,3.1528,11.2711,10.465,12.605,11.329398138572905,9.883,11.716782188841202,23487.014463555388,87.16,train
ISR,Israel,Middle East and North Africa,1995,2005,2.7933,2.823,2.8398,3.0387,8.5796,11.031000000000002,12.945,11.813154882154882,10.399,11.990472888888888,29711.395900721767,90.065,train
ISR,Israel,Middle East and North Africa,2000,2010,3.0285,2.9212,2.823,2.8398,6.9462,10.626,13.268,12.322952552120775,10.155,12.261581954887218,36624.6641621608,91.576,gap
ISR,Israel,Middle East and North Africa,2005,2015,3.093,2.7933,2.9212,2.823,5.5963,10.417,13.222,12.6370561582642,10.053,12.356950098489822,32357.93200345694,92.231,test
ISR,Israel,Middle East and North Africa,2010,2020,2.9374,3.0285,2.7933,2.9212,4.591,10.941,13.347,13.241122484186313,10.663,13.063936694021102,33949.662105322765,92.53,test
JPN,Japan,Advanced Economies,1955,1965,2.089,2.3488,3.6154,,54.6017,8.04,7.252,6.189994191970654,9.649,7.412978097760123,3950.9915970349366,87.277,train
JPN,Japan,Advanced Economies,1960,1970,2.035,1.9808,2.3488,3.6154,40.0342,8.542,7.943,6.675496369247526,9.475,7.935516546270988,5821.0912031885,87.855,train
JPN,Japan,Advanced Economies,1965,1975,1.9206,2.089,1.9808,2.3488,24.7833,8.789,7.857000000000001,6.824664269570578,9.331,7.7920088689848965,8700.625830252313,88.401,train
JPN,Japan,Advanced Economies,1970,1980,1.7392,2.035,2.089,1.9808,17.6558,10.318,8.236,7.035360543964232,10.461,7.91292005393187,14034.253899324985,89.041,train
JPN,Japan,Advanced Economies,1975,1985,1.7365,1.9206,2.035,2.089,13.0407,10.44,9.723,7.9643875016691155,10.547,8.853150805065424,16556.24955571339,89.69200000000001,train
JPN,Japan,Advanced Economies,1980,1990,1.5087,1.7392,1.9206,2.035,9.9137,11.559,10.727,8.688344717282906,10.844,9.743504531229625,21001.126832864615,89.903,train
JPN,Japan,Advanced Economies,1985,1995,1.4067,1.7365,1.7392,1.9206,7.3845,11.755,11.8,9.455754506073733,10.937,10.166714627106545,20046.243838028848,89.956,train
JPN,Japan,Advanced Economies,1990,2000,1.346,1.5087,1.7365,1.7392,6.356,11.934,12.754,10.182423205663675,11.671,10.637596305043198,28533.845242176154,90.208,train
JPN,Japan,Advanced Economies,1995,2005,1.2455,1.4067,1.5087,1.7365,5.8304,12.27,12.967,10.919266656976744,11.873,11.177258396201683,34702.83071918595,90.714,train
JPN,Japan,Advanced Economies,2000,2010,1.3573,1.346,1.4067,1.5087,4.5015,12.424,13.267,11.634484002955048,11.948,11.715788321995465,36829.64847119888,90.854,gap
JPN,Japan,Advanced Economies,2005,2015,1.4153,1.2455,1.346,1.4067,3.7743,12.339,13.531,12.163597067831216,11.95,12.08525795460945,38466.32824140022,91.059,test
JPN,Japan,Advanced Economies,2010,2020,1.3036,1.3573,1.2455,1.346,3.215,12.012,13.73,12.664992949368925,11.724,12.439434571797447,38652.0153400335,91.163,test
JOR,Jordan,Middle East and North Africa,1955,1965,7.932,7.42,7.4444,,208.9825,1.36,0.963,0.5791153846153846,3.87,2.041300970873787,1651.7053370309918,52.731,train
JOR,Jordan,Middle East and North Africa,1960,1970,8.1808,7.5985,7.42,7.4444,155.7104,2.21,0.96,0.6985251798561151,5.757,2.4130555555555553,2849.789135780625,59.191,train
JOR,Jordan,Middle East and North Africa,1965,1975,7.9251,7.932,7.5985,7.42,116.9067,3.189,1.21,0.8506473988439307,6.73,3.002344632768361,3734.531545479161,64.82300000000001,train
JOR,Jordan,Middle East and North Africa,1970,1980,7.2868,8.1808,7.932,7.5985,94.2004,4.066,1.827,1.1326588235294117,7.117000000000001,3.6760226415094337,2927.851611994088,70.60300000000001,train
JOR,Jordan,Middle East and North Africa,1975,1985,6.5338,7.9251,8.1808,7.932,70.1851,5.074,2.644,1.5085066225165562,7.51,4.420009463722398,2334.5385857396946,74.63,train
JOR,Jordan,Middle East and North Africa,1980,1990,5.5439,7.2868,7.9251,8.1808,55.3112,6.215,3.672,1.9093745928338761,7.819,4.80819749216301,4339.963344251145,77.124,train
JOR,Jordan,Middle East and North Africa,1985,1995,4.6761,6.5338,7.2868,7.9251,44.0471,7.86,5.395,3.0711596858638743,8.349,6.0115797468354435,4260.449632165698,78.762,train
JOR,Jordan,Middle East and North Africa,1990,2000,3.8639,5.5439,6.5338,7.2868,36.1066,8.545,7.122,4.288842696629213,8.669,7.227813953488372,3392.8197098059672,82.057,train
JOR,Jordan,Middle East and North Africa,1995,2005,3.6533,4.6761,5.5439,6.5338,30.8494,8.502,8.701,6.0174933530280645,9.468,8.101809032258064,3590.0546751381557,86.324,train
JOR,Jordan,Middle East and North Africa,2000,2010,3.7799,3.8639,4.6761,5.5439,26.8734,9.416,9.419,7.1845274853801175,9.878,9.056883011190234,3958.329210381547,87.909,gap
JOR,Jordan,Middle East and North Africa,2005,2015,3.1411,3.6533,3.8639,4.6761,23.3945,10.372,9.699,8.166702268431001,10.352,9.635112126245847,5572.486947448113,89.263,test
JOR,Jordan,Middle East and North Africa,2010,2020,2.7911,3.7799,3.6533,3.8639,20.2008,10.651,10.588,9.147007142857142,10.294,10.151813210227273,9681.848047294106,90.741,test
KOR,Republic of Korea,East Asia and the Pacific,1955,1965,4.8867,6.1687,6.0628,,176.7669,5.425,4.671,3.5535563946406823,7.203,5.777216260162602,1207.6888992316108,73.60300000000001,train
KOR,Republic of Korea,East Asia and the Pacific,1960,1970,4.4586,5.9942,6.1687,6.0628,114.2667,5.161,3.56,2.2172001712695355,7.454999999999999,4.872449003245248,1224.790570106936,77.307,train
KOR,Republic of Korea,East Asia and the Pacific,1965,1975,3.3126,4.8867,5.9942,6.1687,86.668,7.009999999999999,5.362,3.4013848764850083,8.64,6.001578707375099,1450.551069667037,79.898,train
KOR,Republic of Korea,East Asia and the Pacific,1970,1980,2.7338,4.4586,4.8867,5.9942,61.8767,7.934,6.586,4.345635875943001,9.196,6.979275993091537,2170.3100293172865,81.965,train
KOR,Republic of Korea,East Asia and the Pacific,1975,1985,1.7051,3.3126,4.4586,4.8867,46.3507,8.683,7.896,5.397858929917106,9.687,7.857196978944157,4196.171740360665,83.791,train
KOR,Republic of Korea,East Asia and the Pacific,1980,1990,1.6025,2.7338,3.3126,4.4586,35.9185,9.922,9.002,6.433791350632069,10.677,8.8287846091753,5097.108681956369,84.483,train
KOR,Republic of Korea,East Asia and the Pacific,1985,1995,1.6456,1.7051,2.7338,3.3126,24.5511,11.137,10.134000000000002,7.564979020979022,11.469,9.778078161172969,7328.637146796074,85.345,train
KOR,Republic of Korea,East Asia and the Pacific,1990,2000,1.4672,1.6025,1.7051,2.7338,15.8589,11.942,11.323,8.848751202154261,11.958,10.814791654758501,13167.790500390985,86.657,train
KOR,Republic of Korea,East Asia and the Pacific,1995,2005,1.1151,1.6456,1.6025,1.7051,10.5947,12.305,12.443,9.945161373170105,12.256,11.579073783624253,21808.13093163591,87.735,train
KOR,Republic of Korea,East Asia and the Pacific,2000,2010,1.2264,1.4672,1.6456,1.6025,7.608,12.863,13.295,10.846893807375135,12.665,12.164410001529284,24277.974398112456,88.588,gap
KOR,Republic of Korea,East Asia and the Pacific,2005,2015,1.2017,1.1151,1.4672,1.6456,5.5741,12.68,13.997,11.729500697350069,12.228,12.718632947976879,30784.396167205596,89.36,test
KOR,Republic of Korea,East Asia and the Pacific,2010,2020,0.8121,1.2264,1.1151,1.4672,4.1814,13.297,14.706,12.503855631088374,13.06,13.309108044708156,35447.38279270449,89.951,test
KWT,Kuwait,Middle East and North Africa,1955,1965,7.3144,7.1405,7.115,,184.8906,1.284,1.327,0.77164,3.014,2.233377358490566,,88.248,train
KWT,Kuwait,Middle East and North Africa,1960,1970,7.0254,7.2229,7.1405,7.115,139.2488,2.407,1.686,1.061470588235294,3.5160000000000005,2.667722891566265,,90.343,train
KWT,Kuwait,Middle East and North Africa,1965,1975,6.0594,7.3144,7.2229,7.1405,98.5636,2.908,2.5670000000000006,1.7167017543859653,3.661,3.17206976744186,,92.126,train
KWT,Kuwait,Middle East and North Africa,1970,1980,5.1836,7.0254,7.3144,7.2229,70.2229,3.832,3.0970000000000004,2.2044897959183674,4.096,3.4900971428571426,34879.62222530056,93.696,train
KWT,Kuwait,Middle East and North Africa,1975,1985,4.2178,6.0594,7.0254,7.3144,50.8568,4.333,3.7380000000000004,2.542376712328767,4.322,3.657760180995475,62078.75108885018,95.088,train
KWT,Kuwait,Middle East and North Africa,1980,1990,3.4865,5.1836,6.0594,7.0254,35.281,5.611,5.517,3.9498061224489796,5.017,4.657256267409471,71253.03532170117,95.681,train
KWT,Kuwait,Middle East and North Africa,1985,1995,3.2484,4.2178,5.1836,6.0594,23.8134,6.432,6.204,5.391076363636364,6.066,5.2272285714285704,38168.886621075406,95.446,train
KWT,Kuwait,Middle East and North Africa,1990,2000,2.8871,3.4865,4.2178,5.1836,20.3021,6.968999999999999,6.212,5.4998695652173915,6.578,5.648235008103727,21887.202650256953,96.768,train
KWT,Kuwait,Middle East and North Africa,1995,2005,2.731,3.2484,3.4865,4.2178,14.7299,7.316999999999999,6.225,5.583498349834984,7.275999999999999,5.924986842105263,46376.49188057047,94.973,train
KWT,Kuwait,Middle East and North Africa,2000,2010,2.0438,2.8871,3.2484,3.4865,12.8677,6.688,6.75,6.240158392434988,5.471,6.094424101969873,40191.85215265781,94.664,gap
KWT,Kuwait,Middle East and North Africa,2005,2015,2.0301,2.731,2.8871,3.2484,11.723,6.886,6.884,6.665334565619224,6.122,5.727013579049466,70505.7581981836,95.355,test
KWT,Kuwait,Middle East and North Africa,2010,2020,2.0987,2.0438,2.731,2.8871,10.5357,6.909,7.283,6.973918711656442,6.331,5.984074394463668,71193.16373896849,95.813,test
MYS,Malaysia,East Asia and the Pacific,1955,1965,5.8362,6.4522,6.4286,,127.7887,1.869,1.119,0.7934224137931034,4.359,3.479148638132296,2683.509845438149,59.634,train
MYS,Malaysia,East Asia and the Pacific,1960,1970,5.0351,6.4121,6.4522,6.4286,94.3279,2.857,1.548,0.9868924812030075,5.431,3.722212376933896,2929.057483433068,61.628,train
MYS,Malaysia,East Asia and the Pacific,1965,1975,4.5008,5.8362,6.4121,6.4522,69.5616,3.88,2.288,1.4395518134715024,6.201,4.079949845201238,3209.531042391623,63.553,train
MYS,Malaysia,East Asia and the Pacific,1970,1980,4.0345,5.0351,5.8362,6.4121,55.3221,5.469,3.218,1.9198878718535468,7.464,4.493993892282066,3551.211106196324,65.25999999999999,train
MYS,Malaysia,East Asia and the Pacific,1975,1985,3.8042,4.5008,5.0351,5.8362,42.1311,6.364,4.49,2.766316870415648,7.3389999999999995,5.2660747263208,4795.188601256501,67.051,train
MYS,Malaysia,East Asia and the Pacific,1980,1990,3.3041,4.0345,4.5008,5.0351,30.3078,7.848000000000001,5.801,3.7035063291139245,8.753,5.835150363783347,7203.052316680178,68.19800000000001,train
MYS,Malaysia,East Asia and the Pacific,1985,1995,3.3165,3.8042,4.0345,4.5008,21.8857,8.792,7.239,4.930561193006514,9.514,6.818599099099099,7789.007298386614,69.858,train
MYS,Malaysia,East Asia and the Pacific,1990,2000,2.9417,3.3041,3.8042,4.0345,16.6833,10.264,8.688,6.160430609960828,10.194,7.7561832745044805,8773.545674932824,71.798,train
MYS,Malaysia,East Asia and the Pacific,1995,2005,2.3912,3.3165,3.3041,3.8042,13.3767,10.567999999999998,9.47,7.191329521086491,10.364,8.522014627350824,12657.054853941701,74.512,train
MYS,Malaysia,East Asia and the Pacific,2000,2010,2.1437,2.9417,3.3165,3.3041,10.2399,11.629,10.413,8.089707589285714,11.234,9.192971479500892,14576.015250240609,77.005,gap
MYS,Malaysia,East Asia and the Pacific,2005,2015,2.0078,2.3912,2.9417,3.3165,8.3537,12.131,11.265,9.065212406683257,11.647,9.849760737263084,17411.863277599743,78.589,test
MYS,Malaysia,East Asia and the Pacific,2010,2020,1.6803,2.1437,2.3912,2.9417,8.1206,12.539,12.224,10.048345139647372,12.23,10.555660659743433,21585.67142305375,80.182,test
NPL,Nepal,South Asia,1955,1965,6.0065,6.0664,6.0566,,335.8961,0.055,0.011,0.0071910112359550565,0.378,0.13675506756756758,,33.958,train
NPL,Nepal,South Asia,1960,1970,5.8688,6.0686,6.0664,6.0566,325.3268,0.077,0.012000000000000002,0.004432033719704953,0.415,0.16819268030139936,745.8336303978078,36.085,train
NPL,Nepal,South Asia,1965,1975,5.733,6.0065,6.0686,6.0664,299.1975,0.145,0.04699999999999999,0.028306979014153244,0.853,0.3011372151898734,768.759835541565,38.473,train
NPL,Nepal,South Asia,1970,1980,5.6031,5.8688,6.0065,6.0686,267.1009,0.299,0.081,0.04141278295605859,1.637,0.5041695550351288,816.5957990903818,41.135,train
NPL,Nepal,South Asia,1975,1985,5.4569,5.733,5.8688,6.0065,237.7214,0.381,0.147,0.08006209677419356,2.048,0.8629830651989839,784.058726095758,43.941,train
NPL,Nepal,South Asia,1980,1990,5.2106,5.6031,5.733,5.8688,207.2449,0.585,0.219,0.10933515283842794,2.7140000000000004,1.2598090056285178,763.8508222958469,49.033,train
NPL,Nepal,South Asia,1985,1995,4.869,5.4569,5.6031,5.733,173.6625,1.491,0.655,0.40969410999023753,4.129,2.2312170412613215,913.6740278236668,54.15,train
NPL,Nepal,South Asia,1990,2000,3.9837,5.2106,5.4569,5.6031,138.4511,2.254,1.331,0.8784517619872906,4.521,3.3748158606188046,1051.7132959095243,58.208,train
NPL,Nepal,South Asia,1995,2005,3.1153,4.869,5.2106,5.4569,105.7056,2.493,1.8,1.1154840465001237,4.413,3.716785054347826,1304.012795297624,63.383,train
NPL,Nepal,South Asia,2000,2010,2.5412,3.9837,4.869,5.2106,79.3963,3.572,2.193,1.32365142364107,4.748,3.861444736842105,1339.9978994029518,66.884,gap
NPL,Nepal,South Asia,2005,2015,2.2733,3.1153,3.9837,4.869,60.5838,4.713,2.91,1.8237128359330954,5.409,4.283036325678497,1351.4468806444095,69.096,test
NPL,Nepal,South Asia,2010,2020,2.0514,2.5412,3.1153,3.9837,48.1988,6.288000000000001,4.079,2.469391967213115,5.940999999999999,4.684686151079137,1896.104291022482,70.468,test
PAK,Pakistan,South Asia,1955,1965,6.8,6.8,6.8,,306.4968,0.517,0.292,0.292,2.051,1.3099490030211483,1262.1262329906538,42.508,train
PAK,Pakistan,South Asia,1960,1970,6.8005,6.8,6.8,6.8,252.4518,0.739,0.292,0.292,2.979,1.3164874327735705,1288.4808005452312,46.242,train
PAK,Pakistan,South Asia,1965,1975,6.8119,6.8,6.8,6.8,216.0255,0.9389999999999998,0.538,0.4019627152100011,3.154,1.763747753145596,1553.5739191271177,50.073,train
PAK,Pakistan,South Asia,1970,1980,6.7339,6.8005,6.8,6.8,191.1761,1.246,0.784,0.5068349665276026,3.1239999999999997,2.130168972064009,1943.7319235850948,54.116,train
PAK,Pakistan,South Asia,1975,1985,6.5854,6.8119,6.8005,6.8,176.4329,1.488,0.98,0.6509915597278443,3.63,2.5452291194561347,1956.2047502983419,58.145,train
PAK,Pakistan,South Asia,1980,1990,6.3637,6.7339,6.8119,6.8005,165.0064,1.79,1.168,0.7998196415235249,3.931,2.9669313904494383,2188.117754703284,61.319,train
PAK,Pakistan,South Asia,1985,1995,5.894,6.5854,6.7339,6.8119,152.9862,2.08,1.438,0.9793382536902677,4.594,3.414191126279863,2446.611203678083,65.686,train
PAK,Pakistan,South Asia,1990,2000,5.3519,6.3637,6.5854,6.7339,139.6024,2.833,1.615,1.1040469456111437,5.232,3.804740546480843,2680.2630958381446,70.908,train
PAK,Pakistan,South Asia,1995,2005,4.5947,5.894,6.3637,6.5854,124.5745,3.2709999999999995,2.187,1.5584569869513643,5.87,4.257430328050783,2802.86963662079,74.934,train
PAK,Pakistan,South Asia,2000,2010,4.398,5.3519,5.894,6.3637,108.5543,3.814,2.65,2.023199586947542,6.21,4.824719527267109,2857.495659200024,78.605,gap
PAK,Pakistan,South Asia,2005,2015,3.9877,4.5947,5.3519,5.894,99.6137,4.892,3.771,3.002842105263158,6.461,6.197438606491416,3256.1087384040957,81.243,test
PAK,Pakistan,South Asia,2010,2020,3.765,4.398,4.5947,5.3519,87.3324,5.706,4.246,2.9623436776708494,6.931,6.125269806550579,4072.2657068044523,83.813,test
PHL,Philippines,East Asia and the Pacific,1955,1965,6.7995,7.0711,7.1287,,126.2858,3.9379999999999997,3.4739999999999998,2.5117420665143437,4.387,3.3310472399150743,1864.8204987472805,52.22,train
PHL,Philippines,East Asia and the Pacific,1960,1970,6.2179,6.9965,7.0711,7.1287,104.1393,4.23,2.724,2.679193171608266,4.374,3.3746423324150596,2031.7543557794672,57.141,train
PHL,Philippines,East Asia and the Pacific,1965,1975,5.596,6.7995,6.9965,7.0711,91.7627,4.609,4.034,3.2546607491221224,4.852,3.9241865552903743,2176.067467797649,60.931,train
PHL,Philippines,East Asia and the Pacific,1970,1980,5.108,6.2179,6.7995,6.9965,85.6074,5.769,4.888,3.8954832317073174,5.87,4.545705942974922,2466.642210555734,64.34100000000001,train
PHL,Philippines,East Asia and the Pacific,1975,1985,4.6639,5.596,6.2179,6.7995,83.8375,7.095,5.645,4.411824903874593,6.763,4.952610089020772,2877.1104713341474,66.878,train
PHL,Philippines,East Asia and the Pacific,1980,1990,4.3224,5.108,5.596,6.2179,79.6729,7.622000000000001,6.931,5.2941978643216085,7.330000000000001,5.727916656191074,3361.859498350671,68.926,train
PHL,Philippines,East Asia and the Pacific,1985,1995,4.0673,4.6639,5.108,5.596,71.9264,7.461,7.315,6.170977909482759,6.983,6.422765016715195,2916.3359561832153,71.77,train
PHL,Philippines,East Asia and the Pacific,1990,2000,3.754,4.3224,4.6639,5.108,57.3055,8.326,7.008,6.575594806874885,7.65,6.744776454293629,3766.5843944825415,74.476,train
PHL,Philippines,East Asia and the Pacific,1995,2005,3.4479,4.0673,4.3224,4.6639,44.3811,8.538,8.047,7.185235983528667,8.101,7.196149572649573,4722.170242448393,76.613,train
PHL,Philippines,East Asia and the Pacific,2000,2010,3.3146,3.754,4.0673,4.3224,37.422,8.9,8.963,7.71169246018183,8.132,7.59435160473551,4629.6007507460245,78.775,gap
PHL,Philippines,East Asia and the Pacific,2005,2015,2.8286,3.4479,3.754,4.0673,33.0453,9.184,9.185,8.157509904795695,8.366,7.869522933065041,4365.831294073355,80.463,test
PHL,Philippines,East Asia and the Pacific,2010,2020,2.075,3.3146,3.4479,3.754,30.0984,9.587,9.547,8.650021932087935,8.567,8.201553367447149,5789.24740743484,81.999,test
SAU,Saudi Arabia,Middle East and North Africa,1955,1965,7.6578,7.5925,7.5771,,287.9229,1.692,1.26,0.9754595879556259,3.727,4.188939814814815,,52.282,train
SAU,Saudi Arabia,Middle East and North Africa,1960,1970,7.5831,7.6261,7.5925,7.5771,256.7491,1.711,1.447,1.1038321479374111,3.814,4.63502364394993,,54.286,train
SAU,Saudi Arabia,Middle East and North Africa,1965,1975,7.3703,7.6578,7.6261,7.5925,222.1538,2.312,1.515,1.2225181023720348,4.303,4.977359430604982,,56.473,train
SAU,Saudi Arabia,Middle East and North Africa,1970,1980,7.145,7.5831,7.6578,7.6261,177.9416,2.293,1.548,1.3206437768240342,4.356,5.24609603960396,20393.442332236595,58.96,train
SAU,Saudi Arabia,Middle East and North Africa,1975,1985,6.6488,7.3703,7.5831,7.6578,130.7231,3.5420000000000003,1.548,1.4043242049469964,5.389,5.326932830188679,36296.63863150757,62.468,train
SAU,Saudi Arabia,Middle East and North Africa,1980,1990,5.8036,7.145,7.3703,7.5831,92.9711,3.618,2.845,1.9911743515850144,5.708,5.839688121402407,38266.055913464574,65.305,train
SAU,Saudi Arabia,Middle East and North Africa,1985,1995,4.9859,6.6488,7.145,7.3703,65.0345,5.174,3.962,2.6364650369528144,7.034,6.28826932493879,19602.928936695065,69.759,train
SAU,Saudi Arabia,Middle East and North Africa,1990,2000,4.2055,5.8036,6.6488,7.145,44.4056,6.088,5.388,3.8444077328646746,7.029,6.778692764857881,18205.485504458757,73.512,train
SAU,Saudi Arabia,Middle East and North Africa,1995,2005,3.161,4.9859,5.8036,6.6488,30.7545,6.711,6.552,4.626545184083302,7.39,7.114702835216373,18996.461518659984,76.874,train
SAU,Saudi Arabia,Middle East and North Africa,2000,2010,2.81,4.2055,4.9859,5.8036,22.2588,8.109,7.461,5.60558067299396,8.03,7.687009310618067,21921.094856363357,79.123,gap
SAU,Saudi Arabia,Middle East and North Africa,2005,2015,2.63,3.161,4.2055,4.9859,16.5583,8.908,9.033,6.7638736250877605,8.812,8.053863125638406,31379.818504081868,81.279,test
SAU,Saudi Arabia,Middle East and North Africa,2010,2020,2.27,2.81,3.161,4.2055,12.2611,8.75,9.378,7.369212519623233,9.281,8.222919713475601,51679.449173040055,82.509,test
SGP,Singapore,East Asia and the Pacific,1955,1965,4.6667,6.3754,6.2252,,74.8403,3.189,2.015,1.2581383928571428,5.626,3.6661811594202898,,99.727,train
SGP,Singapore,East Asia and the Pacific,1960,1970,3.0682,5.7652,6.3754,6.2252,47.901,4.564,2.414,1.5511818181818182,6.858,4.034604166666666,2753.451698626841,99.78,train
SGP,Singapore,East Asia and the Pacific,1965,1975,2.0802,4.6667,5.7652,6.3754,34.8787,5.575,3.415,2.172309375,7.664,4.707894150417827,3322.1760896521373,99.809,train
SGP,Singapore,East Asia and the Pacific,1970,1980,1.7388,3.0682,4.6667,5.7652,26.8053,7.287,4.221,2.646280991735537,8.447,5.268157622739018,5760.379128809868,99.828,train
SGP,Singapore,East Asia and the Pacific,1975,1985,1.5328,2.0802,3.0682,4.6667,18.2519,6.966,4.969,3.127510440835267,7.517,5.168210989010989,8566.018769573766,99.838,train
SGP,Singapore,East Asia and the Pacific,1980,1990,1.5829,1.7388,2.0802,3.0682,14.3092,8.183,4.889,3.3031915708812263,8.531,4.79329889298893,12836.17516418998,99.858,train
SGP,Singapore,East Asia and the Pacific,1985,1995,1.4426,1.5328,1.7388,2.0802,10.9575,8.156,7.185,4.962621621621621,8.56,5.887295224312591,16189.323669560245,99.913,train
SGP,Singapore,East Asia and the Pacific,1990,2000,1.3416,1.5829,1.5328,1.7388,7.5811,8.123,8.043,6.2538720787207875,8.649,6.62752427184466,21527.14976289145,99.898,train
SGP,Singapore,East Asia and the Pacific,1995,2005,1.0721,1.4426,1.5829,1.5328,5.1073,10.967,9.508,7.476197183098591,10.877,8.208330653266332,29500.802208556004,99.925,train
SGP,Singapore,East Asia and the Pacific,2000,2010,0.9337,1.3416,1.4426,1.5829,3.8578,11.714,12.083,9.196593696763202,11.297,10.174577966101696,41270.50264205531,99.936,gap
SGP,Singapore,East Asia and the Pacific,2005,2015,0.9768,1.0721,1.3416,1.4426,3.0278,11.076,12.386,9.05951567398119,10.834,9.973552795031056,63948.80678071317,99.926,test
SGP,Singapore,East Asia and the Pacific,2010,2020,0.9419,0.9337,1.0721,1.3416,2.8119,12.908,14.339,10.974919708029196,12.548,11.754683261183262,77815.3485207668,99.939,test
LKA,Sri Lanka,South Asia,1955,1965,4.9345,5.308,5.462,,121.8014,4.308,2.963,2.4095186721991704,5.472,4.069771689497717,3277.599067920964,61.704,train
LKA,Sri Lanka,South Asia,1960,1970,4.3868,5.3517,5.308,5.462,95.6194,4.478,3.3859999999999997,2.757295072115384,5.805000000000001,4.349983979328166,3028.5787251993584,64.24000000000001,train
LKA,Sri Lanka,South Asia,1965,1975,3.8159,4.9345,5.3517,5.308,80.1168,5.241,3.824,3.048821989528796,6.028,4.6215298542548195,2916.3791371211314,66.935,train
LKA,Sri Lanka,South Asia,1970,1980,3.7246,4.3868,4.9345,5.3517,70.6521,8.237,6.255000000000001,4.773976807639836,8.616,6.414833053691275,3277.1895553447375,69.477,train
LKA,Sri Lanka,South Asia,1975,1985,2.8946,3.8159,4.3868,4.9345,62.5697,8.46,6.709,5.333326069730586,8.857,6.635929927007299,3231.704724362795,71.52199999999999,train
LKA,Sri Lanka,South Asia,1980,1990,2.5406,3.7246,3.8159,4.3868,46.1845,8.591,7.627,5.8453629968343295,8.95,6.889144570502431,2214.7697398262044,74.264,train
LKA,Sri Lanka,South Asia,1985,1995,2.3529,2.8946,3.7246,3.8159,30.4683,9.132,8.668,6.812593427230046,9.188,7.661348458904109,2752.283407016323,75.319,train
LKA,Sri Lanka,South Asia,1990,2000,2.2131,2.5406,2.8946,3.7246,22.6643,10.522,9.524,7.855203307129303,10.437000000000001,8.49543712273642,3189.3163493340244,77.015,train
LKA,Sri Lanka,South Asia,1995,2005,2.263,2.3529,2.5406,2.8946,20.2081,11.703,10.308,8.914371193813437,11.536,9.262148869487351,4127.814647957519,78.59,train
LKA,Sri Lanka,South Asia,2000,2010,2.1341,2.2131,2.3529,2.5406,16.8747,12.402,11.662,10.126354656222803,12.027,10.258226472374012,4816.52981123627,80.735,gap
LKA,Sri Lanka,South Asia,2005,2015,2.09,2.263,2.2131,2.3529,13.8822,12.352,12.003,10.33422880188865,11.942,10.407907652685799,5595.055318657653,81.545,test
LKA,Sri Lanka,South Asia,2010,2020,2.007,2.1341,2.263,2.2131,11.2045,11.633,12.037,10.453120079094015,11.185,10.449917974683546,8947.083516334262,82.401,test
SYR,Syrian Arab Republic,Middle East and North Africa,1955,1965,7.5318,7.6335,7.6181,,226.2936,0.736,0.419,0.27106756756756756,2.169,1.278930535455861,,44.93,train
SYR,Syrian Arab Republic,Middle East and North Africa,1960,1970,7.6208,7.5053,7.6335,7.6181,172.6626,1.05,0.514,0.33547802929427434,2.901,1.478507894736842,2204.277841601644,48.474,train
SYR,Syrian Arab Republic,Middle East and North Africa,1965,1975,7.4865,7.5318,7.5053,7.6335,134.8051,1.229,0.751,0.4749882214369847,3.467,1.9436771929824561,2955.5691952109282,52.29,train
SYR,Syrian Arab Republic,Middle East and North Africa,1970,1980,7.1186,7.6208,7.5318,7.5053,104.4865,1.848,1.053,0.6272383419689119,4.652,2.484436344969199,3574.8341534012616,56.305,train
SYR,Syrian Arab Republic,Middle East and North Africa,1975,1985,6.4836,7.4865,7.6208,7.5318,79.821,2.686,1.428,0.9001115140525838,5.847999999999999,3.120696282864914,5557.166161527627,60.459,train
SYR,Syrian Arab Republic,Middle East and North Africa,1980,1990,5.561,7.1186,7.4865,7.6208,60.3444,3.791,2.26,1.3748757668711655,5.821,4.127629716981131,3100.1853464772485,64.189,train
SYR,Syrian Arab Republic,Middle East and North Africa,1985,1995,4.697,6.4836,7.1186,7.4865,46.1396,4.621,3.541,2.158927656850192,6.078,4.944819682959048,2048.5313644630596,66.6,train
SYR,Syrian Arab Republic,Middle East and North Africa,1990,2000,4.068,5.561,6.4836,7.1186,36.7296,4.773,4.894,3.046216797900262,5.895,5.484169197396962,1354.8531813519194,68.986,train
SYR,Syrian Arab Republic,Middle East and North Africa,1995,2005,3.6055,4.697,5.561,6.4836,29.2815,4.516,5.161,3.7810574860574864,5.059,5.785822212467076,1101.9574700060828,71.765,train
SYR,Syrian Arab Republic,Middle East and North Africa,2000,2010,3.355,4.068,4.697,5.561,23.4278,4.649,4.676,4.187211444521982,4.644,5.600685106382978,1716.888231301332,74.771,gap
SYR,Syrian Arab Republic,Middle East and North Africa,2005,2015,3.0672,3.6055,4.068,4.697,20.1837,6.429,5.910999999999999,5.088023688663282,6.628,6.656804329250926,5871.093850415681,76.894,test
SYR,Syrian Arab Republic,Middle East and North Africa,2010,2020,2.8373,3.355,3.6055,4.068,19.3497,7.664,6.999,5.890467198177676,7.881,7.564894077448748,6203.99172424763,80.489,test
TWN,Taiwan,East Asia and the Pacific,1955,1965,4.9936,6.5855,6.4806,,81.9869,3.0409999999999995,2.139,1.7150652315720807,4.756,4.655060355029586,2114.3171484395953,87.432,train
TWN,Taiwan,East Asia and the Pacific,1960,1970,3.9755,5.7868,6.5855,6.4806,57.9557,3.324,2.477,1.9288864509051014,5.584,4.898606291706387,2553.96812300537,89.46000000000001,train
TWN,Taiwan,East Asia and the Pacific,1965,1975,2.9726,4.9936,5.7868,6.5855,41.3599,4.473,2.73,2.1384032558139534,6.538,4.96807336523126,3674.274841204703,91.05799999999999,train
TWN,Taiwan,East Asia and the Pacific,1970,1980,2.5297,3.9755,4.9936,5.7868,27.0831,6.371,3.436,2.450685761047463,8.418,4.988722680752724,5514.350253110758,92.1,train
TWN,Taiwan,East Asia and the Pacific,1975,1985,1.8839,2.9726,3.9755,4.9936,19.5166,8.529,4.688,2.980041445270988,9.831,5.259799881936245,7537.549331644514,92.847,train
TWN,Taiwan,East Asia and the Pacific,1980,1990,1.7874,2.5297,2.9726,3.9755,15.1336,10.325,7.104,4.405966096783541,10.038000000000002,6.442197929815704,11443.361124419062,93.239,train
TWN,Taiwan,East Asia and the Pacific,1985,1995,1.7818,1.8839,2.5297,2.9726,10.8913,10.958,9.32,5.917378110654747,10.309,7.372170277960167,14602.62246170312,93.571,train
TWN,Taiwan,East Asia and the Pacific,1990,2000,1.4718,1.7874,1.8839,2.5297,8.7372,11.715,10.791,7.2928914405010445,10.449,8.285510742187501,21249.4894951641,94.03,train
TWN,Taiwan,East Asia and the Pacific,1995,2005,1.1332,1.7818,1.7874,1.8839,8.8136,11.729,11.749,8.525397416697867,11.162,9.25387606450444,28232.990142353745,94.504,train
TWN,Taiwan,East Asia and the Pacific,2000,2010,0.9161,1.4718,1.7818,1.7874,8.3096,12.012000000000002,12.154,9.48030109739369,11.778000000000002,10.278690223792697,35589.09068616734,94.718,gap
TWN,Taiwan,East Asia and the Pacific,2005,2015,1.1848,1.1332,1.4718,1.7818,6.7808,12.714,13.149,10.754089884121516,12.491,11.264809575457083,39031.148952652504,94.80799999999999,test
TWN,Taiwan,East Asia and the Pacific,2010,2020,0.99,0.9161,1.1332,1.4718,5.6805,13.077999999999998,13.378,11.367809210526318,12.897,12.137149830289317,43518.45535887294,94.834,test
THA,Thailand,East Asia and the Pacific,1955,1965,6.2581,6.3906,6.3588,,174.2652,3.228,2.199,1.2451867177522349,3.8089999999999997,2.37864590747331,944.2905254618998,33.593,train
THA,Thailand,East Asia and the Pacific,1960,1970,5.4524,6.325,6.3906,6.3588,146.9159,3.369,2.758,1.6326907980811163,3.9159999999999995,2.6834235500878734,1214.7234732401948,36.19,train
THA,Thailand,East Asia and the Pacific,1965,1975,4.3638,6.2581,6.325,6.3906,122.6517,2.816,2.342,1.6056742353161946,3.3860000000000006,2.439596890405764,1497.8895851397106,39.129,train
THA,Thailand,East Asia and the Pacific,1970,1980,3.2935,5.4524,6.2581,6.325,99.1951,3.7630000000000003,2.278,1.6476600033041466,4.26,2.3798857285429142,2438.727811297396,42.149,train
THA,Thailand,East Asia and the Pacific,1975,1985,2.4496,4.3638,5.4524,6.2581,77.8368,4.619,2.512,1.8720030094582973,5.243,2.568145370637439,2725.1580677522766,45.005,train
THA,Thailand,East Asia and the Pacific,1980,1990,2.065,3.2935,4.3638,5.4524,61.1685,5.37,3.825,2.5146634985563043,5.802,3.2324501948368245,3504.021572525389,45.263,train
THA,Thailand,East Asia and the Pacific,1985,1995,1.8879,2.4496,3.2935,4.3638,48.1504,6.017,4.879,3.18172711658921,6.113000000000001,3.872907236572366,4106.036894259761,46.023,train
THA,Thailand,East Asia and the Pacific,1990,2000,1.734,2.065,2.4496,3.2935,37.0508,7.403,5.532,3.8347617874437177,7.127,4.499699532952776,5452.215838393403,47.441,train
THA,Thailand,East Asia and the Pacific,1995,2005,1.644,1.8879,2.065,2.4496,28.15,8.047,6.304999999999999,4.431910233521388,8.531,5.061571428571429,8614.85070763459,49.787,train
THA,Thailand,East Asia and the Pacific,2000,2010,1.5623,1.734,1.8879,2.065,21.3509,8.518,7.341000000000001,4.989007432602671,8.186,5.599464384645825,8019.191335130939,52.937,gap
THA,Thailand,East Asia and the Pacific,2005,2015,1.4509,1.644,1.734,1.8879,16.2181,9.525,10.099,6.599440786412285,9.156,7.118614545677348,10293.429620303928,55.346,test
THA,Thailand,East Asia and the Pacific,2010,2020,1.2594,1.5623,1.644,1.734,12.6869,10.869,10.433,7.7664125094686725,10.088,8.007249213881424,14239.36176498059,57.235,test
ARE,United Arab Emirates,Middle East and North Africa,1955,1965,6.4951,6.4951,6.503,,252.7554,1.006,0.774,0.3997857142857143,2.317,1.5581333333333334,,58.466,train
ARE,United Arab Emirates,Middle East and North Africa,1960,1970,6.5189,6.4986,6.4951,6.503,200.4148,1.272,1.287,0.7192000000000001,2.376,2.1728823529411763,,60.251,train
ARE,United Arab Emirates,Middle East and North Africa,1965,1975,6.3531,6.4951,6.4986,6.4951,147.2822,2.46,1.799,1.060047619047619,2.784,2.595969696969697,,61.593,train
ARE,United Arab Emirates,Middle East and North Africa,1970,1980,5.9532,6.5189,6.4951,6.4986,96.8245,2.958,2.8480000000000003,1.6636206896551726,3.0290000000000004,2.9584545454545457,283541.1745141015,65.077,train
ARE,United Arab Emirates,Middle East and North Africa,1975,1985,5.1252,6.3531,6.5189,6.4951,59.2413,3.377,3.898,2.471086206896552,3.099,3.2555392156862744,232781.18451361574,67.815,train
ARE,United Arab Emirates,Middle East and North Africa,1980,1990,4.5061,5.9532,6.3531,6.5189,35.5675,5.353,4.21,3.4007272727272726,4.55,3.7338726415094334,243471.81155340464,79.125,train
ARE,United Arab Emirates,Middle East and North Africa,1985,1995,3.2783,5.1252,5.9532,6.3531,22.9173,7.307000000000001,5.586,4.552214285714286,5.925,4.587299474605954,152608.07359145753,81.923,train
ARE,United Arab Emirates,Middle East and North Africa,1990,2000,2.7332,4.5061,5.1252,5.9532,16.6578,8.31,7.394,5.93693359375,7.584,5.6508446215139445,124114.87513618227,84.05199999999999,train
ARE,United Arab Emirates,Middle East and North Africa,1995,2005,2.2318,3.2783,4.5061,5.1252,13.2146,9.487,9.18,7.605845454545453,8.593,7.0570476663356505,93704.33658787044,85.452,train
ARE,United Arab Emirates,Middle East and North Africa,2000,2010,1.5654,2.7332,3.2783,4.5061,11.2204,9.927,10.14,8.959228381374723,8.369,8.207574965612105,109404.66397920655,88.109,gap
ARE,United Arab Emirates,Middle East and North Africa,2005,2015,1.4173,2.2318,2.7332,3.2783,9.775,10.043,10.583,9.9706529318542,9.084,8.520950635386118,104336.67158868627,89.406,test
ARE,United Arab Emirates,Middle East and North Africa,2010,2020,1.2895,1.5654,2.2318,2.7332,8.6459,10.076,10.536,10.165346007604562,9.534,8.5493687150838,66166.43058446399,90.292,test
YEM,Yemen,Middle East and North Africa,1955,1965,8.1005,7.9699,7.9706,,467.1654,0.051,0.013,0.012588679245283018,0.08400000000000002,0.01287468671679198,,48.486,train
YEM,Yemen,Middle East and North Africa,1960,1970,8.2344,7.9881,7.9699,7.9706,429.7212,0.052,0.013,0.013,0.133,0.013,,50.144,train
YEM,Yemen,Middle East and North Africa,1965,1975,8.3734,8.1005,7.9881,7.9699,389.7889,0.056,0.013,0.013000000000000001,0.193,0.012999999999999998,,52.198,train
YEM,Yemen,Middle East and North Africa,1970,1980,8.7101,8.2344,8.1005,7.9881,330.4761,0.065,0.013,0.013,0.22900000000000004,0.013,,54.739,train
YEM,Yemen,Middle East and North Africa,1975,1985,8.8637,8.3734,8.2344,8.1005,269.8173,0.072,0.0,0.0,0.305,0.0,,57.519,train
YEM,Yemen,Middle East and North Africa,1980,1990,8.6065,8.7101,8.3734,8.2344,207.9284,0.178,0.038,0.023989717223650384,0.844,0.07622190745986779,,62.018,train
YEM,Yemen,Middle East and North Africa,1985,1995,7.525,8.8637,8.7101,8.3734,156.9895,0.38,0.098,0.05235028653295129,2.233,0.22279693486590038,,65.864,train
YEM,Yemen,Middle East and North Africa,1990,2000,6.3174,8.6065,8.8637,8.7101,126.9958,0.987,0.19699999999999998,0.10418441403926233,4.061,0.5339393939393939,779.720573781513,69.815,train
YEM,Yemen,Middle East and North Africa,1995,2005,5.5634,7.525,8.6065,8.8637,110.1513,1.636,0.442,0.22021803499327053,5.105,1.197523873873874,743.2179733345672,73.85300000000001,train
YEM,Yemen,Middle East and North Africa,2000,2010,4.81,6.3174,7.525,8.6065,92.025,2.3339999999999996,0.9740000000000001,0.46008451242829834,5.728000000000001,2.120516449885234,1237.340351376857,76.673,gap
YEM,Yemen,Middle East and North Africa,2005,2015,4.6167,5.5634,6.3174,7.525,71.2934,3.244,1.8219999999999998,0.8955841584158416,5.954,3.093530216284987,3521.45072495417,79.191,test
YEM,Yemen,Middle East and North Africa,2010,2020,4.6,4.81,5.5634,6.3174,56.11,4.805,2.599,1.431818535825545,5.83,4.066986604842865,4507.760764427158,81.469,test
AUT,Austria,Advanced Economies,1955,1965,2.6968,2.2677,2.0893,,53.3296,3.677,3.661,5.849676514032496,3.896,6.455852369380316,7710.998956394052,49.188,train
AUT,Austria,Advanced Economies,1960,1970,2.2937,2.689,2.2677,2.0893,43.4212,4.832,3.759,5.587426545086119,5.707,6.065470841006753,10109.611369354281,49.569,train
AUT,Austria,Advanced Economies,1965,1975,1.823,2.6968,2.689,2.2677,32.3432,5.223,5.371,6.120071502590674,6.239,7.624633982947625,12125.572445991931,50.496,train
AUT,Austria,Advanced Economies,1970,1980,1.6513,2.2937,2.6968,2.689,28.8866,5.984,6.28,6.500869701726844,6.901,8.703589605734768,14885.269373086727,51.35,train
AUT,Austria,Advanced Economies,1975,1985,1.4789,1.823,2.2937,2.6968,23.4193,6.288,7.174,6.66101273209549,7.072,8.879669009958993,17825.954126961704,51.891,train
AUT,Austria,Advanced Economies,1980,1990,1.4666,1.6513,1.823,2.2937,17.3228,6.605,7.695,6.820354389721627,7.138,9.033022556390977,20103.21344900596,51.707,train
AUT,Austria,Advanced Economies,1985,1995,1.4311,1.4789,1.6513,1.823,13.0595,7.181000000000001,8.455,7.029378942014242,7.421,9.120923614846694,20873.70391712634,51.937,train
AUT,Austria,Advanced Economies,1990,2000,1.3638,1.4666,1.4789,1.6513,9.5982,7.3069999999999995,9.117,7.647813667649951,7.476,9.416024245423058,26930.166728832624,51.975,train
AUT,Austria,Advanced Economies,1995,2005,1.406,1.4311,1.4666,1.4789,6.5856,8.82,9.268,8.169255621844883,8.576,9.816060387561965,32521.867472344915,52.513,train
AUT,Austria,Advanced Economies,2000,2010,1.4402,1.3638,1.4311,1.4666,5.6839,8.87,10.233,8.844410563692854,8.817,10.2831408634976,38984.87144323729,53.394,gap
AUT,Austria,Advanced Economies,2005,2015,1.4922,1.406,1.3638,1.4311,5.0048,8.545,11.295,9.527039189784237,8.566,10.822593587521665,41677.81451236725,54.94,test
AUT,Austria,Advanced Economies,2010,2020,1.4393,1.4402,1.406,1.3638,4.7465,8.39,11.6,9.966927721463199,8.288,11.048461703038084,46636.225885555315,56.019,test
BEL,Belgium,Advanced Economies,1955,1965,2.6121,2.3822,2.3457,,46.4926,7.716,7.404000000000001,6.842244667503137,7.912999999999999,7.183510090167454,10268.31020382258,72.068,train
BEL,Belgium,Advanced Economies,1960,1970,2.2536,2.5326,2.3822,2.3457,34.7423,7.9559999999999995,7.377999999999999,6.986843582335947,8.976,7.32223932346723,11293.192122263776,72.656,train
BEL,Belgium,Advanced Economies,1965,1975,1.7487,2.6121,2.5326,2.3822,26.8952,8.532,7.538,6.929403589315527,8.88,7.572482272533105,13861.289084017535,73.285,train
BEL,Belgium,Advanced Economies,1970,1980,1.6928,2.2536,2.6121,2.5326,24.585,9.532,8.159,7.170135918193439,9.632,7.8129873693379785,17228.540813190783,73.756,train
BEL,Belgium,Advanced Economies,1975,1985,1.5044,1.7487,2.2536,2.6121,18.6549,9.804,9.053,7.5979672268907565,9.882,8.251880152996174,20425.63606102428,73.958,train
BEL,Belgium,Advanced Economies,1980,1990,1.6252,1.6928,1.7487,2.2536,14.6908,10.183,9.961,8.243119787408014,10.057,8.855685291700905,24652.38671718853,74.428,train
BEL,Belgium,Advanced Economies,1985,1995,1.5637,1.5044,1.6928,1.7487,11.4327,10.701,10.627,8.804653950953679,10.443,9.343890539483972,21419.80864013776,74.626,train
BEL,Belgium,Advanced Economies,1990,2000,1.6631,1.6252,1.5044,1.6928,9.704,11.124,11.275,9.538123480243161,10.846,9.936228474320242,27183.567323543473,74.945,train
BEL,Belgium,Advanced Economies,1995,2005,1.7542,1.5637,1.6252,1.5044,7.4266,11.332,12.07,10.391904903417533,10.94,10.649090808823528,30225.64978174127,75.768,train
BEL,Belgium,Advanced Economies,2000,2010,1.8494,1.6631,1.5637,1.6252,6.0474,11.159,12.548,10.889540570175438,10.717,11.021948994252874,36813.88933492044,76.072,gap
BEL,Belgium,Advanced Economies,2005,2015,1.6896,1.7542,1.6631,1.5637,4.7761,10.461,12.65,11.239470036101084,10.058,11.347641215977378,39220.033169032075,76.363,test
BEL,Belgium,Advanced Economies,2010,2020,1.575,1.8494,1.7542,1.6631,4.4434,10.28,12.622,11.530755334281649,9.933,11.559145883987497,44699.93924802484,77.188,test
CYP,Cyprus,Middle East and North Africa,1955,1965,3.4697,3.4413,3.8712,,99.2821,4.857,4.194,2.8465555555555553,6.773000000000001,5.287509259259259,4287.996991091926,58.146,train
CYP,Cyprus,Middle East and North Africa,1960,1970,3.0651,3.3931,3.4413,3.8712,74.0902,6.529,4.816,3.533495867768595,7.736,5.940336283185841,4003.454119455718,60.239,train
CYP,Cyprus,Middle East and North Africa,1965,1975,2.1071,3.4697,3.3931,3.4413,54.9629,7.095,5.564,4.067264,8.11,6.353362831858408,5813.379975870737,61.434,train
CYP,Cyprus,Middle East and North Africa,1970,1980,2.298,3.0651,3.4697,3.3931,40.5685,7.551,6.824,4.723837209302325,8.071,6.767717741935484,7764.499286913845,62.343,train
CYP,Cyprus,Middle East and North Africa,1975,1985,2.4322,2.1071,3.0651,3.4697,30.9139,8.0,7.828,5.64707299270073,8.2,7.435661538461538,6404.477039308294,62.633,train
CYP,Cyprus,Middle East and North Africa,1980,1990,2.4023,2.298,2.1071,3.0651,21.4209,9.239,8.748,6.593852112676056,9.254,8.075829787234042,13282.045881156608,64.021,train
CYP,Cyprus,Middle East and North Africa,1985,1995,2.0315,2.4322,2.298,2.1071,13.983,10.395,10.064,7.717607843137255,10.372,9.108393333333334,16680.57725293384,65.904,train
CYP,Cyprus,Middle East and North Africa,1990,2000,1.6378,2.4023,2.4322,2.298,10.9899,10.989,11.57,8.996581818181818,10.361999999999998,10.201317073170733,22285.56750517777,66.962,train
CYP,Cyprus,Middle East and North Africa,1995,2005,1.4788,2.0315,2.4023,2.4322,8.9196,11.120000000000001,12.101,9.677977900552486,10.472999999999999,10.590791208791208,24886.001673678347,68.248,train
CYP,Cyprus,Middle East and North Africa,2000,2010,1.4337,1.6378,2.0315,2.4023,6.5543,11.017,12.793,10.541375609756097,10.307,11.226927461139896,28465.073529411766,69.711,gap
CYP,Cyprus,Middle East and North Africa,2005,2015,1.323,1.4788,1.6378,2.0315,4.672,11.162,12.561,9.357052401746724,10.085,10.851457142857143,33025.417440998455,71.856,test
CYP,Cyprus,Middle East and North Africa,2010,2020,1.3614,1.4337,1.4788,1.6378,3.4676,11.447,13.245,11.876873983739836,10.576,12.075809523809525,37577.33371506403,73.642,test
DNK,Denmark,Advanced Economies,1955,1965,2.608,2.5893,2.5719,,29.1332,5.679,4.614,3.9222869718309856,6.928,4.8749076782449725,11222.508246476815,59.189,train
DNK,Denmark,Advanced Economies,1960,1970,1.9559,2.5605,2.5893,2.5719,25.6548,5.992,6.082,4.343425958188153,7.608999999999999,5.403231046931408,13838.497407652632,59.814,train
DNK,Denmark,Advanced Economies,1965,1975,1.9078,2.608,2.5605,2.5893,22.3812,7.695,7.169,4.873380911435942,8.282,5.991999115826701,17406.06424414049,60.593,train
DNK,Denmark,Advanced Economies,1970,1980,1.5402,1.9559,2.608,2.5605,17.0082,9.865,7.920999999999999,5.608483333333333,10.505,6.852572872788543,21236.42975977041,61.258,train
DNK,Denmark,Advanced Economies,1975,1985,1.4434,1.9078,1.9559,2.608,12.6616,11.04,9.096,6.472064051240993,11.263000000000002,7.7187945425361155,22076.69427150851,61.773,train
DNK,Denmark,Advanced Economies,1980,1990,1.6644,1.5402,1.9078,1.9559,10.2076,11.114,10.79,7.563853773584905,11.194,8.77110406885759,25045.73807388643,61.135,train
DNK,Denmark,Advanced Economies,1985,1995,1.8006,1.4434,1.5402,1.9078,9.6284,11.445,12.122,8.411864511162431,11.642000000000001,9.61314427480916,25790.48294635198,60.918,train
DNK,Denmark,Advanced Economies,1990,2000,1.7649,1.6644,1.4434,1.5402,9.1231,10.89,13.144,10.021413612565446,10.843,10.725102790014684,28013.028910071065,60.935,train
DNK,Denmark,Advanced Economies,1995,2005,1.7982,1.8006,1.6644,1.4434,6.2329,10.468,13.218,10.936040860215053,10.37,11.451374387683694,30760.810997526325,61.233,train
DNK,Denmark,Advanced Economies,2000,2010,1.8582,1.7649,1.8006,1.6644,6.1712,10.717,12.656999999999998,11.528590940288263,10.726,11.799762928139693,38023.617121003284,61.777,gap
DNK,Denmark,Advanced Economies,2005,2015,1.7125,1.7982,1.7649,1.8006,5.0694,10.379,12.233,12.04381983805668,10.202,12.176139365918097,40344.34781734592,62.33,test
DNK,Denmark,Advanced Economies,2010,2020,1.6777,1.8582,1.7982,1.7649,3.8882,10.173,11.992,12.447330589849107,9.941,12.372993923024985,46973.41072944623,63.156,test
FIN,Finland,Advanced Economies,1955,1965,2.4753,2.9297,3.1526,,36.2966,4.406,4.256,3.9256158139534887,4.096,4.097378464818764,8673.366984848255,49.617,train
FIN,Finland,Advanced Economies,1960,1970,1.8218,2.7186,2.9297,3.1526,25.2857,4.862,4.429,3.980466968325792,4.386,4.300164801627671,9996.589671679956,50.591,train
FIN,Finland,Advanced Economies,1965,1975,1.6776,2.4753,2.7186,2.9297,20.9968,5.379,5.624,4.768900892857142,5.258,4.9100187376725835,12503.14366955738,51.191,train
FIN,Finland,Advanced Economies,1970,1980,1.6301,1.8218,2.4753,2.7186,16.4216,6.9479999999999995,7.023999999999999,5.575814977973567,6.851,5.670817658349328,16257.498049807844,51.258,train
FIN,Finland,Advanced Economies,1975,1985,1.6402,1.6776,1.8218,2.4753,12.3977,8.241,8.267,6.57757520661157,8.361,6.803639860139859,18909.735795440698,51.524,train
FIN,Finland,Advanced Economies,1980,1990,1.776,1.6301,1.6776,1.8218,9.0544,8.366,9.948,7.792276935355147,8.558,8.024288177339901,21253.770694177387,52.479,train
FIN,Finland,Advanced Economies,1985,1995,1.8052,1.6402,1.6301,1.6776,7.2436,8.437,10.32,7.745682964094729,8.239,8.103680245964643,22187.050137236776,52.984,train
FIN,Finland,Advanced Economies,1990,2000,1.7256,1.776,1.6402,1.6301,6.7964,8.425,10.874,8.525342242019303,8.224,8.718154525386312,27259.469129874535,54.381,train
FIN,Finland,Advanced Economies,1995,2005,1.8006,1.8052,1.776,1.6402,4.8384,9.009,11.333,9.459550072568941,8.649,9.370066428571429,26810.07771529819,55.581,train
FIN,Finland,Advanced Economies,2000,2010,1.8629,1.7256,1.8052,1.776,4.3912,8.607,11.995,10.425762760603881,8.269,10.05351414427157,35862.97579932282,56.605,gap
FIN,Finland,Advanced Economies,2005,2015,1.6454,1.8006,1.7256,1.8052,4.1684,8.737,12.201,11.106829320113315,8.483,10.553404861111112,38435.35061905214,57.723,test
FIN,Finland,Advanced Economies,2010,2020,1.3739,1.8629,1.8006,1.7256,2.9116,8.58,12.401,11.510601123595505,8.372,10.903754120879123,43734.92589244215,58.904,test
FRA,France,Advanced Economies,1955,1965,2.8263,2.699,2.9648,,45.1078,4.058,4.684,4.255820048201375,4.817,4.951325701903147,9290.101360027933,59.515,train
FRA,France,Advanced Economies,1960,1970,2.4805,2.7352,2.699,2.9648,31.771,4.471,4.607,4.16531993736952,4.566,4.368473519132539,11326.729965872455,60.564,train
FRA,France,Advanced Economies,1965,1975,1.9346,2.8263,2.7352,2.699,25.1713,5.111000000000001,5.084,4.43202228838792,5.430999999999999,4.824258592329668,14116.597544958226,61.541,train
FRA,France,Advanced Economies,1970,1980,1.9509,2.4805,2.8263,2.7352,21.4413,6.172,6.0649999999999995,4.854577011887454,6.406,5.482155540261528,17765.43370691003,62.18,train
FRA,France,Advanced Economies,1975,1985,1.8165,1.9346,2.4805,2.8263,16.0977,6.664,6.982,5.535596466835691,6.792,6.088460750020337,21160.448024795947,62.781,train
FRA,France,Advanced Economies,1980,1990,1.7822,1.9509,1.9346,2.4805,12.8278,6.11,7.641,6.235584568811613,5.796,6.7872771810524695,24951.629783562737,62.783,train
FRA,France,Advanced Economies,1985,1995,1.718,1.8165,1.9509,1.9346,10.2545,8.265,8.141,6.858952217453505,8.039,7.41244517480497,22876.62526686226,62.754,train
FRA,France,Advanced Economies,1990,2000,1.8757,1.7822,1.8165,1.9509,8.928,9.001,9.55,7.901669195751139,8.782,8.416685130787522,27157.391539419543,62.754,train
FRA,France,Advanced Economies,1995,2005,1.9159,1.718,1.7822,1.8165,6.2165,10.285,10.301,8.932965974663395,9.954,9.382949035164392,28188.949074891574,62.775,train
FRA,France,Advanced Economies,2000,2010,2.0173,1.8757,1.718,1.7822,5.5702,10.876,11.292,9.91853579468708,10.658,10.2675385518591,35082.444484793494,62.65,gap
FRA,France,Advanced Economies,2005,2015,1.9266,1.9159,1.8757,1.718,4.472,10.633,12.392,10.813226547343387,10.402,11.083961814145258,36651.40514728063,62.408,test
FRA,France,Advanced Economies,2010,2020,1.7852,2.0173,1.9159,1.8757,4.2643,11.071,12.691,11.340437819732035,10.786,11.519855360671936,40244.18812620662,62.192,test
GRC,Greece,Advanced Economies,1955,1965,2.3345,2.4202,2.5743,,51.8982,6.3180000000000005,5.843,4.431850692662904,7.164,6.434406722689075,4273.52121127721,64.14500000000001,train
GRC,Greece,Advanced Economies,1960,1970,2.4352,2.2936,2.4202,2.5743,45.8753,8.664,7.495000000000001,6.244915206063478,9.435,8.505832823649337,5311.823728995225,65.289,train
GRC,Greece,Advanced Economies,1965,1975,2.4189,2.3345,2.2936,2.4202,39.3548,7.323999999999999,6.753999999999999,5.651063858093126,7.845999999999999,7.2089404296875,7824.810249201325,65.624,train
GRC,Greece,Advanced Economies,1970,1980,2.2967,2.4352,2.3345,2.2936,31.6215,7.675,7.183000000000001,5.705965838509316,8.61,7.1947838228213765,11276.393526122198,66.077,train
GRC,Greece,Advanced Economies,1975,1985,1.7436,2.4189,2.4352,2.3345,25.4581,7.906,7.566,6.005859869848156,9.004,7.515632566870015,13380.00387033182,66.426,train
GRC,Greece,Advanced Economies,1980,1990,1.4663,2.2967,2.4189,2.4352,19.5692,9.107,7.916999999999999,6.3463504901960786,9.149,7.900132321041215,15189.074438750507,67.33,train
GRC,Greece,Advanced Economies,1985,1995,1.3853,1.7436,2.2967,2.4189,14.4503,10.138,9.428,7.183076082715567,10.155,8.517533689400164,15041.205125720313,67.098,train
GRC,Greece,Advanced Economies,1990,2000,1.3309,1.4663,1.7436,2.2967,10.7312,11.861,10.672,8.120701386287,11.656,9.150051459293396,17732.495720219613,66.878,train
GRC,Greece,Advanced Economies,1995,2005,1.3575,1.3853,1.4663,1.7436,8.3979,11.095,11.254,8.725282096377066,10.738,9.576444964028777,20784.289076556026,66.8,train
GRC,Greece,Advanced Economies,2000,2010,1.4848,1.3309,1.3853,1.4663,6.3511,10.561,11.688,9.494467453625633,10.156,10.056352436513384,25372.491879700825,67.128,gap
GRC,Greece,Advanced Economies,2005,2015,1.328,1.3575,1.3309,1.3853,4.7327,11.054,12.866,10.851588562091505,10.609,11.100933268229168,30138.4397713953,67.202,test
GRC,Greece,Advanced Economies,2010,2020,1.386,1.4848,1.3575,1.3309,4.113,10.918,13.228,11.476426229508197,10.572,11.47028912302448,31936.891471491934,67.382,test
HUN,Hungary,Europe and Central Asia,1955,1965,1.8202,2.8166,2.6148,,65.2244,7.789,7.722999999999999,6.9540628074158155,7.908999999999999,7.512676097972973,,62.887,train
HUN,Hungary,Europe and Central Asia,1960,1970,1.9797,2.0214,2.8166,2.6148,53.0113,8.058,7.796000000000001,7.13782767624021,8.044,7.657066447908122,,63.277,train
HUN,Hungary,Europe and Central Asia,1965,1975,2.3633,1.8202,2.0214,2.8166,44.0558,8.449,7.945,7.316564913571165,8.279,7.850278159063383,,63.572,train
HUN,Hungary,Europe and Central Asia,1970,1980,1.9199,1.9797,1.8202,2.0214,39.3089,9.086,8.7,7.801273457466228,8.79,8.314143873517786,6053.12224613295,63.858,train
HUN,Hungary,Europe and Central Asia,1975,1985,1.8474,2.3633,1.9797,1.8202,35.4776,9.671,9.394,8.281051393412957,9.914,8.83338985675571,7202.566780867464,64.16499999999999,train
HUN,Hungary,Europe and Central Asia,1980,1990,1.8571,1.9199,2.3633,1.9797,24.4252,10.02,10.229,8.850689911504425,10.309,9.55147635135135,11535.226513410562,64.769,train
HUN,Hungary,Europe and Central Asia,1985,1995,1.568,1.8474,1.9199,2.3633,22.9644,9.792,10.422,8.80425833047063,9.941,9.588573824279987,11755.982456006694,64.602,train
HUN,Hungary,Europe and Central Asia,1990,2000,1.3196,1.8571,1.8474,1.9199,17.004,9.469,10.738,9.1153543758967,9.436,9.878271581359817,13833.143175714073,64.38,train
HUN,Hungary,Europe and Central Asia,1995,2005,1.3123,1.568,1.8571,1.8474,12.3522,10.698999999999998,11.395,10.559664257318396,10.591999999999999,11.017558121632025,14549.968261144568,63.9,train
HUN,Hungary,Europe and Central Asia,2000,2010,1.257,1.3196,1.568,1.8571,10.9429,11.145,12.121,11.611889361702127,11.016,11.813455022488755,16567.899041114106,63.436,gap
HUN,Hungary,Europe and Central Asia,2005,2015,1.4464,1.3123,1.3196,1.568,7.592,11.553,12.397,11.963571133310369,11.283,12.03594466403162,20818.719854684798,63.005,test
HUN,Hungary,Europe and Central Asia,2010,2020,1.5755,1.257,1.3123,1.3196,5.9885,10.222,12.999,12.414964248524818,10.018,12.363071402942234,25093.412832401733,62.716,test
ISL,Iceland,Advanced Economies,1955,1965,3.72,4.0356,3.8539,,26.528,6.591,6.313,5.658029411764706,6.626,5.8855,11695.627989761715,47.927,train
ISL,Iceland,Advanced Economies,1960,1970,2.8155,4.2589,4.0356,3.8539,18.1827,7.188000000000001,6.739,5.90272972972973,7.039,6.104921052631579,11993.063517159284,51.07,train
ISL,Iceland,Advanced Economies,1965,1975,2.6401,3.72,4.2589,4.0356,20.5523,7.451,6.923000000000001,6.097131578947368,7.52,6.4261,17504.737361444957,53.791,train
ISL,Iceland,Advanced Economies,1970,1980,2.4781,2.8155,3.72,4.2589,15.6673,8.334,7.663999999999999,6.478857142857142,8.175,6.907692307692309,17841.633163941355,55.802,train
ISL,Iceland,Advanced Economies,1975,1985,1.9416,2.6401,2.8155,3.72,17.2345,8.636,8.477,7.063568181818183,8.373,7.397260869565218,23733.4288445224,57.593,train
ISL,Iceland,Advanced Economies,1980,1990,2.3022,2.4781,2.6401,2.8155,9.8944,8.977,9.465,7.7370833333333335,8.666,7.953274509803922,29898.117093104636,61.077,train
ISL,Iceland,Advanced Economies,1985,1995,2.0826,1.9416,2.4781,2.6401,7.8741,9.299,9.972,8.358351851851852,9.143,8.4978,30109.816733422813,62.31,train
ISL,Iceland,Advanced Economies,1990,2000,2.0713,2.3022,1.9416,2.4781,7.1053,9.897,10.273,9.02150847457627,9.546,8.90984126984127,33367.89500937097,63.605,train
ISL,Iceland,Advanced Economies,1995,2005,2.0456,2.0826,2.3022,1.9416,9.265,10.394,11.237,9.819421875,9.729,9.510530303030302,32781.18332654533,63.496,train
ISL,Iceland,Advanced Economies,2000,2010,2.1916,2.0713,2.0826,2.3022,4.2325,8.584,11.172,10.12014492753623,8.419,9.86205633802817,41555.36613319486,67.51599999999999,gap
ISL,Iceland,Advanced Economies,2005,2015,1.8085,2.0456,2.0713,2.0826,3.4319,7.9639999999999995,11.828,10.974653333333332,7.092,10.513076923076923,48376.864724904146,70.424,test
ISL,Iceland,Advanced Economies,2010,2020,1.7179,2.1916,2.0456,2.0713,3.4217,7.918,9.713,10.792025316455696,7.7410000000000005,9.91519512195122,43199.73577376158,73.736,test
IRL,Ireland,Advanced Economies,1955,1965,4.0404,3.3665,3.4973,,42.4467,7.49,7.55,6.699377675840979,6.974,6.401125948406676,6368.176376784906,53.225,train
IRL,Ireland,Advanced Economies,1960,1970,3.8496,3.7554,3.3665,3.4973,33.7214,7.582,8.028,7.014186795491144,7.178,6.6900676328502415,7065.146144418939,51.716,train
IRL,Ireland,Advanced Economies,1965,1975,3.3716,4.0404,3.7554,3.3665,28.3138,8.122,8.501,7.3700431177446095,7.665000000000001,7.06771475409836,8362.628087512712,51.418,train
IRL,Ireland,Advanced Economies,1970,1980,3.2051,3.8496,4.0404,3.7554,22.7623,9.997,8.692,7.470558101472996,9.408,7.374897271268058,10255.850865899401,51.634,train
IRL,Ireland,Advanced Economies,1975,1985,2.4921,3.3716,3.8496,4.0404,20.3486,10.817,9.525,8.136970633693972,10.202,8.03247779479326,11548.322788950956,52.961,train
IRL,Ireland,Advanced Economies,1980,1990,2.1103,3.2051,3.3716,3.8496,13.7679,11.799,10.561,8.946332369942196,11.27,8.888808988764046,14385.58966658158,53.269,train
IRL,Ireland,Advanced Economies,1985,1995,1.8434,2.4921,3.2051,3.3716,10.5355,12.012,11.771,9.822670715249663,11.7,9.693794973544973,14933.942302844876,53.317,train
IRL,Ireland,Advanced Economies,1990,2000,1.8927,2.1103,2.4921,3.2051,9.79,11.39,12.402,10.516109961190168,11.073,10.313612531969309,19626.917874695413,53.251,train
IRL,Ireland,Advanced Economies,1995,2005,1.8654,1.8434,2.1103,2.4921,7.535,10.558,12.98,11.15504245283019,9.656,10.960017793594306,25647.196442500473,53.325,train
IRL,Ireland,Advanced Economies,2000,2010,2.0559,1.8927,1.8434,2.1103,7.0569,10.312,12.632,11.54437803590285,9.504,11.316957627118645,39699.37178554219,53.561,gap
IRL,Ireland,Advanced Economies,2005,2015,1.8609,1.8654,1.8927,1.8434,4.7181,10.866,12.483,12.349180518319928,10.377,11.892597147950088,47210.59304220034,53.568,test
IRL,Ireland,Advanced Economies,2010,2020,1.6533,2.0559,1.8654,1.8927,4.3095,11.439,12.901999999999997,12.916843598055104,11.111,12.512993532740502,47629.482666022006,53.977,test
ITA,Italy,Advanced Economies,1955,1965,2.6171,2.3429,2.5233,,60.5892,4.934,4.778,4.1465495871081535,5.504,4.959777577164473,6143.8490344708935,71.213,train
ITA,Italy,Advanced Economies,1960,1970,2.3959,2.3843,2.3429,2.5233,51.8009,5.577,5.035,4.441476966853803,6.011,5.281462082994304,7816.457784407395,71.744,train
ITA,Italy,Advanced Economies,1965,1975,2.1774,2.6171,2.3843,2.3429,40.5369,6.2,5.494,4.728481423919479,6.643,5.543756849049283,9683.232866378832,72.463,train
ITA,Italy,Advanced Economies,1970,1980,1.6466,2.3959,2.6171,2.3843,33.0287,7.013,6.160000000000001,5.07343868474774,7.314,5.911650287026407,13746.184553742058,73.157,train
ITA,Italy,Advanced Economies,1975,1985,1.4155,2.1774,2.3959,2.6171,22.9491,7.696,6.986000000000001,5.623352229027205,8.07,6.479091214200477,15859.452111021452,73.721,train
ITA,Italy,Advanced Economies,1980,1990,1.3314,1.6466,2.1774,2.3959,16.4313,8.671,7.4,6.174269501054111,8.511,7.0966405939866215,21916.102792953297,74.209,train
ITA,Italy,Advanced Economies,1985,1995,1.1885,1.4155,1.6466,2.1774,11.7115,8.976,8.975,6.819859608900877,8.711,7.679577272407237,21491.815201893947,74.417,train
ITA,Italy,Advanced Economies,1990,2000,1.2491,1.3314,1.4155,1.6466,9.2817,9.555,10.021,7.689788737914816,9.067,8.380924212928777,27360.732065405144,74.514,train
ITA,Italy,Advanced Economies,1995,2005,1.3325,1.1885,1.3314,1.4155,7.3389,10.166,10.665,8.56106318193352,9.706,9.063130499578826,30872.527792504647,74.711,train
ITA,Italy,Advanced Economies,2000,2010,1.443,1.2491,1.1885,1.3314,5.3112,10.399,11.412,9.490200813358802,9.965,9.772659034190168,36713.80600336082,74.828,gap
ITA,Italy,Advanced Economies,2005,2015,1.3445,1.3325,1.2491,1.1885,4.2077,10.395,11.962,10.08668583553724,10.046,10.29948951568009,36167.380149884324,75.373,test
ITA,Italy,Advanced Economies,2010,2020,1.2418,1.443,1.3325,1.2491,3.7481,10.461,12.445999999999998,10.802539363484087,10.134,10.762129797540679,39378.19186504952,76.176,test
LUX,Luxembourg,Advanced Economies,1955,1965,2.3973,2.1647,1.9602,,47.766,6.333999999999999,6.695999999999999,3.6618941176470585,7.5729999999999995,4.489164705882353,16490.296623905295,55.711,train
LUX,Luxembourg,Advanced Economies,1960,1970,1.9729,2.2796,2.1647,1.9602,38.1996,6.02,7.113999999999999,4.450747126436782,6.845999999999999,5.449541176470588,20780.012009000104,56.126,train
LUX,Luxembourg,Advanced Economies,1965,1975,1.5613,2.3973,2.2796,2.1647,27.7414,6.392,7.872,5.460505747126437,7.324,6.587000000000001,21396.138843056437,57.022,train
LUX,Luxembourg,Advanced Economies,1970,1980,1.4961,1.9729,2.3973,2.2796,27.9017,7.57,8.426,6.392022471910113,8.166,7.888651162790698,27708.323596497172,57.524,train
LUX,Luxembourg,Advanced Economies,1975,1985,1.3863,1.5613,1.9729,2.3973,16.5948,7.854,8.865,7.5266111111111105,8.299,8.970408602150536,28573.999206000008,58.203,train
LUX,Luxembourg,Advanced Economies,1980,1990,1.6023,1.4961,1.5613,1.9729,14.4368,8.226,9.277,7.952393617021277,8.208,9.370904255319148,33217.034197837864,58.818,train
LUX,Luxembourg,Advanced Economies,1985,1995,1.7053,1.3863,1.4961,1.5613,13.4438,8.206,9.585,8.371257425742575,8.147,9.688367346938776,32524.758442893395,58.481,train
LUX,Luxembourg,Advanced Economies,1990,2000,1.761,1.6023,1.3863,1.4961,10.3954,8.972,9.719,8.820490566037735,8.759,9.84737037037037,45944.41477798062,58.257,train
LUX,Luxembourg,Advanced Economies,1995,2005,1.6308,1.7053,1.6023,1.3863,8.8977,8.799,10.251,9.353936363636363,8.628,10.194504424778762,54925.43585492063,59.148,train
LUX,Luxembourg,Advanced Economies,2000,2010,1.6217,1.761,1.7053,1.6023,7.4109,8.949,10.742,9.819024793388431,8.644,10.496818181818181,73800.08725719612,58.847,gap
LUX,Luxembourg,Advanced Economies,2005,2015,1.4645,1.6308,1.761,1.7053,4.3191,9.831,11.328,10.402916030534351,10.181,11.008419847328245,81520.5576514387,60.066,test
LUX,Luxembourg,Advanced Economies,2010,2020,1.3612,1.6217,1.6308,1.761,4.6047,9.568,12.877,11.305842857142856,9.6,12.059755395683453,93430.00205261387,61.589,test
MLT,Malta,Middle East and North Africa,1955,1965,2.4373,4.0143,4.2261,,56.3156,4.237,3.5879999999999996,3.0611451612903227,5.138,4.0943,1717.549509381518,90.95,train
MLT,Malta,Middle East and North Africa,1960,1970,2.0718,3.6258,4.0143,4.2261,37.9655,4.848,4.31,3.6345441176470588,5.874,4.764186440677966,2307.696412138621,91.334,train
MLT,Malta,Middle East and North Africa,1965,1975,2.1515,2.4373,3.6258,4.0143,35.3687,5.032,5.288,4.360690140845071,6.255,5.602653846153847,2535.7161041486097,91.142,train
MLT,Malta,Middle East and North Africa,1970,1980,1.9932,2.0718,2.4373,3.6258,26.9515,6.551,5.74,5.015714285714286,7.511,6.286803278688525,3923.906391360808,90.939,train
MLT,Malta,Middle East and North Africa,1975,1985,1.9479,2.1515,2.0718,2.4373,19.4517,8.302,6.207,5.569168831168832,9.078,6.835260869565217,6686.76418210767,91.076,train
MLT,Malta,Middle East and North Africa,1980,1990,2.0413,1.9932,2.1515,2.0718,16.3086,9.28,7.328,6.139746987951807,10.211,7.330631578947368,10643.176717568334,92.06,train
MLT,Malta,Middle East and North Africa,1985,1995,1.7915,1.9479,1.9932,2.1515,13.4966,10.86,9.042,7.009043956043956,11.211,8.26456976744186,11192.355313628159,91.67699999999999,train
MLT,Malta,Middle East and North Africa,1990,2000,1.6715,2.0413,1.9479,1.9932,10.7371,11.612,10.725,7.948094736842105,11.724,9.129532608695653,14790.949021881,92.519,train
MLT,Malta,Middle East and North Africa,1995,2005,1.3771,1.7915,2.0413,1.9479,11.9,12.630000000000003,12.577999999999998,8.95976530612245,12.297,9.778979591836734,18124.557549529578,93.639,train
MLT,Malta,Middle East and North Africa,2000,2010,1.375,1.6715,1.7915,2.0413,6.9708,11.94,12.38,9.615264705882353,11.96,10.377971153846154,24658.820229045206,94.089,gap
MLT,Malta,Middle East and North Africa,2005,2015,1.376,1.3771,1.6715,1.7915,7.149,11.274,12.290000000000001,10.089691588785046,11.012,10.815209090909091,26535.749167342143,94.074,test
MLT,Malta,Middle East and North Africa,2010,2020,1.1315,1.375,1.3771,1.6715,6.7931,11.796,12.886,10.733830357142855,11.311,11.147342105263158,31195.04650916831,94.074,test
NLD,Netherlands,Advanced Economies,1955,1965,3.0304,3.0323,3.1042,,26.5293,6.018000000000001,6.281,6.143298792364628,6.067,6.375455099553028,10990.711087509184,77.718,train
NLD,Netherlands,Advanced Economies,1960,1970,2.5726,3.1179,3.0323,3.1042,22.0097,6.243000000000001,6.254,6.22768510954326,5.927,6.420534156696256,12502.422791317087,78.799,train
NLD,Netherlands,Advanced Economies,1965,1975,1.6657,3.0304,3.1179,3.0323,17.8788,8.096,7.386,7.018984308131241,8.224,7.474379373177842,15469.443496300973,79.863,train
NLD,Netherlands,Advanced Economies,1970,1980,1.5959,2.5726,3.0304,3.1179,15.6803,9.013,8.896,7.995740538697579,8.823,8.638170198222829,19443.786209491922,80.755,train
NLD,Netherlands,Advanced Economies,1975,1985,1.5092,1.6657,2.5726,3.0304,13.0308,9.756,9.765,8.671031298904538,9.86,9.51867202970297,23181.950526375564,81.422,train
NLD,Netherlands,Advanced Economies,1980,1990,1.614,1.5959,1.6657,2.5726,10.8079,10.098,10.534,9.322566423357664,10.159,10.232233333333333,25865.7595214729,81.635,train
NLD,Netherlands,Advanced Economies,1985,1995,1.5339,1.5092,1.5959,1.6657,9.7506,10.017,11.084,9.878318812959435,9.897,10.734702803738317,24622.711658281285,81.77199999999999,train
NLD,Netherlands,Advanced Economies,1990,2000,1.7211,1.614,1.5092,1.5959,8.8562,10.295,11.43,10.347733774497327,9.959,11.09833903345725,28537.217863441176,81.92699999999999,train
NLD,Netherlands,Advanced Economies,1995,2005,1.7055,1.5339,1.614,1.5092,6.6804,10.456,11.66,10.706592760180996,10.173,11.329100599907706,32000.102179675767,82.834,train
NLD,Netherlands,Advanced Economies,2000,2010,1.7871,1.7211,1.5339,1.614,6.2615,10.124,12.041,11.168124744376279,9.789,11.589253080985916,43442.26157571416,83.492,gap
NLD,Netherlands,Advanced Economies,2005,2015,1.6567,1.7055,1.7211,1.5339,5.8031,10.094,12.097,11.172529621380846,9.755,11.637695342820182,44662.155916134005,83.685,test
NLD,Netherlands,Advanced Economies,2010,2020,1.5449,1.7871,1.7055,1.7211,4.5064,10.516,12.906,11.860104635761589,10.178,12.146082191780822,49513.388455987646,83.72200000000001,test
NOR,Norway,Advanced Economies,1955,1965,2.9246,2.7584,2.5228,,25.7921,7.344000000000001,7.531,7.388765033407572,6.860000000000001,7.6874390519187354,11104.459716573163,51.423,train
NOR,Norway,Advanced Economies,1960,1970,2.5121,2.8468,2.7584,2.5228,23.0552,7.461,7.546,7.358734671125975,7.537,7.72340607424072,12208.546496983794,52.453,train
NOR,Norway,Advanced Economies,1965,1975,1.9861,2.9246,2.8468,2.7584,20.0487,8.095,8.112,7.680846927374302,7.93,8.233615990990991,15042.7630470493,53.33,train
NOR,Norway,Advanced Economies,1970,1980,1.7224,2.5121,2.9246,2.8468,15.537,8.472,8.806,8.098296132596685,8.529,8.85381808158765,18020.44553618881,54.219,train
NOR,Norway,Advanced Economies,1975,1985,1.6747,1.9861,2.5121,2.9246,13.3054,9.076,9.071,8.320489904357068,9.051,9.047947534102832,21244.658536822695,54.902,train
NOR,Norway,Advanced Economies,1980,1990,1.9317,1.7224,1.9861,2.5121,9.7413,9.714,9.908,8.873570247933884,9.556,9.570159229208924,26390.14370082691,54.939,train
NOR,Norway,Advanced Economies,1985,1995,1.8734,1.6747,1.7224,1.9861,10.4212,9.869,11.448,10.001867735470942,9.779,10.536728697355533,28748.757706583387,55.458,train
NOR,Norway,Advanced Economies,1990,2000,1.8539,1.9317,1.6747,1.7224,8.5422,9.361,12.438,11.073129970902038,9.315,11.414222431668238,28445.726946743627,55.931,train
NOR,Norway,Advanced Economies,1995,2005,1.8355,1.8734,1.9317,1.6747,5.1024,10.406,12.197,11.478183729433272,10.278,11.663087455830388,32578.605969322154,57.644,train
NOR,Norway,Advanced Economies,2000,2010,1.9409,1.8539,1.8734,1.9317,4.8152,10.016,12.362000000000002,11.931542416452443,9.744,11.955781742738589,46526.81560539517,59.223,gap
NOR,Norway,Advanced Economies,2005,2015,1.7284,1.8355,1.8539,1.8734,3.9044,10.185,12.318,12.465917491749174,9.931,12.214514423076922,54200.397194607336,60.829,test
NOR,Norway,Advanced Economies,2010,2020,1.4818,1.9409,1.8355,1.8539,3.2647,10.517,11.314,12.177997570850204,10.231,11.757071090047393,62834.71466131574,62.467,test
POL,Poland,Europe and Central Asia,1955,1965,2.537,3.5548,3.6543,,91.3251,6.349,6.168,5.198139184397164,6.722,5.930199965934253,,51.557,train
POL,Poland,Europe and Central Asia,1960,1970,2.2538,3.0044,3.5548,3.6543,66.8258,7.433,6.438,5.511396773311457,7.15,6.247435917114351,,53.884,train
POL,Poland,Europe and Central Asia,1965,1975,2.282,2.537,3.0044,3.5548,46.7267,7.852,7.52,6.297169926175366,7.543999999999999,7.068069734209774,,55.342,train
POL,Poland,Europe and Central Asia,1970,1980,2.2775,2.2538,2.537,3.0044,39.8042,8.368,8.588,6.962470626210458,8.131,7.796321609454136,5776.338133207563,56.282,train
POL,Poland,Europe and Central Asia,1975,1985,2.3229,2.282,2.2538,2.537,31.6563,8.646,9.294,7.650358895705522,8.581,8.396052347757465,7360.123804691358,57.213,train
POL,Poland,Europe and Central Asia,1980,1990,2.0649,2.2775,2.282,2.2538,28.1955,8.863,9.126,7.944253253366527,8.571,8.387710100047643,6770.197014776707,58.197,train
POL,Poland,Europe and Central Asia,1985,1995,1.6337,2.3229,2.2775,2.282,24.0124,9.529,9.278,8.349133340229647,9.257,8.6357748787062,7937.505066129655,58.729,train
POL,Poland,Europe and Central Asia,1990,2000,1.3656,2.0649,2.3229,2.2775,21.2867,9.793,10.9,9.536840275666362,9.685,9.973090727711856,8831.748431837532,59.308,train
POL,Poland,Europe and Central Asia,1995,2005,1.2441,1.6337,2.0649,2.3229,15.1115,10.334,11.789,10.231387687019815,10.112,10.481837663015128,11443.717306109489,59.889,train
POL,Poland,Europe and Central Asia,2000,2010,1.4065,1.3656,1.6337,2.0649,9.3958,10.112,12.382,10.965801657785672,9.836,11.017812480943185,14619.489993605002,59.97,gap
POL,Poland,Europe and Central Asia,2005,2015,1.3234,1.2441,1.3656,1.6337,7.3815,11.370000000000001,12.622,11.468497456669178,10.896,11.400288070209278,16837.66800597014,59.829,test
POL,Poland,Europe and Central Asia,2010,2020,1.384,1.4065,1.2441,1.3656,5.7404,10.429,13.395,12.061343791544802,10.093,11.831819719583898,23585.653607047745,59.772,test
PRT,Portugal,Advanced Economies,1955,1965,3.1593,3.133,3.1581,,129.5033,2.599,2.135,1.6791719047619045,3.1900000000000004,2.19050880939669,3800.559905041707,63.158,train
PRT,Portugal,Advanced Economies,1960,1970,3.0075,3.1601,3.133,3.1581,106.2927,3.174,2.269,1.829970142397795,3.854,2.360179526748971,4544.480722811044,63.78,train
PRT,Portugal,Advanced Economies,1965,1975,2.7501,3.1593,3.1601,3.133,82.407,2.76,2.555,1.9845325842696628,3.9709999999999996,2.85479177377892,5969.491539107882,63.829,train
PRT,Portugal,Advanced Economies,1970,1980,2.2451,3.0075,3.1593,3.1601,73.8396,4.266,2.749,2.1261664322550398,4.483,3.4620392048591935,8473.724337790447,63.215,train
PRT,Portugal,Advanced Economies,1975,1985,1.7294,2.7501,3.0075,3.1593,47.1523,6.857999999999999,3.982,2.7727648106904232,6.911,3.950947312400213,9665.035956043894,64.336,train
PRT,Portugal,Advanced Economies,1980,1990,1.5554,2.2451,2.7501,3.0075,29.5033,8.35,6.357,3.86903007518797,8.191,4.945846080305928,11110.75722872118,66.134,train
PRT,Portugal,Advanced Economies,1985,1995,1.4115,1.7294,2.2451,2.7501,20.8535,8.487,8.198,4.8218588093322605,8.416,5.702636842105263,10562.457694156943,66.85499999999999,train
PRT,Portugal,Advanced Economies,1990,2000,1.5378,1.5554,1.7294,2.2451,13.7496,8.615,9.119,5.85787978353305,8.256,6.525146433041302,15920.095574553903,67.257,train
PRT,Portugal,Advanced Economies,1995,2005,1.408,1.4115,1.5554,1.7294,9.4634,9.732,9.214,6.715725225225225,8.839,7.157289727126806,19590.170889352987,67.92099999999999,train
PRT,Portugal,Advanced Economies,2000,2010,1.3815,1.5378,1.4115,1.5554,7.4663,11.098,9.644,7.678506814921092,10.369,7.870982569154983,25208.71416422391,68.699,gap
PRT,Portugal,Advanced Economies,2005,2015,1.3016,1.408,1.5378,1.4115,4.3845,9.68,9.943,7.923797269624573,8.897,7.8114170515097685,27149.457415167442,69.378,test
PRT,Portugal,Advanced Economies,2010,2020,1.4055,1.3815,1.408,1.5378,3.2763,9.902,10.986000000000002,8.750278384640847,9.47,8.284600407747195,30507.450860499255,70.01599999999999,test
ESP,Spain,Advanced Economies,1955,1965,2.9258,2.5072,2.4698,,71.3404,4.825,4.245,3.2277074360016256,5.462,4.133425657700267,5131.954021264974,67.74000000000001,train
ESP,Spain,Advanced Economies,1960,1970,2.8841,2.8077,2.5072,2.4698,53.0578,5.525,4.558,3.5215917243146295,6.262,4.461221709329976,6251.700803901247,68.777,train
ESP,Spain,Advanced Economies,1965,1975,2.7734,2.9258,2.8077,2.5072,41.6661,5.361,5.029,3.9106297117516626,6.039,4.912720933369301,8901.162352057945,69.996,train
ESP,Spain,Advanced Economies,1970,1980,2.2121,2.8841,2.9258,2.8077,31.7858,6.758,5.564,4.274341931540342,7.360999999999999,5.3049343579057044,11813.735730659555,71.144,train
ESP,Spain,Advanced Economies,1975,1985,1.6374,2.7734,2.8841,2.9258,21.5439,7.945000000000001,6.176,4.9757970997544145,8.691,6.012957623959239,14255.923256279146,72.333,train
ESP,Spain,Advanced Economies,1980,1990,1.3576,2.2121,2.7734,2.8841,14.4816,10.308,6.749,5.662099405362953,10.392,6.700780587275694,15982.881846653883,73.316,train
ESP,Spain,Advanced Economies,1985,1995,1.1534,1.6374,2.2121,2.7734,10.7101,9.047,8.518,6.17903392188336,8.923,7.093410582939949,13555.340420876033,73.715,train
ESP,Spain,Advanced Economies,1990,2000,1.2102,1.3576,1.6374,2.2121,9.394,8.519,9.617,6.866225512988982,8.108,7.624844039530575,18955.641250149067,74.083,train
ESP,Spain,Advanced Economies,1995,2005,1.3294,1.1534,1.3576,1.6374,6.7455,9.791,10.2,8.218838151954662,9.033,8.77688073038073,22277.963984042293,74.758,train
ESP,Spain,Advanced Economies,2000,2010,1.3662,1.2102,1.1534,1.3576,5.397,9.605,11.129,9.657520145190563,8.811,9.897536951186256,28637.54243320119,75.596,gap
ESP,Spain,Advanced Economies,2005,2015,1.3295,1.3294,1.2102,1.1534,4.5517,10.146,12.001,10.80710626680792,9.431,10.833440850650925,32768.6815795944,76.125,test
ESP,Spain,Advanced Economies,2010,2020,1.1864,1.3662,1.3294,1.2102,3.8328,10.528,12.015,10.904063950287107,9.843,10.789854098615647,35383.815478953526,77.135,test
SWE,Sweden,Advanced Economies,1955,1965,2.4012,2.2481,2.2865,,21.5895,7.684,7.695,6.872443585780526,8.708,7.2730020779220785,12581.365726014998,60.684,train
SWE,Sweden,Advanced Economies,1960,1970,1.9208,2.1697,2.2481,2.2865,19.8007,8.898,8.13,7.187027820710974,8.618,7.617505415162455,14606.947242853515,61.28,train
SWE,Sweden,Advanced Economies,1965,1975,1.7667,2.4012,2.1697,2.2481,15.7322,9.635,8.92,7.586521761392729,8.525,8.063976044852192,18013.91763744006,61.783,train
SWE,Sweden,Advanced Economies,1970,1980,1.6719,1.9208,2.4012,2.1697,13.3819,10.038,9.628,8.010966152314586,9.825,8.534431506849316,21351.561114976244,62.525,train
SWE,Sweden,Advanced Economies,1975,1985,1.7343,1.7667,1.9208,2.4012,10.0505,10.399,10.844,9.158194174757282,10.379,9.670572177227251,23642.577958215712,62.762,train
SWE,Sweden,Advanced Economies,1980,1990,2.1213,1.6719,1.7667,1.9208,8.3301,10.281,11.889,10.095820451272203,10.319,10.515602358490566,23642.65339804611,62.359,train
SWE,Sweden,Advanced Economies,1985,1995,1.7304,1.7343,1.6719,1.7667,8.0449,10.581,11.825,10.648386266094422,10.284,10.766756211908111,25879.425749600487,62.456,train
SWE,Sweden,Advanced Economies,1990,2000,1.5418,2.1213,1.7343,1.6719,7.1948,10.464,12.173,11.27268817204301,10.38,11.132538110451849,30084.17957570246,62.79,train
SWE,Sweden,Advanced Economies,1995,2005,1.7721,1.7304,2.1213,1.7343,4.6797,10.725,12.122,11.760238351254479,10.441,11.471917283413147,31609.106827199248,64.005,train
SWE,Sweden,Advanced Economies,2000,2010,1.9732,1.5418,1.7304,2.1213,3.9462,11.033,12.382,12.120188041594455,10.661,11.716608074011775,39866.697620034145,64.93299999999999,gap
SWE,Sweden,Advanced Economies,2005,2015,1.8469,1.7721,1.5418,1.7304,3.267,10.414,12.808,12.491107021996616,10.102,11.953639026402639,40381.27890166456,65.545,test
SWE,Sweden,Advanced Economies,2010,2020,1.6705,1.9732,1.7721,1.5418,3.1478,10.341,12.783,12.666345810293492,10.135,12.112282509347736,46720.12391045613,66.661,test
CHE,Switzerland,Advanced Economies,1955,1965,2.5869,2.3089,2.3993,,32.1168,8.943,8.94,8.560110947832477,10.353,9.389401442307692,19302.313824550227,61.594,train
CHE,Switzerland,Advanced Economies,1960,1970,2.103,2.4407,2.3089,2.3993,26.221,9.223,8.97,8.68649212034384,9.778,9.467817365269461,22529.51776766973,63.087,train
CHE,Switzerland,Advanced Economies,1965,1975,1.6137,2.5869,2.4407,2.3089,21.4717,9.61,9.541,9.027304761904762,9.374,10.019578607322327,26638.505471761197,65.32,train
CHE,Switzerland,Advanced Economies,1970,1980,1.5469,2.103,2.5869,2.4407,18.447,9.375,10.394,9.552277061855671,9.451,10.571383035122597,31223.22271369885,66.584,train
CHE,Switzerland,Advanced Economies,1975,1985,1.513,1.6137,2.103,2.5869,13.2518,10.033,10.517,10.069500929944203,10.427,11.253688212927756,31347.149786374524,67.17699999999999,train
CHE,Switzerland,Advanced Economies,1980,1990,1.5775,1.5469,1.6137,2.103,11.015,11.157,10.509,10.646006119951041,11.545,12.019377275580666,34994.841225067765,66.818,train
CHE,Switzerland,Advanced Economies,1985,1995,1.4784,1.513,1.5469,1.6137,8.7376,9.599,10.699,10.192978173463528,10.315,11.590500874635568,36198.41618050342,67.49000000000001,train
CHE,Switzerland,Advanced Economies,1990,2000,1.4859,1.5775,1.513,1.5469,8.5166,9.043,10.814,10.089645370871684,9.361,11.66657594936709,42637.54650625866,68.71600000000001,train
CHE,Switzerland,Advanced Economies,1995,2005,1.4163,1.4784,1.5775,1.513,6.1512,8.161,10.839,10.102224948875255,8.255,11.657406297613,42152.81553010848,70.518,train
CHE,Switzerland,Advanced Economies,2000,2010,1.5166,1.4859,1.4784,1.5775,5.8182,7.08,10.82,10.10856571146245,6.937,11.488449698189134,48391.35593282026,71.291,gap
CHE,Switzerland,Advanced Economies,2005,2015,1.5366,1.4163,1.4859,1.4784,5.0058,9.011,11.155,10.706382066276802,8.902,11.7376277665996,49858.71534501469,72.247,test
CHE,Switzerland,Advanced Economies,2010,2020,1.4657,1.5166,1.4163,1.4859,4.3992,10.701,13.784,13.095627623230843,10.426,13.803561448240693,60617.810480011016,74.154,test
TUR,Turkey,Advanced Economies,1955,1965,6.2199,6.4632,6.468,,284.8314,1.055,0.996,0.7262248597324126,2.121,1.8384941677882458,4454.372595188561,55.462,train
TUR,Turkey,Advanced Economies,1960,1970,5.775,6.3831,6.4632,6.468,254.5549,1.558,1.075,0.9002236992024306,3.271,2.15367483171279,5051.111940364787,59.063,train
TUR,Turkey,Advanced Economies,1965,1975,5.087,6.2199,6.3831,6.4632,217.9028,1.594,1.5,1.184263660017346,3.417,2.778924082880435,5639.460002163455,62.212,train
TUR,Turkey,Advanced Economies,1970,1980,4.4532,5.775,6.2199,6.3831,186.8282,2.059,1.9019999999999997,1.3354191776522284,4.462,3.0179606819228995,7161.892363562732,65.12,train
TUR,Turkey,Advanced Economies,1975,1985,3.7786,5.087,5.775,6.2199,158.0535,3.269,2.332,1.5725774129634869,4.87,3.4387940490881665,8836.341121368503,67.729,train
TUR,Turkey,Advanced Economies,1980,1990,3.1075,4.4532,5.087,5.775,127.2275,3.981,3.082,2.0440134721371708,5.56,4.354492077035593,8204.808883014772,69.154,train
TUR,Turkey,Advanced Economies,1985,1995,2.8354,3.7786,4.4532,5.087,98.1834,5.053,4.519,3.0818635986733,6.447,5.549354720439964,9579.118018773868,70.82,train
TUR,Turkey,Advanced Economies,1990,2000,2.4867,3.1075,3.7786,4.4532,73.8031,5.254,4.935,3.5960407407407406,6.674,6.051043708264678,11243.518618457558,72.211,train
TUR,Turkey,Advanced Economies,1995,2005,2.1972,2.8354,3.1075,3.7786,53.5503,6.173,5.478,4.054767585039249,7.693,6.644329185520363,11551.850782341813,74.509,train
TUR,Turkey,Advanced Economies,2000,2010,2.0802,2.4867,2.8354,3.1075,37.5129,6.848,5.959,4.755556379425518,7.964,7.029101757146604,12665.494234568605,76.595,gap
TUR,Turkey,Advanced Economies,2005,2015,2.1571,2.1972,2.4867,2.8354,25.7714,7.366,6.714,5.426228539445002,8.395,7.450721889745655,13941.067024130976,78.444,test
TUR,Turkey,Advanced Economies,2010,2020,1.7681,2.0802,2.1972,2.4867,18.0436,8.338,7.636000000000001,6.228273017701896,8.862,7.8063278327269,19386.226549348357,80.354,test
GBR,United Kingdom,Advanced Economies,1955,1965,2.8667,2.2794,2.224,,29.776,8.248,6.999,6.520032129387873,8.105,6.237864873245988,11507.447574610767,84.242,train
GBR,United Kingdom,Advanced Economies,1960,1970,2.4213,2.7036,2.2794,2.224,26.5272,8.731,7.307,6.701783397711537,8.572,6.455233811285847,12861.092669631382,84.411,train
GBR,United Kingdom,Advanced Economies,1965,1975,1.8068,2.8667,2.7036,2.2794,22.923,9.411,8.03,7.195277582159624,9.332,7.106859044162129,14618.825886025006,84.732,train
GBR,United Kingdom,Advanced Economies,1970,1980,1.888,2.4213,2.8667,2.7036,21.3911,8.884,8.949,7.761613108614233,8.923,7.839566111580078,16302.417361037473,84.909,train
GBR,United Kingdom,Advanced Economies,1975,1985,1.7882,1.8068,2.4213,2.8667,18.0734,8.829,9.172,8.109784747392558,8.841,8.402414461815995,16686.06427269905,84.881,train
GBR,United Kingdom,Advanced Economies,1980,1990,1.8289,1.888,1.8068,2.4213,14.387,9.327,9.139,8.407769469255186,8.249,8.462067626006561,21379.718444877974,84.691,train
GBR,United Kingdom,Advanced Economies,1985,1995,1.7094,1.7882,1.888,1.8068,11.21,9.577,9.338,8.800374575904137,8.858,8.413655300546449,22256.07470601967,84.645,train
GBR,United Kingdom,Advanced Economies,1990,2000,1.641,1.8289,1.7882,1.888,9.5338,9.6,9.76,9.214175037430243,9.701,9.151486511170438,25198.653994579203,84.727,train
GBR,United Kingdom,Advanced Economies,1995,2005,1.7611,1.7094,1.8289,1.7882,7.2104,10.073000000000002,10.063,9.573932776944645,9.874,9.630977395411607,28092.93480115541,84.874,train
GBR,United Kingdom,Advanced Economies,2000,2010,1.9178,1.641,1.7094,1.8289,6.4438,10.254,11.066,9.949294932046234,9.797,9.976674947698745,35659.86933965301,84.965,gap
GBR,United Kingdom,Advanced Economies,2005,2015,1.8011,1.7611,1.641,1.7094,5.935,11.457,12.742,11.551520786516855,11.26,11.703247932294671,39307.607785130676,85.17,test
GBR,United Kingdom,Advanced Economies,2010,2020,1.5709,1.9178,1.7611,1.641,5.1286,12.041,13.483,12.466172731743299,11.851,12.718376177911798,40132.09825658471,85.429,test
AUS,Australia,Advanced Economies,1955,1965,2.9792,3.2726,3.0627,,27.8782,9.152,8.683,7.999171965965068,9.538,8.523788296041308,14557.063984391689,68.104,train
AUS,Australia,Advanced Economies,1960,1970,2.8596,3.4528,3.2726,3.0627,24.5346,9.465,9.053,8.273587888982338,9.78,8.795175551102204,15437.93921587361,70.105,train
AUS,Australia,Advanced Economies,1965,1975,2.2075,2.9792,3.4528,3.2726,22.3594,10.125,9.509,8.565015515903802,10.365999999999998,9.069871651785714,17488.758762428155,71.8,train
AUS,Australia,Advanced Economies,1970,1980,1.9007,2.8596,2.9792,3.4528,22.2027,10.951,10.107,9.144605598866052,11.224,10.326241016949153,21043.798621187125,73.41499999999999,train
AUS,Australia,Advanced Economies,1975,1985,1.8991,2.2075,2.8596,2.9792,16.8465,11.982,10.811,9.961324097938144,12.311,10.644223815461347,21509.036640343253,75.17699999999999,train
AUS,Australia,Advanced Economies,1980,1990,1.908,1.9007,2.2075,2.8596,12.7639,12.499,12.075,10.8275932792584,12.527,11.185882870107772,23928.98889563321,75.949,train
AUS,Australia,Advanced Economies,1985,1995,1.8248,1.8991,1.9007,2.2075,11.848,11.797,12.753,11.151787473794549,11.855,11.453958900590804,25858.919861209986,76.682,train
AUS,Australia,Advanced Economies,1990,2000,1.7645,1.908,1.8991,1.9007,9.4945,11.222,12.675,11.40401419446416,11.18,11.635198570110703,29007.104673261205,77.508,train
AUS,Australia,Advanced Economies,1995,2005,1.8495,1.8248,1.908,1.8991,7.0528,10.924,12.658999999999999,11.638805317324184,10.64,11.79314700151548,32768.08065147734,78.44200000000001,train
AUS,Australia,Advanced Economies,2000,2010,1.9483,1.7645,1.8248,1.908,6.1658,10.432,12.191,11.629539894138404,10.227,11.647398116609898,38390.94260458836,78.393,gap
AUS,Australia,Advanced Economies,2005,2015,1.8026,1.8495,1.7645,1.8248,6.02,11.015,12.16,11.973672086225797,10.682,11.885059790732438,43332.92324419904,79.018,test
AUS,Australia,Advanced Economies,2010,2020,1.5928,1.9483,1.8495,1.7645,4.8369,12.837000000000002,12.561000000000002,12.406090378006873,12.679000000000002,12.409552008419576,46863.678322759726,80.231,test
FJI,Fiji,East Asia and the Pacific,1955,1965,5.763,6.5682,6.5182,,101.2674,4.992,3.4320000000000004,2.816510204081633,5.604,4.312711538461539,,32.986999999999995,train
FJI,Fiji,East Asia and the Pacific,1960,1970,4.7077,6.3643,6.5682,6.5182,79.3469,5.241,3.953,3.2280892857142858,5.837,4.661515625,2920.091493223538,35.925,train
FJI,Fiji,East Asia and the Pacific,1965,1975,4.1036,5.763,6.3643,6.5682,64.2169,6.265000000000001,4.446,3.744197183098592,6.8,5.128932432432433,2854.5907606541077,39.174,train
FJI,Fiji,East Asia and the Pacific,1970,1980,4.0375,4.7077,5.763,6.3643,57.251,6.575,5.306,4.125270588235295,7.394,5.584471264367816,3662.3480931125882,41.842,train
FJI,Fiji,East Asia and the Pacific,1975,1985,3.6634,4.1036,4.7077,5.763,53.3727,7.9079999999999995,5.991,4.62508,8.249,6.009490196078431,5082.363269665911,43.649,train
FJI,Fiji,East Asia and the Pacific,1980,1990,3.3857,4.0375,4.1036,4.7077,44.8359,8.852,7.104,5.648605263157895,8.859,6.671318965517241,5884.872868919082,46.137,train
FJI,Fiji,East Asia and the Pacific,1985,1995,3.2513,3.6634,4.0375,4.1036,35.9708,9.503,8.314,6.564917293233083,9.225,7.465380597014926,5160.534101585825,47.81,train
FJI,Fiji,East Asia and the Pacific,1990,2000,2.9919,3.3857,3.6634,4.0375,29.074,10.7,9.785,8.260330985915493,10.512,8.920020134228189,6185.912956088478,49.991,train
FJI,Fiji,East Asia and the Pacific,1995,2005,2.9166,3.2513,3.3857,3.6634,24.7387,11.038,10.967,9.696232704402515,10.695,10.314850931677018,6387.056266523197,50.795,train
FJI,Fiji,East Asia and the Pacific,2000,2010,2.6963,2.9919,3.2513,3.3857,22.9903,10.458,10.97,9.639450867052023,9.964,10.08741379310345,6301.562479770495,51.927,gap
FJI,Fiji,East Asia and the Pacific,2005,2015,2.5672,2.9166,2.9919,3.2513,23.1195,10.358,10.797,9.514941489361703,9.905,9.68551794871795,6439.575223244714,52.929,test
FJI,Fiji,East Asia and the Pacific,2010,2020,2.3568,2.6963,2.9166,2.9919,22.235,11.683,11.047,9.975271844660194,10.989,9.972915094339621,8086.619489349781,54.551,test
NZL,New Zealand,Advanced Economies,1955,1965,3.537,3.8803,3.5518,,30.9719,10.081,10.982,9.412583333333334,10.174,9.647196787148594,13012.107608012531,64.711,train
NZL,New Zealand,Advanced Economies,1960,1970,3.1684,4.241,3.8803,3.5518,27.6228,10.96,10.646,9.736036538461537,10.989,9.949911654135338,14751.457298898014,66.27600000000001,train
NZL,New Zealand,Advanced Economies,1965,1975,2.3566,3.537,4.241,3.8803,23.263,10.077999999999998,10.735,10.078842010771993,10.109,10.317684210526316,17454.727074815593,67.769,train
NZL,New Zealand,Advanced Economies,1970,1980,2.032,3.1684,3.537,4.241,20.4698,11.198,12.226,10.87138383838384,11.437,11.315200333889816,17155.133304084924,68.512,train
NZL,New Zealand,Advanced Economies,1975,1985,1.9296,2.3566,3.1684,3.537,19.6018,12.856,11.752,11.372410794602699,12.942,11.948820359281436,18472.380692901166,69.761,train
NZL,New Zealand,Advanced Economies,1980,1990,2.167,2.032,2.3566,3.1684,15.3595,12.218,11.409,11.298561428571428,12.32,11.914955714285712,18049.39161485709,70.16499999999999,train
NZL,New Zealand,Advanced Economies,1985,1995,1.9786,1.9296,2.032,2.3566,13.08,12.251,12.571,11.322431729518856,12.183,11.971548302872062,20120.331636852417,70.411,train
NZL,New Zealand,Advanced Economies,1990,2000,1.9773,2.167,1.9296,2.032,10.6915,12.039,12.587,11.310430107526882,11.697,11.91776811594203,22617.941719842318,70.844,train
NZL,New Zealand,Advanced Economies,1995,2005,1.961,1.9786,2.167,1.9296,8.0682,12.361,12.726,11.641570512820513,11.989,12.080675794085431,25963.060564183976,72.299,train
NZL,New Zealand,Advanced Economies,2000,2010,2.1654,1.9773,1.9786,2.167,7.655,12.851,12.83,11.908869094488189,12.466,12.231954356846474,29778.21895976133,72.995,gap
NZL,New Zealand,Advanced Economies,2005,2015,1.9819,1.961,1.9773,1.9786,6.2781,11.91,12.613,11.908433644859814,11.618,12.452526627218935,31484.99153942044,73.794,test
NZL,New Zealand,Advanced Economies,2010,2020,1.6297,2.1654,1.961,1.9773,6.0736,11.401,12.561,11.8895990990991,10.731,11.066853107344633,34358.88395290502,74.057,test
PNG,Papua New Guinea,East Asia and the Pacific,1955,1965,6.2033,5.8167,5.7106,,230.4307,0.718,0.252,0.18134848484848484,1.652,0.3850808625336927,,10.475999999999999,train
PNG,Papua New Guinea,East Asia and the Pacific,1960,1970,6.2497,6.0182,5.8167,5.7106,198.2968,1.146,0.312,0.21325212464589233,1.968,0.47004822335025376,,12.015,train
PNG,Papua New Guinea,East Asia and the Pacific,1965,1975,6.0645,6.2033,6.0182,5.8167,168.8537,1.511,0.497,0.3162388888888889,2.111,0.6977175,,13.530000000000001,train
PNG,Papua New Guinea,East Asia and the Pacific,1970,1980,5.7048,6.2497,6.2033,6.0182,142.8886,2.025,0.653,0.3973269230769231,3.227,0.884847311827957,,15.153000000000006,train
PNG,Papua New Guinea,East Asia and the Pacific,1975,1985,5.4704,6.0645,6.2497,6.2033,121.7477,2.233,1.136,0.6507672413793103,3.8689999999999998,1.366577299412916,,16.980999999999995,train
PNG,Papua New Guinea,East Asia and the Pacific,1980,1990,5.1796,5.7048,6.0645,6.2497,105.4903,2.97,1.5530000000000002,0.8455924528301887,4.563,1.8059671280276814,,18.194999999999993,train
PNG,Papua New Guinea,East Asia and the Pacific,1985,1995,4.7802,5.4704,5.7048,6.0645,93.832,3.256,2.147,1.3003006535947712,5.405,2.5265030674846627,,20.814999999999998,train
PNG,Papua New Guinea,East Asia and the Pacific,1990,2000,4.5247,5.1796,5.4704,5.7048,84.9587,3.62,2.515,1.6943258594917787,5.548,3.332575360419397,,23.113,train
PNG,Papua New Guinea,East Asia and the Pacific,1995,2005,4.2203,4.7802,5.1796,5.4704,77.6818,3.987,2.703,2.064626400996264,4.598,4.245468965517241,,25.689999999999998,train
PNG,Papua New Guinea,East Asia and the Pacific,2000,2010,3.8827,4.5247,4.7802,5.1796,71.5873,3.753,3.356,2.534245283018868,4.023,4.562260825780463,,28.129999999999995,gap
PNG,Papua New Guinea,East Asia and the Pacific,2005,2015,3.5584,4.2203,4.5247,4.7802,65.3312,4.749,3.8649999999999998,2.932427919708029,5.199,4.73913101604278,,32.343,test
PNG,Papua New Guinea,East Asia and the Pacific,2010,2020,3.2743,3.8827,4.2203,4.5247,58.4837,4.66,4.431000000000001,3.405095770151636,5.082,5.060298151001541,,37.085,test
TON,Tonga,East Asia and the Pacific,1955,1965,6.4078,6.6831,6.6987,,115.7715,5.281,6.561,6.242360465116279,6.006,6.8389999999999995,,53.417,train
TON,Tonga,East Asia and the Pacific,1960,1970,6.0713,6.6508,6.6831,6.6987,85.5653,5.847,6.59,6.398574257425743,6.519000000000001,6.861981651376146,,56.072,train
TON,Tonga,East Asia and the Pacific,1965,1975,5.7458,6.4078,6.6508,6.6831,66.7335,6.571,6.587999999999999,6.447801652892562,7.081,7.04024369747899,,58.51,train
TON,Tonga,East Asia and the Pacific,1970,1980,5.5989,6.0713,6.4078,6.6508,49.4026,7.4190000000000005,6.627,6.551703703703703,7.667000000000001,7.051060606060606,,60.323,train
TON,Tonga,East Asia and the Pacific,1975,1985,5.3444,5.7458,6.0713,6.4078,36.5273,8.881,6.659,6.592275862068966,9.144,7.152185185185185,,61.736,train
TON,Tonga,East Asia and the Pacific,1980,1990,4.9294,5.5989,5.7458,6.0713,30.1132,9.218,8.137,7.0827333333333335,9.419,7.49625,,56.647,train
TON,Tonga,East Asia and the Pacific,1985,1995,4.5634,5.3444,5.5989,5.7458,25.7823,8.299,9.121,7.435266666666666,8.555,7.949333333333334,,57.047,train
TON,Tonga,East Asia and the Pacific,1990,2000,4.159,4.9294,5.3444,5.5989,22.2978,9.341,9.11,8.176588235294119,9.303,8.673714285714286,,57.581,train
TON,Tonga,East Asia and the Pacific,1995,2005,4.1951,4.5634,4.9294,5.3444,19.0652,9.667,9.906,9.347176470588234,9.576,9.440235294117645,,58.738,train
TON,Tonga,East Asia and the Pacific,2000,2010,3.8794,4.159,4.5634,4.9294,16.8246,10.111,9.628,9.205833333333333,9.732,9.430166666666667,,60.164,gap
TON,Tonga,East Asia and the Pacific,2005,2015,3.5404,4.1951,4.159,4.5634,14.792,9.838,10.451000000000002,9.425578947368422,9.495,9.5991,,56.858,test
TON,Tonga,East Asia and the Pacific,2010,2020,3.2337,3.8794,4.1951,4.159,13.308,11.757,12.294,11.092666666666666,11.444,11.1258,,58.177,test
LBY,Libyan Arab Jamahiriya,Middle East and North Africa,1955,1965,7.8228,7.2414,7.0089,,359.5203,0.076,0.041,0.03879787234042553,1.5869999999999997,0.8462602040816326,,51.977,train
LBY,Libyan Arab Jamahiriya,Middle East and North Africa,1960,1970,8.0476,7.5088,7.2414,7.0089,291.5456,0.145,0.074,0.05347787610619469,1.741,1.085568376068376,,55.719,train
LBY,Libyan Arab Jamahiriya,Middle East and North Africa,1965,1975,7.977,7.8228,7.5088,7.2414,202.7801,0.492,0.09500000000000001,0.055449438202247195,3.168,1.2459054054054055,,59.853,train
LBY,Libyan Arab Jamahiriya,Middle East and North Africa,1970,1980,7.5434,8.0476,7.8228,7.5088,136.4619,0.846,0.329,0.17297377049180326,4.548,1.834400552486188,,62.597,train
LBY,Libyan Arab Jamahiriya,Middle East and North Africa,1975,1985,6.3276,7.977,8.0476,7.8228,95.506,1.899,0.519,0.2778895184135977,5.54,2.60074672489083,,66.509,train
LBY,Libyan Arab Jamahiriya,Middle East and North Africa,1980,1990,4.7763,7.5434,7.977,8.0476,70.9872,4.44,1.833,1.0449505617977528,6.494,3.4295555555555555,,67.35300000000001,train
LBY,Libyan Arab Jamahiriya,Middle East and North Africa,1985,1995,3.4422,6.3276,7.5434,7.977,54.5257,6.288,3.844,2.217869565217391,7.069,4.32835593220339,,68.881,train
LBY,Libyan Arab Jamahiriya,Middle East and North Africa,1990,2000,2.9056,4.7763,6.3276,7.5434,41.9769,7.559000000000001,4.642,3.001565349544073,7.771,5.014659231722429,,70.719,train
LBY,Libyan Arab Jamahiriya,Middle East and North Africa,1995,2005,2.7648,3.4422,4.7763,6.3276,33.4911,8.375,6.48,4.151083333333333,7.556,5.838565217391304,,72.492,train
LBY,Libyan Arab Jamahiriya,Middle East and North Africa,2000,2010,2.6027,2.9056,3.4422,4.7763,28.0667,10.264,7.949,5.334271903323263,7.536999999999999,6.56644623655914,,73.828,gap
LBY,Libyan Arab Jamahiriya,Middle East and North Africa,2005,2015,2.7111,2.7648,2.9056,3.4422,22.5288,11.475,9.797,6.843479802143445,7.686999999999999,7.024690854119425,,74.7,test
LBY,Libyan Arab Jamahiriya,Middle East and North Africa,2010,2020,2.5071,2.6027,2.7648,2.9056,16.8775,12.075,11.837,8.394538720538721,8.105,7.36706404565631,,75.246,test
NAM,Namibia,Sub-Saharan Africa,1955,1965,6.4453,5.9346,5.6139,,238.4815,2.392,2.726,2.435790476190476,2.829,3.4295567010309282,,20.054000000000002,train
NAM,Namibia,Sub-Saharan Africa,1960,1970,6.5197,6.2431,5.9346,5.6139,203.9829,2.992,3.112,2.698619469026549,3.197,3.6965740740740736,4788.867629428376,20.272000000000006,train
NAM,Namibia,Sub-Saharan Africa,1965,1975,6.5328,6.4453,6.2431,5.9346,171.8318,4.003,3.456,2.8698455284552846,4.124,3.7447622950819675,6299.449109952422,20.983999999999995,train
NAM,Namibia,Sub-Saharan Africa,1970,1980,6.2378,6.5197,6.4453,6.2431,145.1628,5.096,3.8300000000000005,3.127401459854015,5.145,4.0168507462686565,6311.73411182106,22.150000000000006,train
NAM,Namibia,Sub-Saharan Africa,1975,1985,5.8766,6.5328,6.5197,6.4453,123.2424,5.91,4.416,3.4937254901960784,5.839,4.416533333333334,6648.919982684475,23.590000000000003,train
NAM,Namibia,Sub-Saharan Africa,1980,1990,5.3978,6.2378,6.5328,6.5197,106.211,6.681,5.248,4.042134146341464,6.336999999999999,4.918792207792208,7334.797983967036,24.409999999999997,train
NAM,Namibia,Sub-Saharan Africa,1985,1995,4.4173,5.8766,6.2378,6.5328,90.4121,7.264,6.241,4.775850828729282,6.736,5.554981818181818,6519.793660194734,26.717,train
NAM,Namibia,Sub-Saharan Africa,1990,2000,3.9913,5.3978,5.8766,6.2378,75.2841,7.576,7.192,5.709004255319149,6.704,6.331738532110092,5088.6344769236275,26.971999999999994,train
NAM,Namibia,Sub-Saharan Africa,1995,2005,3.5711,4.4173,5.3978,5.8766,73.1528,7.191,7.031,5.8491,6.371999999999999,6.107034482758621,5405.598120467606,29.171999999999997,train
NAM,Namibia,Sub-Saharan Africa,2000,2010,3.6566,3.9913,4.4173,5.3978,76.5438,6.27,7.187,5.935093373493976,5.32,5.985334405144695,6222.45576902502,31.903000000000006,gap
NAM,Namibia,Sub-Saharan Africa,2005,2015,3.6041,3.5711,3.9913,4.4173,67.8259,6.648,7.388,6.3103559322033895,5.52,6.188740298507463,7226.101001769574,34.212,test
NAM,Namibia,Sub-Saharan Africa,2010,2020,3.3491,3.6566,3.5711,3.9913,51.533,6.707,7.524,6.707448087431694,5.799,6.359035812672176,9444.936725532052,37.369,test
REU,Reunion,Sub-Saharan Africa,1955,1965,6.1519,6.7655,6.9633,,161.1638,3.034,3.106,2.8093333333333335,2.509,2.7005384615384616,,63.132,train
REU,Reunion,Sub-Saharan Africa,1960,1970,4.299,6.1055,6.7655,6.9633,126.5611,3.201,3.084,2.765967741935484,2.596,2.573642857142857,,67.193,train
REU,Reunion,Sub-Saharan Africa,1965,1975,3.6471,6.1519,6.1055,6.7655,95.503,4.359,2.991,2.4484179104477612,3.746,2.255328125,,70.631,train
REU,Reunion,Sub-Saharan Africa,1970,1980,2.8737,4.299,6.1519,6.1055,68.2934,5.458,3.739,2.8450125,5.473,2.5654736842105264,,73.188,train
REU,Reunion,Sub-Saharan Africa,1975,1985,2.5098,3.6471,4.299,6.1519,41.2552,6.767,4.941999999999999,3.3570465116279067,6.462999999999999,3.2364444444444445,,75.084,train
REU,Reunion,Sub-Saharan Africa,1980,1990,2.5707,2.8737,3.6471,4.299,19.3917,7.646,6.128,4.155663157894737,6.713,4.102307692307693,,76.655,train
REU,Reunion,Sub-Saharan Africa,1985,1995,2.2715,2.5098,2.8737,3.6471,11.7414,8.419,7.255000000000001,5.050095652173914,6.647,5.016728971962617,,81.384,train
REU,Reunion,Sub-Saharan Africa,1990,2000,2.4991,2.5707,2.5098,2.8737,10.291,8.91,8.145,5.996865671641792,6.791,5.654410852713178,,83.976,train
REU,Reunion,Sub-Saharan Africa,1995,2005,2.4856,2.2715,2.5707,2.5098,8.8807,8.986000000000002,8.779,6.863389937106918,7.254,6.205960264900662,,86.159,train
REU,Reunion,Sub-Saharan Africa,2000,2010,2.1892,2.4991,2.2715,2.5707,7.8429,8.988,9.112999999999998,7.506572222222222,7.695,6.694575581395349,,87.575,gap
REU,Reunion,Sub-Saharan Africa,2005,2015,2.2352,2.4856,2.4991,2.2715,7.8321,9.013,9.198,8.017708542713567,8.128,7.175473404255319,,88.076,test
REU,Reunion,Sub-Saharan Africa,2010,2020,2.1458,2.1892,2.4856,2.4991,7.7467,9.828,9.228,8.438581395348837,8.356,7.598192118226601,,88.624,test
BLZ,Belize,Latin America and the Caribbean,1955,1965,6.3998,6.6,6.69,,165.4833,8.383,7.409999999999999,6.912714285714285,8.411,7.166133333333333,,39.312,train
BLZ,Belize,Latin America and the Caribbean,1960,1970,6.2986,6.5,6.6,6.69,140.8525,8.992,7.663999999999999,7.1111249999999995,9.086,7.3500588235294115,,40.918,train
BLZ,Belize,Latin America and the Caribbean,1965,1975,6.2784,6.3998,6.5,6.6,118.8733,8.522,8.113,7.427277777777778,8.724,7.7085,,42.521,train
BLZ,Belize,Latin America and the Caribbean,1970,1980,5.8486,6.2986,6.3998,6.5,97.3783,8.615,7.886,7.260684210526316,8.576,7.538588235294118,4587.462228958388,44.464,train
BLZ,Belize,Latin America and the Caribbean,1975,1985,4.9971,6.2784,6.2986,6.3998,79.0193,8.631,8.261,7.547315789473684,8.669,7.832882352941176,5246.700840491568,44.731,train
BLZ,Belize,Latin America and the Caribbean,1980,1990,4.8021,5.8486,6.2784,6.2986,64.8427,8.65,7.883,7.156157894736841,8.594,7.5038636363636355,5853.598560495863,42.256,train
BLZ,Belize,Latin America and the Caribbean,1985,1995,3.8762,4.9971,5.8486,6.2784,51.8658,8.732,8.313,7.56308695652174,8.855,7.684333333333334,5025.917830544625,40.463,train
BLZ,Belize,Latin America and the Caribbean,1990,2000,3.6328,4.8021,4.9971,5.8486,39.3919,9.798,9.15,8.475249999999999,9.548,8.5706,7251.771394150022,47.379,train
BLZ,Belize,Latin America and the Caribbean,1995,2005,3.1727,3.8762,4.8021,4.9971,30.1,9.996,9.965,9.400727272727272,9.902,9.431289473684211,8415.019381483648,57.076,train
BLZ,Belize,Latin America and the Caribbean,2000,2010,2.5523,3.6328,3.8762,4.8021,25.1144,9.962999999999997,10.886,10.352878048780488,9.852,10.354348837209303,7059.06089605488,60.114,gap
BLZ,Belize,Latin America and the Caribbean,2005,2015,2.4333,3.1727,3.6328,3.8762,21.1126,10.547,10.846,10.923372549019607,10.374,10.955372549019609,7656.309357657241,59.838,test
BLZ,Belize,Latin America and the Caribbean,2010,2020,2.0396,2.5523,3.1727,3.6328,18.5855,10.871999999999998,10.833,11.558885245901639,10.624,11.542354838709677,7737.11231500842,59.626,test
BRN,Brunei Darussalam,East Asia and the Pacific,1955,1965,6.6469,7.3972,6.9771,,132.9029,1.6689999999999998,1.41,0.8111666666666667,5.203,3.328230769230769,,41.109,train
BRN,Brunei Darussalam,East Asia and the Pacific,1960,1970,5.8012,7.3222,7.3972,6.9771,90.4658,2.458,1.654,1.0700666666666665,5.486,3.6348125,,46.007,train
BRN,Brunei Darussalam,East Asia and the Pacific,1965,1975,4.9899,6.6469,7.3222,7.3972,64.7082,4.101,2.214,1.4092941176470588,6.692,4.09075,,50.43,train
BRN,Brunei Darussalam,East Asia and the Pacific,1970,1980,4.0671,5.8012,6.6469,7.3222,48.2162,7.1080000000000005,3.461,1.995565217391304,8.146,5.10224,100096.74022081927,54.539,train
BRN,Brunei Darussalam,East Asia and the Pacific,1975,1985,3.6125,4.9899,5.8012,6.6469,33.8594,7.848,5.278,3.038620689655172,8.751,6.0482,119569.90501992255,57.228,train
BRN,Brunei Darussalam,East Asia and the Pacific,1980,1990,3.2903,4.0671,4.9899,5.8012,21.8606,7.575999999999999,7.875,5.14841935483871,7.682,7.395574999999999,177110.64713687403,65.054,train
BRN,Brunei Darussalam,East Asia and the Pacific,1985,1995,2.7865,3.6125,4.0671,4.9899,15.3976,8.19,7.856,6.025285714285714,8.168,7.752612244897959,95460.47348172637,65.178,train
BRN,Brunei Darussalam,East Asia and the Pacific,1990,2000,2.398,3.2903,3.6125,4.0671,13.2775,8.094,8.502,7.068384615384616,8.244,8.471049180327869,59171.36229157085,70.08500000000001,train
BRN,Brunei Darussalam,East Asia and the Pacific,1995,2005,2.0241,2.7865,3.2903,3.6125,12.1356,7.832,9.012,7.918258064516129,7.882,8.619702702702703,43437.65540120964,71.937,train
BRN,Brunei Darussalam,East Asia and the Pacific,2000,2010,1.9366,2.398,2.7865,3.2903,10.4969,8.016,8.798,8.30552,8.062,8.833265060240965,56975.65747264869,74.374,gap
BRN,Brunei Darussalam,East Asia and the Pacific,2005,2015,1.9471,2.0241,2.398,2.7865,9.6358,8.597,8.663,8.489079545454546,8.179,8.910958333333332,78707.98358526378,75.518,test
BRN,Brunei Darussalam,East Asia and the Pacific,2010,2020,1.7962,1.9366,2.0241,2.398,9.6805,8.866,9.161,8.845271844660195,8.421,9.088727272727272,77629.59013472415,79.515,test
BGR,Bulgaria,Europe and Central Asia,1955,1965,2.0854,2.3704,2.4817,,105.9566,8.222,4.247,3.076213785675821,8.66,4.164292498650837,,54.687,train
BGR,Bulgaria,Europe and Central Asia,1960,1970,2.1788,2.3094,2.3704,2.4817,56.0911,7.926,6.045,3.956946692991115,7.824999999999999,5.002389354361755,,56.235,train
BGR,Bulgaria,Europe and Central Asia,1965,1975,2.2353,2.0854,2.3094,2.3704,35.064,5.509,5.927,4.133370283018868,4.953,4.989717647058823,,57.789,train
BGR,Bulgaria,Europe and Central Asia,1970,1980,2.0563,2.1788,2.0854,2.3094,31.5322,8.243,8.819,5.603169491525424,8.262,6.401537757437071,4501.675555632873,59.034,train
BGR,Bulgaria,Europe and Central Asia,1975,1985,1.9669,2.2353,2.1788,2.0854,26.5449,9.757,8.301,6.36220361392684,9.784,7.078620185922976,6378.672843928266,60.04,train
BGR,Bulgaria,Europe and Central Asia,1980,1990,1.7948,2.0563,2.2353,2.1788,24.0076,9.807,9.119,7.413574643011684,9.576,8.043505032822758,8275.72994594647,60.461,train
BGR,Bulgaria,Europe and Central Asia,1985,1995,1.2472,1.9669,2.0563,2.2353,18.7855,9.73,10.602,8.315083127572017,9.374,8.820101292205084,10396.611763025465,61.365,train
BGR,Bulgaria,Europe and Central Asia,1990,2000,1.2905,1.7948,1.9669,2.0563,18.0121,7.544,10.673,8.950225959465287,7.372000000000001,9.053881806108897,11846.048892614772,61.222,train
BGR,Bulgaria,Europe and Central Asia,1995,2005,1.3579,1.2472,1.7948,1.9669,17.7225,8.982,10.682,9.457233918128654,8.634,9.429590782122904,10339.20495731867,60.916,train
BGR,Bulgaria,Europe and Central Asia,2000,2010,1.5666,1.2905,1.2472,1.7948,16.3488,9.062,10.531,9.949505032021959,8.862,9.720419047619048,9252.002378544921,60.473,gap
BGR,Bulgaria,Europe and Central Asia,2005,2015,1.5276,1.3579,1.2905,1.2472,12.7389,10.704,10.766,10.730285388127854,10.55,10.46956527909177,11919.212199826148,60.162,test
BGR,Bulgaria,Europe and Central Asia,2010,2020,1.5567,1.5666,1.3579,1.2905,10.9494,9.981,12.025,11.418272309107635,9.944,11.176718276515151,16643.825712039637,60.164,test
CZE,Czech Republic,Europe and Central Asia,1955,1965,2.1866,2.583,2.8182,,32.8441,8.352,8.335,7.843355081059708,8.446,8.996586206896552,,58.656,train
CZE,Czech Republic,Europe and Central Asia,1960,1970,1.9202,2.088,2.583,2.8182,23.8014,8.641,8.526,7.99661856474259,8.434,9.066851435705368,,59.19,train
CZE,Czech Republic,Europe and Central Asia,1965,1975,2.4304,2.1866,2.088,2.583,26.6564,9.282,9.223,8.455816229116945,9.553,9.806826013513515,,59.392,train
CZE,Czech Republic,Europe and Central Asia,1970,1980,2.0761,1.9202,2.1866,2.088,23.7747,9.664,10.163,9.011025806451613,10.130999999999998,10.826572769953051,,59.39,train
CZE,Czech Republic,Europe and Central Asia,1975,1985,1.9495,2.4304,1.9202,2.1866,21.5207,10.111,10.732,9.543567599527,10.791,11.136866418527708,,59.649,train
CZE,Czech Republic,Europe and Central Asia,1980,1990,1.8848,2.0761,2.4304,1.9202,18.0718,10.303,11.316,10.076777777777778,10.655,11.484681419457736,,60.049,train
CZE,Czech Republic,Europe and Central Asia,1985,1995,1.2755,1.9495,2.0761,2.4304,14.2412,10.431,11.672,10.590183937823836,10.796,11.385705859823823,,60.374,train
CZE,Czech Republic,Europe and Central Asia,1990,2000,1.1464,1.8848,1.9495,2.0761,12.6596,10.704,12.328000000000001,11.20453520599251,10.815,11.824875669472073,24351.792643272453,60.254,train
CZE,Czech Republic,Europe and Central Asia,1995,2005,1.281,1.2755,1.8848,1.9495,8.8595,11.805,12.826,12.190584603941987,11.792,12.717422407267222,21660.22255281399,60.047,train
CZE,Czech Republic,Europe and Central Asia,2000,2010,1.5087,1.1464,1.2755,1.8848,5.2585,11.817000000000002,13.202999999999998,12.905523623445825,11.751,13.200791666666667,22238.3326952964,59.435,gap
CZE,Czech Republic,Europe and Central Asia,2005,2015,1.5885,1.281,1.1464,1.2755,4.2037,11.092,13.349999999999998,13.101843928691556,11.062,13.311803045685279,26624.447744904133,59.429,test
CZE,Czech Republic,Europe and Central Asia,2010,2020,1.7635,1.5087,1.281,1.1464,3.3741,10.64,13.277,13.209258898589656,10.559,13.309900906953308,31342.728095752318,59.323,test
ROU,Romania,Europe and Central Asia,1955,1965,1.9031,3.0115,3.0756,,104.0532,5.88165312667023,4.276675565873477,3.7428190874676237,6.805822318526544,4.614222000885348,,45.198,train
ROU,Romania,Europe and Central Asia,1960,1970,2.8116,2.3183,3.0115,3.0756,83.2749,6.640327556325823,5.129564542936288,4.188283716651334,7.4328057680988815,5.255502710299137,1533.653756536929,46.696,train
ROU,Romania,Europe and Central Asia,1965,1975,2.5948,1.9031,2.3183,3.0115,59.9196,7.29528125,5.8032219207813345,4.634081826012058,7.907959330143541,5.717946505125815,2258.325800044977,47.469,train
ROU,Romania,Europe and Central Asia,1970,1980,2.4347,2.8116,1.9031,2.3183,55.9775,8.592942516830659,7.276529411764706,5.334603190428714,9.520400000000002,7.114171521035599,3033.1382281036695,49.293,train
ROU,Romania,Europe and Central Asia,1975,1985,2.3086,2.5948,2.8116,1.9031,42.7156,9.537625468164793,8.989566749072928,6.302909956430531,9.934132969034609,8.310404354587869,4844.610139195961,51.162,train
ROU,Romania,Europe and Central Asia,1980,1990,1.8372,2.4347,2.5948,2.8116,35.2447,10.129034055727553,10.330239750908149,7.331843245735363,10.214206221776218,9.049793566117037,6823.153852738807,52.914,train
ROU,Romania,Europe and Central Asia,1985,1995,1.337,2.3086,2.4347,2.5948,32.4892,10.179077419354838,10.84906184084372,8.281771034086006,10.178674675636714,9.590115609536662,7876.074052087458,54.264,train
ROU,Romania,Europe and Central Asia,1990,2000,1.3032,1.8372,2.3086,2.4347,32.0871,9.859029972752044,11.29813960867266,9.19311729909104,9.803222952255803,10.272414885667315,7754.688758559268,55.718,train
ROU,Romania,Europe and Central Asia,1995,2005,1.3938,1.337,1.8372,2.3086,25.4072,10.270402094717669,11.404053475935829,9.866241592411612,10.146593406593407,10.701781053576774,8070.570067939766,56.009,train
ROU,Romania,Europe and Central Asia,2000,2010,1.5742,1.3032,1.337,1.8372,22.16,10.146723938223937,11.419765640516385,10.465110549862896,9.975826127382613,11.04786392310003,8204.015054781228,55.624,gap
ROU,Romania,Europe and Central Asia,2005,2015,1.621,1.3938,1.3032,1.337,18.1186,9.81960040261701,11.33336737729301,10.929589894073862,9.580521484375,11.283348366109715,11185.885974094483,55.15,test
ROU,Romania,Europe and Central Asia,2010,2020,1.7256,1.5742,1.3938,1.3032,12.436,9.85447265400115,11.865096774193548,11.442484169235081,9.613955456570157,11.633931588082152,18527.01499238174,54.817,test
RUS,Russian Federation,Europe and Central Asia,1955,1965,2.1126,2.8124,2.9262,,105.3287,6.006000000000001,5.215,3.592744971691326,5.526,4.857402470709348,,73.007,train
RUS,Russian Federation,Europe and Central Asia,1960,1970,2.0067,2.633,2.8124,2.9262,46.1419,6.533,5.338,3.923481471662542,6.163,5.09238006042296,,74.703,train
RUS,Russian Federation,Europe and Central Asia,1965,1975,2.0019,2.1126,2.633,2.8124,32.5934,7.394,6.287,4.555886177749815,8.008,5.772737283086318,,75.922,train
RUS,Russian Federation,Europe and Central Asia,1970,1980,1.9162,2.0067,2.1126,2.633,28.0473,8.497,7.147,5.15354486251809,8.431,6.367059897524717,,76.499,train
RUS,Russian Federation,Europe and Central Asia,1975,1985,2.0944,2.0019,2.0067,2.1126,28.2895,9.596,8.682,6.005811475409836,9.133,7.117572443662447,,76.96000000000001,train
RUS,Russian Federation,Europe and Central Asia,1980,1990,1.91,1.9162,2.0019,2.0067,27.6042,10.45,9.964,7.241978649295399,10.627000000000002,8.010985892347762,,77.709,train
RUS,Russian Federation,Europe and Central Asia,1985,1995,1.352,2.0944,1.9162,2.0019,25.4634,11.694,10.897,8.31806650252431,11.7,9.156973926250949,,78.03399999999999,train
RUS,Russian Federation,Europe and Central Asia,1990,2000,1.1898,1.91,2.0944,1.9162,20.8059,12.013,11.772,9.518609662465595,11.616,10.108094853231538,16294.00843931964,78.158,train
RUS,Russian Federation,Europe and Central Asia,1995,2005,1.2989,1.352,1.91,2.0944,22.3743,10.788,12.925000000000002,10.801818069459895,10.384,10.718569816869403,10536.22966879836,78.263,train
RUS,Russian Federation,Europe and Central Asia,2000,2010,1.5853,1.1898,1.352,1.91,19.6351,10.055,13.638000000000002,12.006256443236422,10.027,11.935566881210784,11532.82585078452,78.498,gap
RUS,Russian Federation,Europe and Central Asia,2005,2015,1.7901,1.2989,1.1898,1.352,13.8505,10.278,12.618,12.294268684934197,10.332,12.114397724786699,15450.703391881554,78.537,test
RUS,Russian Federation,Europe and Central Asia,2010,2020,1.505,1.5853,1.2989,1.1898,11.867,10.563,11.923,12.451848422768013,10.677,12.251741557928035,23725.688073944395,78.47,test
CUB,Cuba,Latin America and the Caribbean,1955,1965,4.5039,3.9017,4.0325,,103.0348,3.843,3.997,3.682704866562009,3.445,3.6633112033195023,,82.235,train
CUB,Cuba,Latin America and the Caribbean,1960,1970,3.9808,4.1287,3.9017,4.0325,84.6916,4.622,4.132,3.918677304964539,4.063,4.004719298245614,,83.464,train
CUB,Cuba,Latin America and the Caribbean,1965,1975,2.8244,4.5039,4.1287,3.9017,66.9942,5.357,4.639,4.302281865965835,4.408,4.480323874151758,,84.675,train
CUB,Cuba,Latin America and the Caribbean,1970,1980,1.6369,3.9808,4.5039,4.1287,50.6734,6.760999999999999,5.369,4.7623249540159405,6.299,5.050302120141343,,85.709,train
CUB,Cuba,Latin America and the Caribbean,1975,1985,1.7725,2.8244,3.9808,4.5039,34.6241,8.109,6.424,5.4793364692861095,8.505,5.953101851851852,,86.424,train
CUB,Cuba,Latin America and the Caribbean,1980,1990,1.8059,1.6369,2.8244,3.9808,23.6054,9.889,8.046,6.422595454545454,9.844,7.291115752390539,,85.163,train
CUB,Cuba,Latin America and the Caribbean,1985,1995,1.4806,1.7725,1.6369,2.8244,17.4866,10.958,9.394,7.093966496044672,10.683,7.8586013133208255,,84.337,train
CUB,Cuba,Latin America and the Caribbean,1990,2000,1.6077,1.8059,1.7725,1.6369,13.514,10.969,11.072,8.209887250996017,10.586,8.788742626262627,,83.325,train
CUB,Cuba,Latin America and the Caribbean,1995,2005,1.486,1.4806,1.8059,1.7725,10.7015,10.526,11.512,9.149907936507937,10.061,9.548838790035587,,83.443,train
CUB,Cuba,Latin America and the Caribbean,2000,2010,1.6729,1.6077,1.4806,1.8059,8.6286,9.735,11.498,9.863557303370786,9.221,10.089483870967742,,83.59100000000001,gap
CUB,Cuba,Latin America and the Caribbean,2005,2015,1.6852,1.486,1.6077,1.4806,7.1519,11.03,10.995,10.206250554323724,10.752,10.244389346861128,,83.744,test
CUB,Cuba,Latin America and the Caribbean,2010,2020,1.4892,1.6729,1.486,1.6077,6.2875,12.375999999999998,11.226,10.782070214105792,12.454,10.647500470072078,,83.48400000000001,test
ALB,Albania,Europe and Central Asia,1955,1965,5.4738,6.5407,6.1686,,255.955,2.509,3.4460000000000006,2.290909836065574,4.022,3.1982396694214876,,28.605999999999995,train
ALB,Albania,Europe and Central Asia,1960,1970,5.1583,6.3834,6.5407,6.1686,203.3144,3.775,2.892,2.109181494661922,4.755,3.2495944055944057,,32.408,train
ALB,Albania,Europe and Central Asia,1965,1975,4.5657,5.4738,6.3834,6.5407,150.9114,3.995,3.492,2.5982303030303027,4.779,3.948048632218845,,36.397,train
ALB,Albania,Europe and Central Asia,1970,1980,3.5903,5.1583,5.4738,6.3834,106.5109,6.215,3.731,2.925209549071618,6.942999999999999,4.406552356020942,3106.8056286984934,40.713,train
ALB,Albania,Europe and Central Asia,1975,1985,3.2141,4.5657,5.1583,5.4738,75.729,7.967,4.795,3.646650234741784,8.57,5.088227906976744,3373.845450139672,44.692,train
ALB,Albania,Europe and Central Asia,1980,1990,3.0137,3.5903,4.5657,5.1583,60.0545,9.368,6.973,4.779733471074381,9.529,6.211864603481625,3718.1986789612292,45.129,train
ALB,Albania,Europe and Central Asia,1985,1995,2.7622,3.2141,3.5903,4.5657,51.4587,10.067,8.741,6.157182776801406,10.109,7.4356237623762365,3720.6908524956634,48.661,train
ALB,Albania,Europe and Central Asia,1990,2000,2.2169,3.0137,3.2141,3.5903,41.3707,10.091,9.852,7.362464391691395,10.15,8.43825520110957,3653.5271236936915,52.122,train
ALB,Albania,Europe and Central Asia,1995,2005,1.7868,2.7622,3.0137,3.2141,33.6247,9.752,9.937,7.727531114327062,9.374,8.565549723756906,3920.1703015457115,55.452,train
ALB,Albania,Europe and Central Asia,2000,2010,1.6529,2.2169,2.7622,3.0137,26.893,10.228,11.011,9.570908440629472,10.047,10.144648571428572,4851.294980726969,57.356,gap
ALB,Albania,Europe and Central Asia,2005,2015,1.6311,1.7868,2.2169,2.7622,19.8112,10.411,10.864,10.029965940054495,10.256,10.380612676056339,6330.458897089552,59.57,test
ALB,Albania,Europe and Central Asia,2010,2020,1.3707,1.6529,1.7868,2.2169,13.4151,10.197,10.845,10.456455696202532,10.081,10.659490666666667,10003.600956683513,61.919,test
SVK,Slovakia,Europe and Central Asia,1955,1965,2.7818,3.4438,3.6075,,52.9204,8.259,8.321,7.863110151187905,8.515,9.102800720288116,,49.166,train
SVK,Slovakia,Europe and Central Asia,1960,1970,2.4147,3.0245,3.4438,3.6075,34.7168,8.661,8.525,8.025679358717435,8.469,9.143467403314917,,51.023,train
SVK,Slovakia,Europe and Central Asia,1965,1975,2.5442,2.7818,3.0245,3.4438,34.1342,9.076,9.194,8.489937438905182,9.732,9.829770212765958,,52.235,train
SVK,Slovakia,Europe and Central Asia,1970,1980,2.3226,2.4147,2.7818,3.0245,29.8562,9.539,10.104,9.009595215311005,9.946,10.711483483483484,,52.821,train
SVK,Slovakia,Europe and Central Asia,1975,1985,2.2507,2.5442,2.4147,2.7818,27.4267,9.928,10.712,9.520871701546861,10.496,11.012048571428572,,53.584,train
SVK,Slovakia,Europe and Central Asia,1980,1990,2.076,2.3226,2.5442,2.4147,23.2885,10.054,10.983,9.956656540084388,10.323,11.196359223300972,,54.522,train
SVK,Slovakia,Europe and Central Asia,1985,1995,1.5226,2.2507,2.3226,2.5442,18.5084,10.201,11.253,10.172602941176471,10.265,11.225941841680129,,55.001,train
SVK,Slovakia,Europe and Central Asia,1990,2000,1.2934,2.076,2.2507,2.3226,14.2274,10.714,12.258000000000001,10.840300455235205,10.809000000000001,11.825744094488188,18902.755240472925,55.519,train
SVK,Slovakia,Europe and Central Asia,1995,2005,1.2623,1.5226,2.076,2.2507,12.3975,10.737,12.411,11.492880058866815,11.186000000000002,12.232285386381026,15417.627144696185,55.343,train
SVK,Slovakia,Europe and Central Asia,2000,2010,1.4303,1.2934,1.5226,2.076,10.0757,10.394,12.646,11.902606442577033,10.382,12.424117306299785,16290.592042059481,55.063,gap
SVK,Slovakia,Europe and Central Asia,2005,2015,1.4025,1.2623,1.2934,1.5226,8.6247,9.441,12.601,12.037936966513461,9.016,12.021923387096773,20168.016524654828,54.705,test
SVK,Slovakia,Europe and Central Asia,2010,2020,1.5914,1.4303,1.2623,1.2934,6.8083,8.846,12.91,12.442694670846393,8.368,12.24394767070836,28516.036854212594,53.979,test
DEU,Germany,Advanced Economies,1955,1965,2.4875,2.1584,2.1938,,50.0797,6.929000000000001,7.524,7.37162551360758,7.350999999999999,7.8394081708679995,8132.557826055417,69.724,train
DEU,Germany,Advanced Economies,1960,1970,2.0242,2.3807,2.1584,2.1938,40.3362,7.245,7.584,7.434382123228232,7.321000000000001,7.874085873405592,11135.842894423218,70.291,train
DEU,Germany,Advanced Economies,1965,1975,1.4772,2.4875,2.3807,2.1584,28.0656,6.542,7.848,7.584875225524641,6.35,8.000143941913313,13365.383676031204,71.066,train
DEU,Germany,Advanced Economies,1970,1980,1.5564,2.0242,2.4875,2.3807,25.488,4.23,8.073,7.702064295616426,3.769,8.11817998368235,16183.117660155525,71.664,train
DEU,Germany,Advanced Economies,1975,1985,1.378,1.4772,2.0242,2.4875,21.7359,5.339,7.289,7.512466290466291,4.976,8.05087935700368,18595.16586928745,71.581,train
DEU,Germany,Advanced Economies,1980,1990,1.4605,1.5564,1.4772,2.0242,15.2426,5.637,6.936999999999999,7.777406798300424,5.057,8.26664779675311,22179.71535363316,71.416,train
DEU,Germany,Advanced Economies,1985,1995,1.2618,1.378,1.5564,1.4772,11.02,6.603999999999999,7.773,7.922502062943773,5.911,8.4775127926504,21529.83537022248,71.175,train
DEU,Germany,Advanced Economies,1990,2000,1.3862,1.4605,1.378,1.5564,8.749,8.563,9.633,8.778844161222048,7.707999999999999,9.540018666305965,27885.86214706143,71.533,train
DEU,Germany,Advanced Economies,1995,2005,1.3445,1.2618,1.4605,1.378,6.5203,8.156,11.138,9.892826045128563,8.196,10.653780115773017,32460.836578529113,72.113,train
DEU,Germany,Advanced Economies,2000,2010,1.3997,1.3862,1.2618,1.4605,5.315,7.056,11.511999999999999,10.737807072980694,7.038,11.830641647712913,37226.29197064474,72.19800000000001,gap
DEU,Germany,Advanced Economies,2005,2015,1.5007,1.3445,1.3862,1.2618,4.6823,9.649,12.66,12.246725952571277,9.447,12.750344583441926,38475.47228836345,72.288,test
DEU,Germany,Advanced Economies,2010,2020,1.5315,1.3997,1.3445,1.3862,4.1707,10.266,13.23,12.885579581455534,9.987,13.310741816586225,43696.08747829098,72.18,test
ARM,Armenia,Europe and Central Asia,1955,1965,3.9881,4.7982,4.9045,,159.8349,6.975,7.429,7.290732704402516,7.1450000000000005,8.206859259259259,,61.718,train
ARM,Armenia,Europe and Central Asia,1960,1970,3.3281,4.7865,4.7982,4.9045,138.7475,8.562,7.573,7.390989528795812,8.871,8.236921450151058,,65.827,train
ARM,Armenia,Europe and Central Asia,1965,1975,2.9209,3.9881,4.7865,4.7982,119.6114,8.158,8.792,7.925678723404255,8.319,8.703853300733497,,69.681,train
ARM,Armenia,Europe and Central Asia,1970,1980,2.4803,3.3281,3.9881,4.7865,103.4746,8.811,9.665,8.228471624266144,8.751,8.90558888888889,,72.649,train
ARM,Armenia,Europe and Central Asia,1975,1985,2.6436,2.9209,3.3281,3.9881,89.0632,9.076,10.337,8.72548330404218,9.083,9.291916015625,,74.85,train
ARM,Armenia,Europe and Central Asia,1980,1990,2.7083,2.4803,2.9209,3.3281,73.513,10.118,10.856,9.244182926829268,10.008,9.686377295492486,,76.888,train
ARM,Armenia,Europe and Central Asia,1985,1995,2.0672,2.6436,2.4803,2.9209,59.9617,10.894,10.891,9.684639281129654,10.869,10.01091448275862,,76.963,train
ARM,Armenia,Europe and Central Asia,1990,2000,1.4698,2.7083,2.6436,2.4803,48.7859,11.501,11.215,10.185858744394618,11.349,10.413874999999999,6700.459940142803,77.589,train
ARM,Armenia,Europe and Central Asia,1995,2005,1.4921,2.0672,2.7083,2.6436,38.9566,10.466,11.989,10.760008557457212,10.308,10.890190409026799,2961.602493536602,77.471,train
ARM,Armenia,Europe and Central Asia,2000,2010,1.5878,1.4698,2.0672,2.7083,30.7065,9.494,12.613,11.260038119440914,9.156,11.32239076923077,3286.216892372632,77.155,gap
ARM,Armenia,Europe and Central Asia,2005,2015,1.6207,1.4921,1.4698,2.0672,23.9753,9.808,11.489,11.322589420654912,9.448,11.292273885350319,5764.28716261431,76.844,test
ARM,Armenia,Europe and Central Asia,2010,2020,1.6191,1.5878,1.4921,1.4698,18.6449,9.964,10.882,11.38798615916955,9.705,11.317484581497798,8225.968802251333,76.7,test
KHM,Cambodia,East Asia and the Pacific,1955,1965,6.2674,6.5255,6.5298,,239.5514,0.27,0.324,0.13596198156682027,1.852,0.8803046511627906,,28.64,train
KHM,Cambodia,East Asia and the Pacific,1960,1970,6.0706,6.3134,6.5255,6.5298,218.481,1.256,0.40299999999999997,0.21103292181069958,3.17,1.3066052083333333,,31.11,train
KHM,Cambodia,East Asia and the Pacific,1965,1975,4.103,6.2674,6.3134,6.5255,197.5745,1.544,0.567,0.3198715596330275,3.5710000000000006,1.7708529139685476,,33.706999999999994,train
KHM,Cambodia,East Asia and the Pacific,1970,1980,5.7737,6.0706,6.2674,6.3134,181.8019,2.018,0.901,0.5023464373464374,3.954,2.278089108910891,1779.1298747862527,36.355,train
KHM,Cambodia,East Asia and the Pacific,1975,1985,6.3134,4.103,6.0706,6.2674,353.1476,2.405,1.518,0.821195256916996,4.18,2.8336512,1128.1910380756221,37.184,train
KHM,Cambodia,East Asia and the Pacific,1980,1990,5.642,5.7737,4.103,6.0706,160.5496,2.572,2.2,1.237633061527057,4.139,3.8788309859154926,889.5002842150918,29.004000000000005,train
KHM,Cambodia,East Asia and the Pacific,1985,1995,5.0762,6.3134,5.7737,4.103,136.9129,2.5690000000000004,2.583,1.6070580357142858,4.125,4.208197934595526,881.1157332891114,36.717,train
KHM,Cambodia,East Asia and the Pacific,1990,2000,3.7944,5.642,6.3134,5.7737,118.8383,3.0789999999999997,2.522,1.844883696229421,4.771,4.208937931034483,1150.4372720973324,45.415,train
KHM,Cambodia,East Asia and the Pacific,1995,2005,3.2379,5.0762,5.642,6.3134,118.5945,3.3740000000000006,2.6780000000000004,2.1487985643786454,4.837,4.414488864142539,1262.0337005242893,57.736,train
KHM,Cambodia,East Asia and the Pacific,2000,2010,2.8585,3.7944,5.0762,5.642,102.195,3.594,3.154,2.4710102442868402,4.558,4.6054735599622285,1413.8444490889894,64.99000000000001,gap
KHM,Cambodia,East Asia and the Pacific,2005,2015,2.729,3.2379,3.7944,5.0762,65.7548,4.547,3.5100000000000002,2.8224550166604963,5.557,4.844711071901191,2047.7981970966043,65.47,test
KHM,Cambodia,East Asia and the Pacific,2010,2020,2.6993,2.8585,3.2379,3.7944,44.0408,5.712,4.307,3.4540887047268263,6.246,5.429823155665373,2575.3989844476873,65.741,test
KAZ,Kazakhstan,Europe and Central Asia,1955,1965,3.881,4.5061,4.5599,,119.0672,3.038,3.284,2.3421970280682443,3.841,3.602502766251729,,50.685,train
KAZ,Kazakhstan,Europe and Central Asia,1960,1970,3.5048,4.4945,4.5061,4.5599,108.0718,5.029,4.186,2.701205586080586,5.579000000000001,4.042312464428003,,54.902,train
KAZ,Kazakhstan,Europe and Central Asia,1965,1975,3.3979,3.881,4.4945,4.5061,97.4378,4.973,5.716,3.6032641791044773,5.369,4.9925384273656155,,58.882,train
KAZ,Kazakhstan,Europe and Central Asia,1970,1980,3.0915,3.5048,3.881,4.4945,87.3364,6.179,6.642,4.210363829787235,6.074,5.5309834574028125,,62.049,train
KAZ,Kazakhstan,Europe and Central Asia,1975,1985,3.2076,3.3979,3.5048,3.881,78.0615,7.529000000000001,8.5,5.284654927192685,6.601999999999999,6.4951998456790125,,64.54599999999999,train
KAZ,Kazakhstan,Europe and Central Asia,1980,1990,2.7448,3.0915,3.3979,3.5048,69.8236,8.511,9.934,6.5265762659210935,7.915,7.4182686721991695,,65.168,train
KAZ,Kazakhstan,Europe and Central Asia,1985,1995,2.2535,3.2076,3.0915,3.3979,59.4871,8.693,10.46,7.673640524699973,8.161,8.278783750763592,,65.27799999999999,train
KAZ,Kazakhstan,Europe and Central Asia,1990,2000,1.8981,2.7448,3.2076,3.0915,52.5908,8.462,10.885,8.650723216536425,8.094,8.937331989247312,12110.957704969524,65.675,train
KAZ,Kazakhstan,Europe and Central Asia,1995,2005,2.2743,2.2535,2.7448,3.2076,51.3611,9.65,11.136,9.940129732592004,9.51,10.043792394366198,6521.6391198939,67.631,train
KAZ,Kazakhstan,Europe and Central Asia,2000,2010,2.61,1.8981,2.2535,2.7448,42.1371,10.773,11.541,11.039073384738103,10.598,11.124228996499417,6794.362822720176,69.212,gap
KAZ,Kazakhstan,Europe and Central Asia,2005,2015,2.755,2.2743,1.8981,2.2535,30.7095,10.857,11.949,11.81840368906456,10.626,11.692115980134384,11176.018923044352,71.39699999999999,test
KAZ,Kazakhstan,Europe and Central Asia,2010,2020,3.13,2.61,2.2743,1.8981,20.1868,10.643,11.91,11.616332092330602,10.352,11.412492553778268,20093.614640137548,73.381,test
KGZ,Kyrgyzstan,Europe and Central Asia,1955,1965,5.3749,4.8408,4.626,,162.3779,5.093,4.445,3.7003125,6.086000000000001,4.83921270718232,,60.512,train
KGZ,Kyrgyzstan,Europe and Central Asia,1960,1970,5.2032,5.3087,4.8408,4.626,148.8802,5.625,4.95,3.9827845528455286,6.257,5.220582914572865,,62.851,train
KGZ,Kyrgyzstan,Europe and Central Asia,1965,1975,4.764,5.3749,5.3087,4.8408,135.7712,6.234,5.884,4.543911347517731,6.133,5.899049676025919,,66.005,train
KGZ,Kyrgyzstan,Europe and Central Asia,1970,1980,4.2252,5.2032,5.3749,5.3087,123.8255,7.0809999999999995,7.026,5.053584327086882,6.421,6.474718875502008,,68.682,train
KGZ,Kyrgyzstan,Europe and Central Asia,1975,1985,4.2026,4.764,5.2032,5.3749,112.3072,8.394,8.981,5.923526143790849,6.612,7.243317580340265,,70.557,train
KGZ,Kyrgyzstan,Europe and Central Asia,1980,1990,3.7978,4.2252,4.764,5.2032,98.7011,8.83,10.062,6.992883551673945,8.357,8.079514469453377,,71.019,train
KGZ,Kyrgyzstan,Europe and Central Asia,1985,1995,3.2912,4.2026,4.2252,4.764,79.4453,9.005,10.454,8.020746532156368,8.544,8.81722192151556,,71.196,train
KGZ,Kyrgyzstan,Europe and Central Asia,1990,2000,2.5764,3.7978,4.2026,4.2252,65.9856,8.85,10.727,8.933667418263811,8.725,9.39769322235434,8235.871634230034,71.803,train
KGZ,Kyrgyzstan,Europe and Central Asia,1995,2005,2.6448,3.2912,3.7978,4.2026,61.1203,8.779,10.727,9.667524608501118,8.543,9.869862470862472,3252.505626182082,73.399,train
KGZ,Kyrgyzstan,Europe and Central Asia,2000,2010,3.0964,2.5764,3.2912,3.7978,49.5226,8.249,10.689,10.150299703264094,7.956,10.160946280991734,2224.044571700193,74.014,gap
KGZ,Kyrgyzstan,Europe and Central Asia,2005,2015,3.2083,2.6448,2.5764,3.2912,39.1127,9.371,10.902,10.807278175313058,9.149,10.707844070961718,2280.386529174754,74.38,test
KGZ,Kyrgyzstan,Europe and Central Asia,2010,2020,3.05,3.0964,2.6448,2.5764,29.707,10.08,11.545,11.430221789883268,9.893,11.344172667757775,3059.7756336664215,74.602,test
LAO,Lao People's Democratic Republic,East Asia and the Pacific,1955,1965,6.3161,6.2577,6.2483,,293.8122,1.5780000000000003,0.288,0.2034707602339181,3.41,1.4955333333333332,,12.575000000000003,train
LAO,Lao People's Democratic Republic,East Asia and the Pacific,1960,1970,6.3102,6.2918,6.2577,6.2483,276.5538,1.799,0.4,0.2580154639175258,3.702,1.7326924999999997,,13.781000000000006,train
LAO,Lao People's Democratic Republic,East Asia and the Pacific,1965,1975,6.2873,6.3161,6.2918,6.2577,258.8147,2.001,0.584,0.3589861751152073,3.884,2.0685357142857144,,15.069000000000003,train
LAO,Lao People's Democratic Republic,East Asia and the Pacific,1970,1980,6.3317,6.3102,6.3161,6.2918,241.9041,2.412,0.845,0.4979668737060041,4.389,2.4172914979757087,728.9019240228397,16.489000000000004,train
LAO,Lao People's Democratic Republic,East Asia and the Pacific,1975,1985,6.3278,6.2873,6.3102,6.3161,226.1783,2.802,1.287,0.7406361940298507,4.843,2.884551282051282,838.0002903775245,18.067999999999998,train
LAO,Lao People's Democratic Republic,East Asia and the Pacific,1980,1990,6.0574,6.3317,6.2873,6.3102,204.2624,3.302,1.9,1.0811954225352114,5.166,3.4426135181975734,860.7164492317175,18.671999999999997,train
LAO,Lao People's Democratic Republic,East Asia and the Pacific,1985,1995,5.3554,6.3278,6.3317,6.2873,178.3909,3.901,2.623,1.544058158319871,5.479,4.088294915254237,1116.7547310317423,20.25,train
LAO,Lao People's Democratic Republic,East Asia and the Pacific,1990,2000,4.4286,6.0574,6.3278,6.3317,153.6191,3.9880000000000004,3.471,2.13411797752809,5.176,4.638379821958457,1265.1233089004697,21.560000000000002,train
LAO,Lao People's Democratic Republic,East Asia and the Pacific,1995,2005,3.6848,5.3554,6.0574,6.3278,128.8765,4.0,4.164,2.742811414392059,4.947,5.089770145310436,1498.4019323264931,23.076999999999998,train
LAO,Lao People's Democratic Republic,East Asia and the Pacific,2000,2010,3.1374,4.4286,5.3554,6.0574,106.7405,4.537,4.47,3.2810484391819155,5.502,5.4175175141242935,1784.3657107603735,24.424999999999997,gap
LAO,Lao People's Democratic Republic,East Asia and the Pacific,2005,2015,2.7959,3.6848,4.4286,5.3554,86.1193,5.27,4.758,3.9275278039585295,6.175,5.894737047898338,2497.855489208711,26.415000000000006,test
LAO,Lao People's Democratic Republic,East Asia and the Pacific,2010,2020,2.5354,3.1374,3.6848,4.4286,67.7471,6.157,5.616,4.756990251827782,7.003,6.44761801501251,4062.4477430184675,27.22,test
MDV,Maldives,South Asia,1955,1965,7.0698,6.3286,6.1832,,368.8643,3.0190000000000006,3.525,2.921176470588235,3.685,3.6634285714285717,,13.875,train
MDV,Maldives,South Asia,1960,1970,7.3914,6.7133,6.3286,6.1832,344.3643,3.162,3.583,3.1881666666666666,3.775,4.006333333333334,,15.165000000000006,train
MDV,Maldives,South Asia,1965,1975,7.3209,7.0698,6.7133,6.3286,304.8853,3.677,3.656,3.378111111111111,4.18,4.159,,16.717,train
MDV,Maldives,South Asia,1970,1980,7.226,7.3914,7.0698,6.7133,256.6613,3.746,4.058,3.6673999999999998,4.244,4.524565217391304,1700.4720253263545,19.042,train
MDV,Maldives,South Asia,1975,1985,6.9395,7.3209,7.3914,7.0698,200.8653,4.185,4.36,3.802857142857143,4.697,4.748880000000001,1602.3766495764712,21.269000000000005,train
MDV,Maldives,South Asia,1980,1990,6.1298,7.226,7.3209,7.3914,150.8517,4.441999999999999,4.603,4.07916,4.908,5.01375,2830.7575761090875,29.593999999999994,train
MDV,Maldives,South Asia,1985,1995,4.2924,6.9395,7.226,7.3209,113.9717,5.009,4.759,4.302689655172414,5.215,5.179531249999999,3618.229639137906,32.983999999999995,train
MDV,Maldives,South Asia,1990,2000,2.6906,6.1298,6.9395,7.226,85.8378,5.066,4.224,3.741757575757576,5.259,4.489771428571428,5026.905553254309,40.264,train
MDV,Maldives,South Asia,1995,2005,2.1989,4.2924,6.1298,6.9395,61.7028,5.207,4.21,3.3433157894736842,5.477,4.03653488372093,5949.981846640765,41.253,train
MDV,Maldives,South Asia,2000,2010,2.3493,2.6906,4.2924,6.1298,38.6698,6.556,4.223,2.9570227272727267,6.636000000000001,3.62104081632653,8366.181521577195,42.451,gap
MDV,Maldives,South Asia,2005,2015,2.0042,2.1989,2.6906,4.2924,21.9231,8.305,5.162,3.1514339622641505,7.852,3.933322033898305,10065.649970774746,44.833,test
MDV,Maldives,South Asia,2010,2020,1.6133,2.3493,2.1989,2.6906,13.9931,9.307,7.694,4.550597014925373,9.077,5.139971830985916,13569.794054131555,47.761,test
MNG,Mongolia,East Asia and the Pacific,1955,1965,7.3765,6.0569,5.5029,,282.9739,3.411,1.741,0.9145032258064517,4.138,1.4183561643835618,,37.953,train
MNG,Mongolia,East Asia and the Pacific,1960,1970,7.3144,6.8175,6.0569,5.5029,241.495,4.3,2.094,1.2188538011695904,5.258,1.8663963414634146,,40.562,train
MNG,Mongolia,East Asia and the Pacific,1965,1975,7.066,7.3765,6.8175,6.0569,196.9631,5.088,2.877,1.7793541666666666,5.974,2.6969565217391303,,43.578,train
MNG,Mongolia,East Asia and the Pacific,1970,1980,6.2105,7.3144,7.3765,6.8175,169.5181,6.378,4.229,2.5221187214611875,6.957,3.652342857142857,1364.8362510507693,46.456,train
MNG,Mongolia,East Asia and the Pacific,1975,1985,5.2618,7.066,7.3144,7.3765,156.9642,6.974,6.285,4.331243027888447,7.266,5.857135802469136,1537.981113768551,49.462,train
MNG,Mongolia,East Asia and the Pacific,1980,1990,4.2061,6.2105,7.066,7.3144,149.7735,7.421000000000001,7.656999999999999,5.40216955017301,7.268,6.781573943661972,1927.3655806502136,51.6,train
MNG,Mongolia,East Asia and the Pacific,1985,1995,2.7355,5.2618,6.2105,7.066,132.2658,7.82,8.379,6.435931547619047,7.454,7.570833333333334,2398.2478481530593,53.481,train
MNG,Mongolia,East Asia and the Pacific,1990,2000,2.2546,4.2061,5.2618,6.2105,107.4015,8.211,8.864,7.485133333333334,7.821,8.123205405405406,3754.440381705427,54.858,train
MNG,Mongolia,East Asia and the Pacific,1995,2005,1.9905,2.7355,4.2061,5.2618,84.8521,8.325,9.204,8.060780320366133,7.615,8.326822170900693,2850.808879083951,56.908,train
MNG,Mongolia,East Asia and the Pacific,2000,2010,2.5206,2.2546,2.7355,4.2061,61.95,7.860999999999999,9.547,8.648819639278559,6.794,8.569836693548387,2991.2588674826416,58.902,gap
MNG,Mongolia,East Asia and the Pacific,2005,2015,3.0097,1.9905,2.2546,2.7355,40.7995,8.882,9.692,9.201787931034483,8.017,8.750340314136125,5409.279207488529,61.654,test
MNG,Mongolia,East Asia and the Pacific,2010,2020,2.9488,2.5206,1.9905,2.2546,26.8443,9.446,10.356,9.940098950524739,8.635,9.128179487179487,8073.313913013586,64.755,test
QAT,Qatar,Middle East and North Africa,1955,1965,6.527,6.5384,6.5442,,153.6758,3.696,1.222,0.7775967741935484,4.433,1.9732820512820515,,57.733,train
QAT,Qatar,Middle East and North Africa,1960,1970,6.2285,6.5309,6.5384,6.5442,123.4729,3.62,2.05,1.237986842105263,4.924,2.557086538461538,,58.91,train
QAT,Qatar,Middle East and North Africa,1965,1975,5.8607,6.527,6.5309,6.5384,92.7108,4.649,2.468,1.5184950495049505,5.122,3.08905527638191,,62.386,train
QAT,Qatar,Middle East and North Africa,1970,1980,5.329,6.2285,6.527,6.5309,66.6267,4.841,3.3639999999999994,2.3828099173553716,5.195,3.7330919220055714,93924.02883421298,65.664,train
QAT,Qatar,Middle East and North Africa,1975,1985,4.6419,5.8607,6.2285,6.527,48.2254,6.155,4.263,2.8542777777777775,5.355,4.162103448275862,96239.38451839398,69.064,train
QAT,Qatar,Middle East and North Africa,1980,1990,4.2298,5.329,5.8607,6.2285,36.2341,6.467,5.598,4.15483870967742,5.067,4.626759493670886,78388.04899064088,73.507,train
QAT,Qatar,Middle East and North Africa,1985,1995,3.5567,4.6419,5.329,5.8607,28.1107,7.200999999999999,6.773,5.1779166666666665,5.213,5.005858064516129,33480.40882235973,77.437,train
QAT,Qatar,Middle East and North Africa,1990,2000,3.0729,4.2298,4.6419,5.329,20.7813,7.663999999999999,7.33,5.848338461538462,5.772,5.321507177033492,28000.258728227003,79.95,train
QAT,Qatar,Middle East and North Africa,1995,2005,2.6347,3.5567,4.2298,4.6419,15.4373,7.958,7.924999999999999,6.6577590361445775,6.415,5.784107623318386,25202.01397808808,83.063,train
QAT,Qatar,Middle East and North Africa,2000,2010,2.1373,3.0729,3.5567,4.2298,12.502,8.511,8.257,7.201910000000001,6.523000000000001,6.280961685823755,53448.08047649831,86.263,gap
QAT,Qatar,Middle East and North Africa,2005,2015,1.9763,2.6347,3.0729,3.5567,10.4909,9.208,8.828,7.8813984962406005,7.382000000000001,6.962763157894736,106148.02953146234,88.263,test
QAT,Qatar,Middle East and North Africa,2010,2020,1.6753,2.1373,2.6347,3.0729,9.1211,9.682,10.066,9.628019607843138,7.868,8.148489156626507,129818.82367707846,92.901,test
TJK,Tajikistan,Europe and Central Asia,1955,1965,6.7425,5.7848,5.6093,,212.7638,6.222,4.233,3.1566214099216707,6.925,4.63137125748503,,47.319,train
TJK,Tajikistan,Europe and Central Asia,1960,1970,6.9109,6.2355,5.7848,5.6093,197.6696,7.427999999999999,5.202,3.603217592592593,8.819,5.365425925925925,,50.739,train
TJK,Tajikistan,Europe and Central Asia,1965,1975,6.6917,6.7425,6.2355,5.7848,182.2093,7.547,6.394,4.445804081632653,8.848,6.617297482837529,,54.437,train
TJK,Tajikistan,Europe and Central Asia,1970,1980,6.2116,6.9109,6.7425,6.2355,164.5721,9.155,7.44,5.046407407407408,9.719,7.419529535864979,,58.099,train
TJK,Tajikistan,Europe and Central Asia,1975,1985,5.9442,6.6917,6.9109,6.7425,143.3403,9.42,9.219,6.0978734402852055,10.13,8.470749027237355,,61.487,train
TJK,Tajikistan,Europe and Central Asia,1980,1990,5.4557,6.2116,6.6917,6.9109,131.0699,10.169999999999998,10.627,7.348457413249212,10.526,9.455669394435352,,64.53999999999999,train
TJK,Tajikistan,Europe and Central Asia,1985,1995,4.6638,5.9442,6.2116,6.6917,119.3922,10.501,11.166,8.634157407407407,10.896999999999998,10.332741847826087,,69.418,train
TJK,Tajikistan,Europe and Central Asia,1990,2000,3.49,5.4557,5.9442,6.2116,107.341,10.625,11.554,9.714953488372092,10.703,11.033975418994412,6920.613476363855,73.041,train
TJK,Tajikistan,Europe and Central Asia,1995,2005,3.3979,4.6638,5.4557,5.9442,108.6978,10.197,11.684,10.66039282051282,10.377,11.6803316008316,2191.320086058777,75.595,train
TJK,Tajikistan,Europe and Central Asia,2000,2010,3.4569,3.49,4.6638,5.4557,83.2887,9.775,11.325,11.115116541353384,9.899,11.889042857142858,1310.9176810160511,76.908,gap
TJK,Tajikistan,Europe and Central Asia,2005,2015,3.4589,3.3979,3.49,4.6638,57.0263,10.129,10.778,11.153180172413794,8.362,11.743399817017384,1920.6915398830017,79.088,test
TJK,Tajikistan,Europe and Central Asia,2010,2020,3.2114,3.4569,3.3979,3.49,43.9691,10.209,10.662,11.11923438648053,8.574,11.071073658927142,2477.374743669589,80.799,test
VNM,Viet Nam,East Asia and the Pacific,1955,1965,6.1559,5.5355,5.1468,,129.2291,3.4269999999999996,1.382,1.251220261636751,4.375,2.855104945904173,,60.437,train
VNM,Viet Nam,East Asia and the Pacific,1960,1970,6.0192,6.2731,5.5355,5.1468,104.8181,4.867,1.395,1.3082394928052428,6.172,2.964019409038239,,63.495,train
VNM,Viet Nam,East Asia and the Pacific,1965,1975,5.6215,6.1559,6.2731,5.5355,100.7617,5.025,2.665,1.7755747267759563,6.302,3.61131570155902,,66.311,train
VNM,Viet Nam,East Asia and the Pacific,1970,1980,4.7948,6.0192,6.1559,6.2731,106.6711,5.893,4.022,2.1794476228314132,6.656,4.148297768762678,849.2975865015645,68.57900000000001,train
VNM,Viet Nam,East Asia and the Pacific,1975,1985,4.2059,5.6215,6.0192,6.1559,81.5819,6.026,4.914,2.8395899397892626,6.865,4.758841678465697,834.4118693790117,70.794,train
VNM,Viet Nam,East Asia and the Pacific,1980,1990,3.6019,4.7948,5.6215,6.0192,69.6635,6.494999999999999,5.667999999999999,3.582354779831166,7.281,5.407381888381888,988.58104247689,73.792,train
VNM,Viet Nam,East Asia and the Pacific,1985,1995,2.7001,4.2059,4.7948,5.6215,61.977,5.112,5.327,3.935323046683047,5.381999999999999,5.325529209968722,1235.851896278619,77.123,train
VNM,Viet Nam,East Asia and the Pacific,1990,2000,2.0277,3.6019,4.2059,4.7948,51.383,4.474,4.563,3.7779317878585723,4.482,4.623,1365.9242128879876,79.848,train
VNM,Viet Nam,East Asia and the Pacific,1995,2005,1.8871,2.7001,3.6019,4.2059,39.2947,5.352,5.081,4.447128360119471,5.363,5.235740213263219,1761.1627783868532,82.256,train
VNM,Viet Nam,East Asia and the Pacific,2000,2010,1.9056,2.0277,2.7001,3.6019,30.3927,6.153,5.964,5.2782158811978395,6.257,6.01935121521219,2242.7367240329086,83.737,gap
VNM,Viet Nam,East Asia and the Pacific,2005,2015,2.1,1.8871,2.0277,2.7001,25.4246,6.269,7.324,6.2696936526438485,6.49,7.010420479184735,3128.4778733195644,84.536,test
VNM,Viet Nam,East Asia and the Pacific,2010,2020,1.9572,1.9056,1.8871,2.0277,23.2717,6.21,8.367,7.297899456771937,6.447,7.974180972952667,4447.860896046889,85.56700000000001,test
HRV,Croatia,Europe and Central Asia,1955,1965,2.2239,2.5878,2.9326,,103.5062,5.963,5.668,5.18710261374637,7.193,6.98835520361991,,48.213,train
HRV,Croatia,Europe and Central Asia,1960,1970,1.8815,2.2394,2.5878,2.9326,76.1447,7.145,6.172000000000001,5.446139963167587,8.063,7.363733050847457,,49.234,train
HRV,Croatia,Europe and Central Asia,1965,1975,1.9513,2.2239,2.2394,2.5878,52.0011,7.101,7.109,5.8957800904977375,7.783,7.730752566735113,,50.308,train
HRV,Croatia,Europe and Central Asia,1970,1980,1.9313,1.8815,2.2239,2.2394,37.0782,8.172,8.095,6.199469945355191,8.507,8.197850850850852,,51.211,train
HRV,Croatia,Europe and Central Asia,1975,1985,1.8282,1.9513,1.8815,2.2239,26.2157,8.494,9.06,6.912146797153024,8.783,8.794049665711558,,51.867,train
HRV,Croatia,Europe and Central Asia,1980,1990,1.6283,1.9313,1.9513,1.8815,22.1078,9.046,9.802,7.496704370179949,9.056,9.289092057761733,,52.993,train
HRV,Croatia,Europe and Central Asia,1985,1995,1.5793,1.8282,1.9313,1.9513,17.9049,9.198,10.161,8.09211307137129,9.245,9.674289429530202,,53.643,train
HRV,Croatia,Europe and Central Asia,1990,2000,1.4227,1.6283,1.8282,1.9313,12.2762,7.682,10.536,8.7297216,7.6240000000000006,10.029159836065574,13493.230396897312,54.406,train
HRV,Croatia,Europe and Central Asia,1995,2005,1.5057,1.5793,1.6283,1.8282,10.7295,7.863000000000001,10.581,8.966326356589146,7.771000000000001,10.123533173461231,10188.83199300116,54.056,train
HRV,Croatia,Europe and Central Asia,2000,2010,1.5513,1.4227,1.5793,1.6283,8.4174,8.898,10.952,10.086807660961696,8.752,10.800325776658271,13183.89445470097,53.851,gap
HRV,Croatia,Europe and Central Asia,2005,2015,1.4032,1.5057,1.4227,1.5793,6.7361,11.044,11.668,11.140734726688104,10.801,11.456412972085387,18028.632429606918,54.447,test
HRV,Croatia,Europe and Central Asia,2010,2020,1.4843,1.5513,1.5057,1.4227,5.5388,10.591,12.738,12.145637998436278,10.503,12.166277777777777,22122.15114546234,55.138,test
EST,Estonia,Europe and Central Asia,1955,1965,1.8988,2.1087,2.2735,,41.052,6.642,7.202000000000001,6.481443452380952,6.015,6.934333333333333,,67.39500000000001,train
EST,Estonia,Europe and Central Asia,1960,1970,2.1707,1.984,2.1087,2.2735,37.3163,7.653,7.867,6.73918306010929,7.013,7.17065637065637,,68.30199999999999,train
EST,Estonia,Europe and Central Asia,1965,1975,2.044,1.8988,1.984,2.1087,25.0317,7.813,8.678,7.201404699738903,7.032,7.601198606271777,,69.518,train
EST,Estonia,Europe and Central Asia,1970,1980,2.0247,2.1707,1.8988,1.984,22.4698,8.562,9.519,7.609450777202072,7.832,7.9166984126984135,,70.549,train
EST,Estonia,Europe and Central Asia,1975,1985,2.1267,2.044,2.1707,1.8988,21.908,8.99,10.295,8.228936224489797,8.138,8.40090990990991,,71.342,train
EST,Estonia,Europe and Central Asia,1980,1990,2.0418,2.0247,2.044,2.1707,22.4427,9.581,11.033,8.8781925,9.071,8.814751428571428,,71.812,train
EST,Estonia,Europe and Central Asia,1985,1995,1.3722,2.1267,2.0247,2.044,18.1921,9.491,11.492,9.5528672985782,8.92,9.30311111111111,,70.935,train
EST,Estonia,Europe and Central Asia,1990,2000,1.3473,2.0418,2.1267,2.0247,16.0253,9.227,11.929,10.17808409090909,8.766,9.74175,11346.441809306652,68.971,train
EST,Estonia,Europe and Central Asia,1995,2005,1.5147,1.3722,2.0418,2.1267,18.8737,10.323,12.379000000000001,11.385408060453399,9.75,10.851258426966291,10424.652583452895,67.50399999999999,train
EST,Estonia,Europe and Central Asia,2000,2010,1.7158,1.3473,1.3722,2.0418,11.0697,10.3,12.975,12.68742782152231,9.7,12.019035820895523,13031.789873684167,65.423,gap
EST,Estonia,Europe and Central Asia,2005,2015,1.5805,1.5147,1.3473,1.3722,7.3378,10.671,12.684,12.829618918918918,10.225,12.123755351681957,19819.48853979794,64.018,test
EST,Estonia,Europe and Central Asia,2010,2020,1.5876,1.7158,1.5147,1.3473,4.7994,10.647,13.151000000000002,13.151353723404254,10.386,12.349494082840236,24817.99076233709,63.337,test
LVA,Latvia,Europe and Central Asia,1955,1965,1.7289,1.8815,2.0752,,53.537,4.482,4.924,3.9727773913043483,4.375,4.694365239294711,,52.262,train
LVA,Latvia,Europe and Central Asia,1960,1970,1.9645,1.9414,1.8815,2.0752,32.3388,5.765,5.743000000000001,4.312133437990581,5.133,5.001344370860927,,54.288,train
LVA,Latvia,Europe and Central Asia,1965,1975,1.9477,1.7289,1.9414,1.8815,23.5637,5.909,6.62,4.835343419062028,5.364,5.45536750483559,,56.128,train
LVA,Latvia,Europe and Central Asia,1970,1980,1.8757,1.9645,1.7289,1.9414,22.5833,6.81,7.446,5.3541695906432745,6.186,5.875362162162162,,57.629,train
LVA,Latvia,Europe and Central Asia,1975,1985,2.0614,1.9477,1.9645,1.7289,24.4547,6.877,8.178,6.004988355167395,6.374,6.427497373029771,,58.968,train
LVA,Latvia,Europe and Central Asia,1980,1990,1.9874,1.8757,1.9477,1.9645,20.6966,8.99,8.997,6.701314655172413,8.583,6.928393887945671,,60.37,train
LVA,Latvia,Europe and Central Asia,1985,1995,1.2522,2.0614,1.8757,1.9477,16.7481,10.051,10.14,7.72187619047619,9.763,7.7356191999999995,,60.82,train
LVA,Latvia,Europe and Central Asia,1990,2000,1.2445,1.9874,2.0614,1.8757,16.344,10.243,10.955,8.621591029023747,10.066,8.425372606774669,16872.983452145087,61.586,train
LVA,Latvia,Europe and Central Asia,1995,2005,1.3894,1.2522,1.9874,2.0614,21.6414,9.829,11.814,9.968597101449276,9.498,9.75952131147541,8961.083691618032,59.453,train
LVA,Latvia,Europe and Central Asia,2000,2010,1.3671,1.2445,1.2522,1.9874,12.8688,9.36,12.482,11.162618975903614,8.942,10.978471794871794,11103.811080372408,59.5,gap
LVA,Latvia,Europe and Central Asia,2005,2015,1.7065,1.3894,1.2445,1.2522,9.7496,10.795,11.571,11.420657853810265,9.992,11.051418402777777,16144.028103661958,59.27,test
LVA,Latvia,Europe and Central Asia,2010,2020,1.5462,1.3671,1.3894,1.2445,6.8471,10.445,12.108,12.008399061032865,9.839,11.384597602739726,19811.6077311112,58.318,test
LTU,Lithuania,Europe and Central Asia,1955,1965,2.2336,2.5671,2.7133,,62.7502,5.705,4.627,3.2535720588235297,6.312,4.194138576779026,,47.077,train
LTU,Lithuania,Europe and Central Asia,1960,1970,2.3961,2.6224,2.5671,2.7133,44.332,7.04,5.827,3.6927366310160425,7.351,4.745785714285714,,49.452,train
LTU,Lithuania,Europe and Central Asia,1965,1975,2.1747,2.2336,2.6224,2.5671,29.64,7.455,7.008,4.576403022670025,7.714,5.508409302325582,,51.805,train
LTU,Lithuania,Europe and Central Asia,1970,1980,1.9987,2.3961,2.2336,2.6224,23.671,8.465,8.397,5.340043373493976,8.485,6.226679653679653,,53.737,train
LTU,Lithuania,Europe and Central Asia,1975,1985,2.0972,2.1747,2.3961,2.2336,23.7533,8.749,9.517,6.3610093567251464,8.792,7.126128671328672,,55.455,train
LTU,Lithuania,Europe and Central Asia,1980,1990,2.0308,1.9987,2.1747,2.3961,18.6567,9.785,10.607,7.327402480270575,9.711,7.923051047120419,,57.381,train
LTU,Lithuania,Europe and Central Asia,1985,1995,1.5515,2.0972,1.9987,2.1747,18.5432,10.778,10.886,8.190979079497907,10.605,8.657709134615384,,58.202,train
LTU,Lithuania,Europe and Central Asia,1990,2000,1.3831,2.0308,2.0972,1.9987,13.615,11.182,11.292,9.212736789631107,11.047,9.462891352549889,14508.436067299148,58.741,train
LTU,Lithuania,Europe and Central Asia,1995,2005,1.2912,1.5515,2.0308,2.0972,15.483,9.958,11.89,10.099985757884028,9.631,10.170713963963964,9131.539514359409,58.718,train
LTU,Lithuania,Europe and Central Asia,2000,2010,1.4992,1.3831,1.5515,2.0308,11.1094,8.316,12.304,10.92942022940563,8.062,10.786876157407407,12092.726493136892,59.833,gap
LTU,Lithuania,Europe and Central Asia,2005,2015,1.7052,1.2912,1.3831,1.5515,8.8771,8.688,12.328,11.73273162939297,8.504,11.395692216981132,17646.05840127047,59.048,test
LTU,Lithuania,Europe and Central Asia,2010,2020,1.4871,1.4992,1.2912,1.3831,6.0472,10.179,11.720000000000002,12.034542948038176,9.928,11.566391203703704,22544.616704376956,58.192,test
SRB,Serbia,Europe and Central Asia,1955,1965,2.0569,2.4513,2.9277,,108.2569,4.098,4.083,3.466170341786108,7.274000000000001,6.070439619274241,,56.214,train
SRB,Serbia,Europe and Central Asia,1960,1970,1.9728,2.1554,2.4513,2.9277,80.141,5.622,4.223,3.6524773519163762,7.477,5.813075371549894,,57.71,train
SRB,Serbia,Europe and Central Asia,1965,1975,1.9233,2.0569,2.1554,2.4513,54.7011,5.864,5.121,4.107837837837838,7.537,6.04856495468278,,59.014,train
SRB,Serbia,Europe and Central Asia,1970,1980,1.8626,1.9728,2.0569,2.1554,41.5065,7.470999999999999,6.118,4.474826208178439,8.247,6.450912530712531,,60.131,train
SRB,Serbia,Europe and Central Asia,1975,1985,1.8,1.9233,1.9728,2.0569,30.8325,8.566,7.361999999999999,5.236502415458937,8.769,7.16739142461964,,61.016,train
SRB,Serbia,Europe and Central Asia,1980,1990,1.649,1.8626,1.9233,1.9728,25.1511,8.618,8.966,6.170507340946166,8.863,7.938666525960321,,62.022,train
SRB,Serbia,Europe and Central Asia,1985,1995,1.4683,1.8,1.8626,1.9233,23.1044,8.79,9.658,6.891860836501902,8.938,8.479491022638562,,62.474,train
SRB,Serbia,Europe and Central Asia,1990,2000,1.3525,1.649,1.8,1.8626,17.221,7.234,10.208,7.7725538977993285,7.241,9.078189270872686,11918.436455069123,62.653,train
SRB,Serbia,Europe and Central Asia,1995,2005,1.3358,1.4683,1.649,1.8,15.544,7.609000000000001,10.733,8.801959385290889,7.179,9.83860411311054,5499.488616088976,63.101,train
SRB,Serbia,Europe and Central Asia,2000,2010,1.3993,1.3525,1.4683,1.649,13.1326,7.339,10.699,9.839214495952906,7.28,10.515729472140762,7982.877625976772,63.399,gap
SRB,Serbia,Europe and Central Asia,2005,2015,1.4601,1.3358,1.3525,1.4683,8.9191,9.434,10.909,10.774894640904119,9.351,11.12072808908046,10073.029540024694,63.733,test
SRB,Serbia,Europe and Central Asia,2010,2020,1.4847,1.3993,1.3358,1.3525,7.6623,10.254,12.252,11.825318085855033,10.178,11.880133494308382,14226.708266039775,64.237,test
SVN,Slovenia,Europe and Central Asia,1955,1965,2.4446,2.5886,2.9921,,61.738,6.001,6.385,5.5026850000000005,7.305,7.43085798816568,,39.905,train
SVN,Slovenia,Europe and Central Asia,1960,1970,2.1135,2.1863,2.5886,2.9921,38.1978,7.058,6.453,5.511680288461538,7.792,7.460259668508288,,41.094,train
SVN,Slovenia,Europe and Central Asia,1965,1975,2.172,2.4446,2.1863,2.5886,32.8334,7.329,7.235,6.474599056603774,8.739,8.039933333333334,,42.144,train
SVN,Slovenia,Europe and Central Asia,1970,1980,2.1045,2.1135,2.4446,2.1863,28.9046,8.771,8.074,7.093056603773586,9.148,8.594987113402063,,43.084,train
SVN,Slovenia,Europe and Central Asia,1975,1985,1.7192,2.172,2.1135,2.4446,21.1213,9.271,9.306,7.9770814479638,9.643,9.442949275362318,,44.096,train
SVN,Slovenia,Europe and Central Asia,1980,1990,1.4621,2.1045,2.172,2.1135,16.6508,9.344,10.178,8.722053191489362,9.712,10.097512471655328,,45.961,train
SVN,Slovenia,Europe and Central Asia,1985,1995,1.2877,1.7192,2.1045,2.172,14.8656,10.513,10.823,9.794314229249013,10.665,10.682702702702702,,46.718,train
SVN,Slovenia,Europe and Central Asia,1990,2000,1.2533,1.4621,1.7192,2.1045,9.7351,10.087,11.794,10.942923076923076,9.92,11.319166007905137,21289.17493290238,48.156,train
SVN,Slovenia,Europe and Central Asia,1995,2005,1.2629,1.2877,1.4621,1.7192,6.8628,10.478,12.067,11.366887218045111,9.871,11.606181988742964,21383.530343432954,48.23,train
SVN,Slovenia,Europe and Central Asia,2000,2010,1.5795,1.2533,1.2877,1.4621,5.2784,10.261,12.44,11.900852398523986,10.111,11.94275499092559,24453.446466473848,48.525,gap
SVN,Slovenia,Europe and Central Asia,2005,2015,1.5757,1.2629,1.2533,1.2877,4.6778,11.151,12.503,12.140089928057554,10.221,12.03012259194396,28820.915718409648,48.509,test
SVN,Slovenia,Europe and Central Asia,2010,2020,1.5941,1.5795,1.2629,1.2533,3.3815,10.59,13.312,12.553156140350877,9.959,12.260874149659864,31328.752535068863,49.449,test
MAC,"China, Macao Special Administrative Region",East Asia and the Pacific,1955,1965,3.6186,5.2643,5.5541,,81.0922,3.545,3.104,2.740707317073171,4.242,3.8088500000000005,,99.356,train
MAC,"China, Macao Special Administrative Region",East Asia and the Pacific,1960,1970,2.0828,4.9574,5.2643,5.5541,65.3178,3.9679999999999995,3.339,2.8737837837837836,4.569,3.946393939393939,,99.302,train
MAC,"China, Macao Special Administrative Region",East Asia and the Pacific,1965,1975,1.5541,3.6186,4.9574,5.2643,51.6829,4.082,3.635,3.0785128205128203,4.546,4.138805555555555,,99.457,train
MAC,"China, Macao Special Administrative Region",East Asia and the Pacific,1970,1980,1.7313,2.0828,3.6186,4.9574,39.9603,4.498,3.989,3.301047619047619,4.935,4.245878048780488,7159.587898193346,99.406,train
MAC,"China, Macao Special Administrative Region",East Asia and the Pacific,1975,1985,2.2354,1.5541,2.0828,3.6186,30.0783,4.813,4.525,3.767934782608696,5.272,4.857872340425532,10693.060903214342,99.361,train
MAC,"China, Macao Special Administrative Region",East Asia and the Pacific,1980,1990,1.7092,1.7313,1.5541,2.0828,22.7908,4.99,4.822,4.250461538461538,5.488,5.278783333333333,15879.322765057485,99.299,train
MAC,"China, Macao Special Administrative Region",East Asia and the Pacific,1985,1995,1.3674,2.2354,1.7313,1.5541,17.4681,6.115,4.803,4.547056338028169,6.172,5.683974025974026,19187.777485489572,99.398,train
MAC,"China, Macao Special Administrative Region",East Asia and the Pacific,1990,2000,0.9328,1.7092,2.2354,1.7313,13.3589,6.469,5.496,4.986731958762887,6.3069999999999995,6.0128979591836735,26549.065903062175,99.909,train
MAC,"China, Macao Special Administrative Region",East Asia and the Pacific,1995,2005,0.862,1.3674,1.7092,2.2354,10.1107,7.608,6.823,5.747530973451328,7.188,6.447736363636364,35166.21794774106,99.801,train
MAC,"China, Macao Special Administrative Region",East Asia and the Pacific,2000,2010,1.0505,0.9328,1.3674,1.7092,7.6399,7.634,8.104,6.761503875968992,7.164,7.218233333333334,30855.240300550282,99.799,gap
MAC,"China, Macao Special Administrative Region",East Asia and the Pacific,2005,2015,1.142,0.862,0.9328,1.3674,5.8996,9.34,9.333,7.362916083916083,8.752,7.6263070866141724,48267.09777382792,99.898,test
MAC,"China, Macao Special Administrative Region",East Asia and the Pacific,2010,2020,0.8566,1.0505,0.862,0.9328,4.6434,10.894,10.295,8.055899371069183,10.215,8.23369784172662,94719.92348839412,99.914,test
UKR,Ukraine,Europe and Central Asia,1955,1965,1.9435,2.3119,2.4467,,73.9771,6.859,5.226,4.02714405204461,6.384,5.205983214330453,,68.08,train
UKR,Ukraine,Europe and Central Asia,1960,1970,2.0778,2.2847,2.3119,2.4467,38.1295,7.586,5.775,4.436922582717636,7.408,5.7143994484026654,,70.008,train
UKR,Ukraine,Europe and Central Asia,1965,1975,2.0495,1.9435,2.2847,2.3119,25.5894,8.619,7.169,5.0536698557550785,8.303,6.340530968129886,,71.581,train
UKR,Ukraine,Europe and Central Asia,1970,1980,1.9488,2.0778,1.9435,2.2847,22.9234,9.343,8.211,5.676525607449441,9.257,6.914630582385005,,72.664,train
UKR,Ukraine,Europe and Central Asia,1975,1985,2.0328,2.0495,2.0778,1.9435,24.4375,9.511,9.627,6.531240877497829,9.683,7.665879546919605,,73.481,train
UKR,Ukraine,Europe and Central Asia,1980,1990,1.8447,1.9488,2.0495,2.0778,22.2781,10.301,10.283,7.5880604133545315,10.256,8.502600816255644,,74.078,train
UKR,Ukraine,Europe and Central Asia,1985,1995,1.3987,2.0328,1.9488,2.0495,19.9396,11.048,10.805,8.510569690265486,10.83,9.20734267310789,,74.549,train
UKR,Ukraine,Europe and Central Asia,1990,2000,1.1085,1.8447,2.0328,1.9488,16.8827,11.521,11.561,9.493246679055682,11.104,9.945740881282429,11851.37391146531,74.849,train
UKR,Ukraine,Europe and Central Asia,1995,2005,1.2208,1.3987,1.8447,2.0328,18.5528,10.87,12.631,10.794301955207962,10.392,10.93881480307473,6028.873270425765,74.834,train
UKR,Ukraine,Europe and Central Asia,2000,2010,1.4361,1.1085,1.3987,1.8447,15.8124,9.763,13.414,11.901252140133803,9.48,11.734810967163693,4966.204703749012,74.832,gap
UKR,Ukraine,Europe and Central Asia,2005,2015,1.3868,1.2208,1.1085,1.3987,12.7256,10.136,12.132,12.086643229757314,10.134,11.743563846421127,7796.26146376946,74.508,test
UKR,Ukraine,Europe and Central Asia,2010,2020,1.2081,1.4361,1.2208,1.1085,10.9697,9.937,10.92,12.123892975830815,10.123,11.692780616276009,9311.542670360755,74.327,test
